Date,Ticker,Daily Return,Cumulative Return
2019-01-03,AAPL,-0.099607,-0.099607
2019-01-04,AAPL,0.042689,-0.061171
2019-01-07,AAPL,-0.002226,-0.06326
2019-01-08,AAPL,0.019063,-0.045403
2019-01-09,AAPL,0.016981,-0.029192
2019-01-10,AAPL,0.003196,-0.026089
2019-01-11,AAPL,-0.009818,-0.035651
2019-01-14,AAPL,-0.015037,-0.050152
2019-01-15,AAPL,0.020467,-0.030712
2019-01-16,AAPL,0.012216,-0.01887
2019-01-17,AAPL,0.005938,-0.013044
2019-01-18,AAPL,0.006159,-0.006966
2019-01-22,AAPL,-0.022446,-0.029255
2019-01-23,AAPL,0.004044,-0.02533
2019-01-24,AAPL,-0.007926,-0.033054
2019-01-25,AAPL,0.033137,-0.001013
2019-01-28,AAPL,-0.009254,-0.010258
2019-01-29,AAPL,-0.010365,-0.020517
2019-01-30,AAPL,0.068335,0.046416
2019-01-31,AAPL,0.007202,0.053952
2019-02-01,AAPL,0.000481,0.054458
2019-02-04,AAPL,0.028405,0.08441
2019-02-05,AAPL,0.017109,0.102963
2019-02-06,AAPL,0.000345,0.103344
2019-02-07,AAPL,-0.018939,0.082447
2019-02-08,AAPL,0.001175,0.083719
2019-02-11,AAPL,-0.005751,0.077486
2019-02-12,AAPL,0.008617,0.086771
2019-02-13,AAPL,-0.004155,0.082256
2019-02-14,AAPL,0.003643,0.086199
2019-02-15,AAPL,-0.002225,0.083782
2019-02-19,AAPL,0.002992,0.087025
2019-02-20,AAPL,0.006436,0.094021
2019-02-21,AAPL,-0.005639,0.087852
2019-02-22,AAPL,0.011166,0.099999
2019-02-25,AAPL,0.007285,0.108012
2019-02-26,AAPL,0.000574,0.108648
2019-02-27,AAPL,0.003097,0.112082
2019-02-28,AAPL,-0.009836,0.101144
2019-03-01,AAPL,0.010511,0.112718
2019-03-04,AAPL,0.00503,0.118314
2019-03-05,AAPL,-0.00182,0.116279
2019-03-06,AAPL,-0.005754,0.109856
2019-03-07,AAPL,-0.011575,0.09701
2019-03-08,AAPL,0.002377,0.099617
2019-03-11,AAPL,0.034642,0.137711
2019-03-12,AAPL,0.011236,0.150493
2019-03-13,AAPL,0.004422,0.155581
2019-03-14,AAPL,0.011117,0.168427
2019-03-15,AAPL,0.013008,0.183626
2019-03-18,AAPL,0.010209,0.195709
2019-03-19,AAPL,-0.007925,0.186233
2019-03-20,AAPL,0.008739,0.1966
2019-03-21,AAPL,0.03683,0.240671
2019-03-22,AAPL,-0.020708,0.214979
2019-03-25,AAPL,-0.012091,0.200288
2019-03-26,AAPL,-0.010332,0.187887
2019-03-27,AAPL,0.008994,0.198571
2019-03-28,AAPL,0.001327,0.200161
2019-03-29,AAPL,0.006517,0.207983
2019-04-01,AAPL,0.006791,0.216187
2019-04-02,AAPL,0.014537,0.233866
2019-04-03,AAPL,0.006855,0.242324
2019-04-04,AAPL,0.00174,0.244487
2019-04-05,AAPL,0.006694,0.252817
2019-04-08,AAPL,0.015736,0.272532
2019-04-09,AAPL,-0.002998,0.268716
2019-04-10,AAPL,0.005614,0.275839
2019-04-11,AAPL,-0.008324,0.265218
2019-04-12,AAPL,-0.000402,0.264709
2019-04-15,AAPL,0.00181,0.266999
2019-04-16,AAPL,0.0001,0.267126
2019-04-17,AAPL,0.019473,0.291801
2019-04-18,AAPL,0.003594,0.296443
2019-04-22,AAPL,0.003287,0.300704
2019-04-23,AAPL,0.014423,0.319464
2019-04-24,AAPL,-0.001542,0.317429
2019-04-25,AAPL,-0.009075,0.305474
2019-04-26,AAPL,-0.004774,0.299242
2019-04-29,AAPL,0.001517,0.301213
2019-04-30,AAPL,-0.019256,0.276157
2019-05-01,AAPL,0.049085,0.338797
2019-05-02,AAPL,-0.006508,0.330085
2019-05-03,AAPL,0.012431,0.346619
2019-05-06,AAPL,-0.015443,0.325824
2019-05-07,AAPL,-0.026957,0.290084
2019-05-08,AAPL,0.000197,0.290338
2019-05-09,AAPL,-0.010744,0.276475
2019-05-10,AAPL,-0.013853,0.258791
2019-05-13,AAPL,-0.05812,0.18563
2019-05-14,AAPL,0.01583,0.204399
2019-05-15,AAPL,0.011979,0.218827
2019-05-16,AAPL,-0.0044,0.213465
2019-05-17,AAPL,-0.005682,0.20657
2019-05-20,AAPL,-0.03127,0.168841
2019-05-21,AAPL,0.019171,0.191249
2019-05-22,AAPL,-0.020472,0.166862
2019-05-23,AAPL,-0.017069,0.146944
2019-05-24,AAPL,-0.003841,0.142539
2019-05-28,AAPL,-0.004135,0.137815
2019-05-29,AAPL,-0.004769,0.132388
2019-05-30,AAPL,0.005187,0.138262
2019-05-31,AAPL,-0.018116,0.117641
2019-06-03,AAPL,-0.01011,0.106342
2019-06-04,AAPL,0.036584,0.146816
2019-06-05,AAPL,0.016143,0.16533
2019-06-06,AAPL,0.014681,0.182439
2019-06-07,AAPL,0.026617,0.213911
2019-06-10,AAPL,0.012779,0.229424
2019-06-11,AAPL,0.01158,0.243661
2019-06-12,AAPL,-0.003183,0.239703
2019-06-13,AAPL,-0.000206,0.239448
2019-06-14,AAPL,-0.007263,0.230446
2019-06-17,AAPL,0.005967,0.237788
2019-06-18,AAPL,0.023519,0.266899
2019-06-19,AAPL,-0.002923,0.263196
2019-06-20,AAPL,0.008035,0.273346
2019-06-21,AAPL,-0.003409,0.269005
2019-06-24,AAPL,-0.001006,0.267728
2019-06-25,AAPL,-0.015157,0.248513
2019-06-26,AAPL,0.021629,0.275517
2019-06-27,AAPL,-0.0003,0.275134
2019-06-28,AAPL,-0.009112,0.263515
2019-07-01,AAPL,0.018341,0.286689
2019-07-02,AAPL,0.005855,0.294222
2019-07-03,AAPL,0.008287,0.304947
2019-07-05,AAPL,-0.00088,0.303798
2019-07-08,AAPL,-0.020614,0.276922
2019-07-09,AAPL,0.006099,0.28471
2019-07-10,AAPL,0.009889,0.297414
2019-07-11,AAPL,-0.007282,0.287966
2019-07-12,AAPL,0.007683,0.297861
2019-07-15,AAPL,0.009395,0.310054
2019-07-16,AAPL,-0.00346,0.305522
2019-07-17,AAPL,-0.005624,0.29818
2019-07-18,AAPL,0.01136,0.312927
2019-07-19,AAPL,-0.014927,0.293328
2019-07-22,AAPL,0.022854,0.322886
2019-07-23,AAPL,0.007818,0.333228
2019-07-24,AAPL,-0.000814,0.332143
2019-07-25,AAPL,-0.007907,0.321609
2019-07-26,AAPL,0.003478,0.326206
2019-07-29,AAPL,0.009339,0.338591
2019-07-30,AAPL,-0.004293,0.332845
2019-07-31,AAPL,0.020404,0.360041
2019-08-01,AAPL,-0.021639,0.33061
2019-08-02,AAPL,-0.021158,0.302457
2019-08-05,AAPL,-0.052348,0.234277
2019-08-06,AAPL,0.01893,0.257642
2019-08-07,AAPL,0.010355,0.270665
2019-08-08,AAPL,0.022056,0.298691
2019-08-09,AAPL,-0.00824,0.287989
2019-08-12,AAPL,-0.002538,0.284721
2019-08-13,AAPL,0.042348,0.339127
2019-08-14,AAPL,-0.029765,0.299268
2019-08-15,AAPL,-0.004981,0.292795
2019-08-16,AAPL,0.023594,0.323298
2019-08-19,AAPL,0.018644,0.34797
2019-08-20,AAPL,4.7e-05,0.348034
2019-08-21,AAPL,0.010838,0.362645
2019-08-22,AAPL,-0.000846,0.361491
2019-08-23,AAPL,-0.04622,0.298563
2019-08-26,AAPL,0.018999,0.323234
2019-08-27,AAPL,-0.011284,0.308303
2019-08-28,AAPL,0.00671,0.317082
2019-08-29,AAPL,0.016932,0.339383
2019-08-30,AAPL,-0.001292,0.337653
2019-09-03,AAPL,-0.014564,0.318171
2019-09-04,AAPL,0.016967,0.340537
2019-09-05,AAPL,0.019551,0.366746
2019-09-06,AAPL,-9.4e-05,0.366618
2019-09-09,AAPL,0.004267,0.372449
2019-09-10,AAPL,0.011813,0.388662
2019-09-11,AAPL,0.031795,0.432815
2019-09-12,AAPL,-0.002236,0.429611
2019-09-13,AAPL,-0.019454,0.401799
2019-09-16,AAPL,0.005257,0.409169
2019-09-17,AAPL,0.003638,0.414295
2019-09-18,AAPL,0.009379,0.42756
2019-09-19,AAPL,-0.008125,0.415961
2019-09-20,AAPL,-0.014618,0.395263
2019-09-23,AAPL,0.004547,0.401607
2019-09-24,AAPL,-0.004755,0.394942
2019-09-25,AAPL,0.01539,0.41641
2019-09-26,AAPL,-0.005158,0.409104
2019-09-27,AAPL,-0.004866,0.402248
2019-09-30,AAPL,0.023535,0.43525
2019-10-01,AAPL,0.002768,0.439223
2019-10-02,AAPL,-0.025068,0.403145
2019-10-03,AAPL,0.008495,0.415064
2019-10-04,AAPL,0.028032,0.454731
2019-10-07,AAPL,0.00022,0.455051
2019-10-08,AAPL,-0.011715,0.438005
2019-10-09,AAPL,0.01172,0.454859
2019-10-10,AAPL,0.013479,0.474469
2019-10-11,AAPL,0.026598,0.513687
2019-10-14,AAPL,-0.00144,0.511508
2019-10-15,AAPL,-0.002331,0.507984
2019-10-16,AAPL,-0.004037,0.501895
2019-10-17,AAPL,0.003883,0.507727
2019-10-18,AAPL,0.004803,0.514968
2019-10-21,AAPL,0.017343,0.541242
2019-10-22,AAPL,-0.002287,0.537718
2019-10-23,AAPL,0.013419,0.558352
2019-10-24,AAPL,0.001645,0.560915
2019-10-25,AAPL,0.012316,0.58014
2019-10-28,AAPL,0.010017,0.595968
2019-10-29,AAPL,-0.023128,0.559057
2019-10-30,AAPL,-0.000123,0.558865
2019-10-31,AAPL,0.022609,0.59411
2019-11-01,AAPL,0.028381,0.639352
2019-11-04,AAPL,0.006567,0.650118
2019-11-05,AAPL,-0.001437,0.647746
2019-11-06,AAPL,0.000428,0.648452
2019-11-07,AAPL,0.011541,0.667477
2019-11-08,AAPL,0.002737,0.672041
2019-11-11,AAPL,0.007918,0.685281
2019-11-12,AAPL,-0.000915,0.683739
2019-11-13,AAPL,0.009582,0.699871
2019-11-14,AAPL,-0.006919,0.68811
2019-11-15,AAPL,0.011879,0.708163
2019-11-18,AAPL,0.005042,0.716776
2019-11-19,AAPL,-0.003033,0.711569
2019-11-20,AAPL,-0.011641,0.691645
2019-11-21,AAPL,-0.004484,0.684059
2019-11-22,AAPL,-0.000878,0.682581
2019-11-25,AAPL,0.017534,0.712083
2019-11-26,AAPL,-0.007809,0.698714
2019-11-27,AAPL,0.013432,0.721532
2019-11-29,AAPL,-0.002203,0.717739
2019-12-02,AAPL,-0.011562,0.697878
2019-12-03,AAPL,-0.01783,0.667605
2019-12-04,AAPL,0.008826,0.682324
2019-12-05,AAPL,0.014672,0.707006
2019-12-06,AAPL,0.019315,0.739978
2019-12-09,AAPL,-0.014,0.715619
2019-12-10,AAPL,0.005844,0.725645
2019-12-11,AAPL,0.00853,0.740364
2019-12-12,AAPL,0.002549,0.7448
2019-12-13,AAPL,0.013593,0.768517
2019-12-16,AAPL,0.017118,0.798791
2019-12-17,AAPL,0.001965,0.802325
2019-12-18,AAPL,-0.002389,0.798019
2019-12-19,AAPL,0.001001,0.799819
2019-12-20,AAPL,-0.002072,0.79609
2019-12-23,AAPL,0.016318,0.8254
2019-12-24,AAPL,0.000951,0.827135
2019-12-26,AAPL,0.01984,0.863386
2019-12-27,AAPL,-0.000379,0.862679
2019-12-30,AAPL,0.005935,0.873734
2019-12-31,AAPL,0.007306,0.887424
2020-01-02,AAPL,0.022817,0.930489
2020-01-03,AAPL,-0.009722,0.911721
2020-01-06,AAPL,0.007968,0.926954
2020-01-07,AAPL,-0.004703,0.917891
2020-01-08,AAPL,0.016086,0.948743
2020-01-09,AAPL,0.021241,0.990136
2020-01-10,AAPL,0.002261,0.994635
2020-01-13,AAPL,0.021364,1.037248
2020-01-14,AAPL,-0.013503,1.009739
2020-01-15,AAPL,-0.004285,1.001127
2020-01-16,AAPL,0.012526,1.026194
2020-01-17,AAPL,0.011071,1.048626
2020-01-21,AAPL,-0.006777,1.034742
2020-01-22,AAPL,0.00357,1.042006
2020-01-23,AAPL,0.004816,1.051839
2020-01-24,AAPL,-0.002882,1.045925
2020-01-27,AAPL,-0.029405,0.985765
2020-01-28,AAPL,0.028289,1.04194
2020-01-29,AAPL,0.020932,1.084683
2020-01-30,AAPL,-0.001449,1.081662
2020-01-31,AAPL,-0.044339,0.989364
2020-02-03,AAPL,-0.002746,0.983901
2020-02-04,AAPL,0.033014,1.049397
2020-02-05,AAPL,0.008154,1.066109
2020-02-06,AAPL,0.011697,1.090275
2020-02-07,AAPL,-0.013592,1.061863
2020-02-10,AAPL,0.00475,1.071656
2020-02-11,AAPL,-0.006033,1.059157
2020-02-12,AAPL,0.023748,1.108058
2020-02-13,AAPL,-0.007121,1.093045
2020-02-14,AAPL,0.000247,1.093561
2020-02-18,AAPL,-0.01831,1.055227
2020-02-19,AAPL,0.014483,1.084993
2020-02-20,AAPL,-0.010259,1.063603
2020-02-21,AAPL,-0.022635,1.016892
2020-02-24,AAPL,-0.0475,0.92109
2020-02-25,AAPL,-0.033872,0.856018
2020-02-26,AAPL,0.015863,0.885461
2020-02-27,AAPL,-0.065368,0.762212
2020-02-28,AAPL,-0.000585,0.761181
2020-03-02,AAPL,0.093101,0.925148
2020-03-03,AAPL,-0.031759,0.864008
2020-03-04,AAPL,0.046384,0.950468
2020-03-05,AAPL,-0.032437,0.887201
2020-03-06,AAPL,-0.01328,0.862138
2020-03-09,AAPL,-0.079092,0.714859
2020-03-10,AAPL,0.072021,0.838365
2020-03-11,AAPL,-0.034731,0.774518
2020-03-12,AAPL,-0.098755,0.599276
2020-03-13,AAPL,0.119809,0.790883
2020-03-16,AAPL,-0.128647,0.560491
2020-03-17,AAPL,0.04397,0.629105
2020-03-18,AAPL,-0.02448,0.589225
2020-03-19,AAPL,-0.007662,0.577048
2020-03-20,AAPL,-0.063485,0.476929
2020-03-23,AAPL,-0.021244,0.445553
2020-03-24,AAPL,0.100325,0.590578
2020-03-25,AAPL,-0.005509,0.581816
2020-03-26,AAPL,0.052623,0.665056
2020-03-27,AAPL,-0.041402,0.596119
2020-03-30,AAPL,0.028538,0.641669
2020-03-31,AAPL,-0.002041,0.638319
2020-04-01,AAPL,-0.052617,0.552115
2020-04-02,AAPL,0.016687,0.578015
2020-04-03,AAPL,-0.014371,0.555337
2020-04-06,AAPL,0.087237,0.69102
2020-04-07,AAPL,-0.011582,0.671434
2020-04-08,AAPL,0.025595,0.714214
2020-04-09,AAPL,0.007216,0.726584
2020-04-13,AAPL,0.019628,0.760472
2020-04-14,AAPL,0.050503,0.849382
2020-04-15,AAPL,-0.009128,0.832502
2020-04-16,AAPL,0.007946,0.847063
2020-04-17,AAPL,-0.013569,0.822
2020-04-20,AAPL,-0.020756,0.784182
2020-04-21,AAPL,-0.03091,0.729033
2020-04-22,AAPL,0.028803,0.778834
2020-04-23,AAPL,-0.003875,0.771941
2020-04-24,AAPL,0.028869,0.823096
2020-04-27,AAPL,0.000707,0.824384
2020-04-28,AAPL,-0.016209,0.794812
2020-04-29,AAPL,0.032845,0.853763
2020-04-30,AAPL,0.021096,0.892871
2020-05-01,AAPL,-0.016099,0.862397
2020-05-04,AAPL,0.014149,0.888747
2020-05-05,AAPL,0.015009,0.917094
2020-05-06,AAPL,0.010318,0.936874
2020-05-07,AAPL,0.010345,0.956911
2020-05-08,AAPL,0.023802,1.003489
2020-05-11,AAPL,0.015735,1.035015
2020-05-12,AAPL,-0.011428,1.011758
2020-05-13,AAPL,-0.012074,0.987468
2020-05-14,AAPL,0.006143,0.999678
2020-05-15,AAPL,-0.005912,0.987855
2020-05-18,AAPL,0.023561,1.034691
2020-05-19,AAPL,-0.005778,1.022934
2020-05-20,AAPL,0.019448,1.062277
2020-05-21,AAPL,-0.007456,1.046901
2020-05-22,AAPL,0.006438,1.06008
2020-05-26,AAPL,-0.006773,1.046126
2020-05-27,AAPL,0.004357,1.055041
2020-05-28,AAPL,0.00044,1.055945
2020-05-29,AAPL,-0.000974,1.053943
2020-06-01,AAPL,0.012298,1.079202
2020-06-02,AAPL,0.00463,1.088827
2020-06-03,AAPL,0.005505,1.100326
2020-06-04,AAPL,-0.008612,1.082238
2020-06-05,AAPL,0.028481,1.141542
2020-06-08,AAPL,0.005913,1.154204
2020-06-09,AAPL,0.031578,1.22223
2020-06-10,AAPL,0.025727,1.279402
2020-06-11,AAPL,-0.04801,1.169967
2020-06-12,AAPL,0.008633,1.188702
2020-06-15,AAPL,0.012367,1.215769
2020-06-16,AAPL,0.026502,1.274492
2020-06-17,AAPL,-0.001392,1.271327
2020-06-18,AAPL,0.000398,1.272232
2020-06-19,AAPL,-0.005715,1.259246
2020-06-22,AAPL,0.026164,1.318357
2020-06-23,AAPL,0.021345,1.367842
2020-06-24,AAPL,-0.017652,1.326045
2020-06-25,AAPL,0.013275,1.356924
2020-06-26,AAPL,-0.030726,1.284506
2020-06-29,AAPL,0.023047,1.337156
2020-06-30,AAPL,0.008348,1.356666
2020-07-01,AAPL,-0.001892,1.352208
2020-07-02,AAPL,0.0,1.352208
2020-07-06,AAPL,0.02675,1.41513
2020-07-07,AAPL,-0.003103,1.407637
2020-07-08,AAPL,0.02329,1.46371
2020-07-09,AAPL,0.0043,1.474305
2020-07-10,AAPL,0.001749,1.478633
2020-07-13,AAPL,-0.004613,1.4672
2020-07-14,AAPL,0.016548,1.508027
2020-07-15,AAPL,0.006877,1.525276
2020-07-16,AAPL,-0.012305,1.494203
2020-07-17,AAPL,-0.00202,1.489164
2020-07-20,AAPL,0.021074,1.541619
2020-07-21,AAPL,-0.013801,1.506541
2020-07-22,AAPL,0.002809,1.513583
2020-07-23,AAPL,-0.045516,1.399174
2020-07-24,AAPL,-0.002477,1.39323
2020-07-27,AAPL,0.0237,1.44995
2020-07-28,AAPL,-0.016427,1.409704
2020-07-29,AAPL,0.019168,1.455894
2020-07-30,AAPL,0.0121,1.485611
2020-07-31,AAPL,0.104689,1.745826
2020-08-03,AAPL,0.025198,1.815014
2020-08-04,AAPL,0.006678,1.833813
2020-08-05,AAPL,0.003625,1.844085
2020-08-06,AAPL,0.034889,1.943312
2020-08-07,AAPL,-0.022736,1.876394
2020-08-10,AAPL,0.014535,1.918202
2020-08-11,AAPL,-0.02974,1.831415
2020-08-12,AAPL,0.033234,1.925515
2020-08-13,AAPL,0.017697,1.97729
2020-08-14,AAPL,-0.000891,1.974636
2020-08-17,AAPL,-0.002611,1.96687
2020-08-18,AAPL,0.008333,1.991593
2020-08-19,AAPL,0.001255,1.995346
2020-08-20,AAPL,0.02219,2.061811
2020-08-21,AAPL,0.051533,2.219594
2020-08-24,AAPL,0.01196,2.258101
2020-08-25,AAPL,-0.008204,2.231373
2020-08-26,AAPL,0.013599,2.275316
2020-08-27,AAPL,-0.011954,2.236162
2020-08-28,AAPL,-0.00162,2.23092
2020-08-31,AAPL,0.033912,2.340487
2020-09-01,AAPL,0.039833,2.473548
2020-09-02,AAPL,-0.020718,2.401582
2020-09-03,AAPL,-0.080061,2.129247
2020-09-04,AAPL,0.000662,2.131318
2020-09-08,AAPL,-0.067295,1.920596
2020-09-09,AAPL,0.039887,2.037089
2020-09-10,AAPL,-0.032646,1.937941
2020-09-11,AAPL,-0.013129,1.899369
2020-09-14,AAPL,0.03,1.98635
2020-09-15,AAPL,0.00156,1.99101
2020-09-16,AAPL,-0.029514,1.902734
2020-09-17,AAPL,-0.015964,1.856396
2020-09-18,AAPL,-0.03172,1.765791
2020-09-21,AAPL,0.030326,1.849666
2020-09-22,AAPL,0.015716,1.894451
2020-09-23,AAPL,-0.041946,1.773039
2020-09-24,AAPL,0.010269,1.801515
2020-09-25,AAPL,0.037516,1.906617
2020-09-28,AAPL,0.023869,1.975995
2020-09-29,AAPL,-0.007568,1.953473
2020-09-30,AAPL,0.015076,1.997999
2020-10-01,AAPL,0.008462,2.023369
2020-10-02,AAPL,-0.03228,1.925774
2020-10-05,AAPL,0.030791,2.015861
2020-10-06,AAPL,-0.028669,1.929399
2020-10-07,AAPL,0.016967,1.979102
2020-10-08,AAPL,-0.000956,1.976254
2020-10-09,AAPL,0.017396,2.028028
2020-10-12,AAPL,0.063521,2.220371
2020-10-13,AAPL,-0.026527,2.134943
2020-10-14,AAPL,0.000743,2.137273
2020-10-15,AAPL,-0.003961,2.124847
2020-10-16,AAPL,-0.014,2.081098
2020-10-19,AAPL,-0.025542,2.0024
2020-10-20,AAPL,0.013192,2.042008
2020-10-21,AAPL,-0.005446,2.02544
2020-10-22,AAPL,-0.009583,1.996446
2020-10-23,AAPL,-0.006134,1.978066
2020-10-26,AAPL,8.7e-05,1.978325
2020-10-27,AAPL,0.013472,2.01845
2020-10-28,AAPL,-0.046312,1.87866
2020-10-29,AAPL,0.03705,1.985315
2020-10-30,AAPL,-0.056018,1.818084
2020-11-02,AAPL,-0.000827,1.815753
2020-11-03,AAPL,0.015354,1.858985
2020-11-04,AAPL,0.040836,1.975736
2020-11-05,AAPL,0.035494,2.081356
2020-11-06,AAPL,-0.001136,2.077856
2020-11-09,AAPL,-0.019968,2.016397
2020-11-10,AAPL,-0.003009,2.007321
2020-11-11,AAPL,0.030353,2.098601
2020-11-12,AAPL,-0.002343,2.09134
2020-11-13,AAPL,0.000419,2.092636
2020-11-16,AAPL,0.008721,2.119606
2020-11-17,AAPL,-0.007564,2.096008
2020-11-18,AAPL,-0.011391,2.06074
2020-11-19,AAPL,0.005168,2.076559
2020-11-20,AAPL,-0.010957,2.042847
2020-11-23,AAPL,-0.029743,1.952345
2020-11-24,AAPL,0.011594,1.986575
2020-11-25,AAPL,0.007467,2.008876
2020-11-27,AAPL,0.004826,2.023399
2020-11-30,AAPL,0.0211,2.087191
2020-12-01,AAPL,0.030827,2.182361
2020-12-02,AAPL,0.002934,2.191697
2020-12-03,AAPL,-0.001138,2.188066
2020-12-04,AAPL,-0.005612,2.170173
2020-12-07,AAPL,0.01227,2.209071
2020-12-08,AAPL,0.005091,2.225408
2020-12-09,AAPL,-0.020904,2.157985
2020-12-10,AAPL,0.011989,2.195846
2020-12-11,AAPL,-0.006735,2.174322
2020-12-14,AAPL,-0.005147,2.157985
2020-12-15,AAPL,0.05009,2.316169
2020-12-16,AAPL,-0.000547,2.314354
2020-12-17,AAPL,0.006963,2.337433
2020-12-18,AAPL,-0.015851,2.284533
2020-12-21,AAPL,0.012395,2.325245
2020-12-22,AAPL,0.028464,2.419897
2020-12-23,AAPL,-0.006976,2.396039
2020-12-24,AAPL,0.007713,2.422231
2020-12-28,AAPL,0.035766,2.54463
2020-12-29,AAPL,-0.013315,2.497433
2020-12-30,AAPL,-0.008527,2.467612
2020-12-31,AAPL,-0.007703,2.440902
2021-01-04,AAPL,-0.024719,2.355846
2021-01-05,AAPL,0.012364,2.397337
2021-01-06,AAPL,-0.033662,2.282977
2021-01-07,AAPL,0.034123,2.395003
2021-01-08,AAPL,0.008631,2.424306
2021-01-11,AAPL,-0.023249,2.344694
2021-01-12,AAPL,-0.001396,2.340027
2021-01-13,AAPL,0.016227,2.394224
2021-01-14,AAPL,-0.015127,2.34288
2021-01-15,AAPL,-0.013731,2.296979
2021-01-19,AAPL,0.005427,2.314872
2021-01-20,AAPL,0.032856,2.423787
2021-01-21,AAPL,0.036658,2.549298
2021-01-22,AAPL,0.016074,2.606348
2021-01-25,AAPL,0.027684,2.706185
2021-01-26,AAPL,0.001679,2.712409
2021-01-27,AAPL,-0.007684,2.683883
2021-01-28,AAPL,-0.034985,2.555002
2021-01-29,AAPL,-0.037421,2.421972
2021-02-01,AAPL,0.01652,2.478504
2021-02-02,AAPL,0.006337,2.500546
2021-02-03,AAPL,-0.007778,2.473318
2021-02-04,AAPL,0.025757,2.562781
2021-02-05,AAPL,-0.003098,2.551744
2021-02-08,AAPL,0.001097,2.555639
2021-02-09,AAPL,-0.006574,2.532266
2021-02-10,AAPL,-0.004558,2.516164
2021-02-11,AAPL,-0.00192,2.509412
2021-02-12,AAPL,0.001776,2.515646
2021-02-16,AAPL,-0.016104,2.459029
2021-02-17,AAPL,-0.017644,2.397998
2021-02-18,AAPL,-0.008637,2.368651
2021-02-19,AAPL,0.001233,2.372806
2021-02-22,AAPL,-0.029799,2.272299
2021-02-23,AAPL,-0.001111,2.268664
2021-02-24,AAPL,-0.004052,2.255419
2021-02-25,AAPL,-0.034782,2.142187
2021-02-26,AAPL,0.002232,2.149199
2021-03-01,AAPL,0.053851,2.318788
2021-03-02,AAPL,-0.020894,2.249446
2021-03-03,AAPL,-0.024457,2.169976
2021-03-04,AAPL,-0.015812,2.119853
2021-03-05,AAPL,0.010738,2.153354
2021-03-08,AAPL,-0.041674,2.021943
2021-03-09,AAPL,0.04065,2.144784
2021-03-10,AAPL,-0.009167,2.115957
2021-03-11,AAPL,0.016503,2.167378
2021-03-12,AAPL,-0.007625,2.143226
2021-03-15,AAPL,0.024457,2.220099
2021-03-16,AAPL,0.012743,2.261133
2021-03-17,AAPL,-0.006451,2.240097
2021-03-18,AAPL,-0.033905,2.130241
2021-03-19,AAPL,-0.00448,2.116216
2021-03-22,AAPL,0.028336,2.204517
2021-03-23,AAPL,-0.006889,2.182442
2021-03-24,AAPL,-0.019994,2.118814
2021-03-25,AAPL,0.004164,2.131799
2021-03-26,AAPL,0.005141,2.147901
2021-03-29,AAPL,0.001485,2.152576
2021-03-30,AAPL,-0.012275,2.113879
2021-03-31,AAPL,0.018766,2.172313
2021-04-01,AAPL,0.006959,2.194388
2021-04-05,AAPL,0.023577,2.269703
2021-04-06,AAPL,0.002462,2.277754
2021-04-07,AAPL,0.01339,2.321644
2021-04-08,AAPL,0.019234,2.385533
2021-04-09,AAPL,0.020251,2.454095
2021-04-12,AAPL,-0.013233,2.408386
2021-04-13,AAPL,0.024306,2.491232
2021-04-14,AAPL,-0.017853,2.428903
2021-04-15,AAPL,0.018708,2.493051
2021-04-16,AAPL,-0.002528,2.48422
2021-04-19,AAPL,0.005068,2.501879
2021-04-20,AAPL,-0.01283,2.456951
2021-04-21,AAPL,0.00293,2.46708
2021-04-22,AAPL,-0.011686,2.426565
2021-04-23,AAPL,0.018039,2.488376
2021-04-26,AAPL,0.002978,2.498764
2021-04-27,AAPL,-0.00245,2.490193
2021-04-28,AAPL,-0.006027,2.469157
2021-04-29,AAPL,-0.000748,2.466562
2021-04-30,AAPL,-0.015134,2.414099
2021-05-03,AAPL,0.008216,2.442149
2021-05-04,AAPL,-0.035386,2.320346
2021-05-05,AAPL,0.001956,2.326839
2021-05-06,AAPL,0.012802,2.369431
2021-05-07,AAPL,0.005327,2.387381
2021-05-10,AAPL,-0.025804,2.299971
2021-05-11,AAPL,-0.00741,2.275517
2021-05-12,AAPL,-0.024938,2.193831
2021-05-13,AAPL,0.01792,2.251063
2021-05-14,AAPL,0.019845,2.31558
2021-05-17,AAPL,-0.009259,2.284882
2021-05-18,AAPL,-0.011246,2.247941
2021-05-19,AAPL,-0.001281,2.243779
2021-05-20,AAPL,0.021012,2.311938
2021-05-21,AAPL,-0.014767,2.26303
2021-05-24,AAPL,0.013314,2.306475
2021-05-25,AAPL,-0.001573,2.301272
2021-05-26,AAPL,-0.000394,2.299971
2021-05-27,AAPL,-0.012377,2.259127
2021-05-28,AAPL,-0.005348,2.241698
2021-06-01,AAPL,-0.002648,2.233113
2021-06-02,AAPL,0.006276,2.253404
2021-06-03,AAPL,-0.012154,2.213862
2021-06-04,AAPL,0.019022,2.274997
2021-06-07,AAPL,7.9e-05,2.275257
2021-06-08,AAPL,0.006672,2.297109
2021-06-09,AAPL,0.003077,2.307255
2021-06-10,AAPL,-0.008023,2.280719
2021-06-11,AAPL,0.009833,2.312979
2021-06-14,AAPL,0.024578,2.394405
2021-06-15,AAPL,-0.006438,2.372551
2021-06-16,AAPL,0.003934,2.385819
2021-06-17,AAPL,0.012601,2.428484
2021-06-18,AAPL,-0.010092,2.393885
2021-06-21,AAPL,0.014104,2.441751
2021-06-22,AAPL,0.012698,2.485456
2021-06-23,AAPL,-0.00209,2.478172
2021-06-24,AAPL,-0.002169,2.470628
2021-06-25,AAPL,-0.002249,2.462822
2021-06-28,AAPL,0.012546,2.506268
2021-06-29,AAPL,0.0115,2.54659
2021-06-30,AAPL,0.004622,2.562981
2021-07-01,AAPL,0.002263,2.571044
2021-07-02,AAPL,0.019596,2.641024
2021-07-06,AAPL,0.014718,2.694614
2021-07-07,AAPL,0.017956,2.760953
2021-07-08,AAPL,-0.0092,2.726352
2021-07-09,AAPL,0.013055,2.775001
2021-07-12,AAPL,-0.004204,2.759131
2021-07-13,AAPL,0.007889,2.788788
2021-07-14,AAPL,0.024101,2.8801
2021-07-15,AAPL,-0.004492,2.862671
2021-07-16,AAPL,-0.014076,2.808299
2021-07-19,AAPL,-0.026914,2.705801
2021-07-20,AAPL,0.025974,2.802055
2021-07-21,AAPL,-0.005131,2.782546
2021-07-22,AAPL,0.009628,2.818965
2021-07-23,AAPL,0.011989,2.864751
2021-07-26,AAPL,0.002895,2.875938
2021-07-27,AAPL,-0.014901,2.818185
2021-07-28,AAPL,-0.012196,2.771619
2021-07-29,AAPL,0.004552,2.788788
2021-07-30,AAPL,0.00151,2.794511
2021-08-02,AAPL,-0.002331,2.785666
2021-08-03,AAPL,0.012645,2.833534
2021-08-04,AAPL,-0.002783,2.822866
2021-08-05,AAPL,0.000749,2.825729
2021-08-06,AAPL,-0.004767,2.807492
2021-08-09,AAPL,-0.000342,2.806189
2021-08-10,AAPL,-0.003354,2.793423
2021-08-11,AAPL,0.001786,2.800196
2021-08-12,AAPL,0.020774,2.87914
2021-08-13,AAPL,0.00141,2.88461
2021-08-16,AAPL,0.013548,2.93724
2021-08-17,AAPL,-0.006154,2.913009
2021-08-18,AAPL,-0.025501,2.813224
2021-08-19,AAPL,0.002323,2.822081
2021-08-20,AAPL,0.010157,2.860902
2021-08-23,AAPL,0.010257,2.900504
2021-08-24,AAPL,-0.000601,2.898158
2021-08-25,AAPL,-0.008421,2.865331
2021-08-26,AAPL,-0.005527,2.843966
2021-08-27,AAPL,0.007185,2.871585
2021-08-30,AAPL,0.030417,2.989347
2021-08-31,AAPL,-0.008425,2.955737
2021-09-01,AAPL,0.004479,2.973453
2021-09-02,AAPL,0.007475,3.003154
2021-09-03,AAPL,0.004231,3.02009
2021-09-07,AAPL,0.015489,3.082359
2021-09-08,AAPL,-0.010084,3.041193
2021-09-09,AAPL,-0.006705,3.014097
2021-09-10,AAPL,-0.033102,2.881224
2021-09-13,AAPL,0.003893,2.896334
2021-09-14,AAPL,-0.009562,2.859078
2021-09-15,AAPL,0.006143,2.882786
2021-09-16,AAPL,-0.00161,2.876534
2021-09-17,AAPL,-0.018348,2.805407
2021-09-20,AAPL,-0.021361,2.72412
2021-09-21,AAPL,0.003428,2.736885
2021-09-22,AAPL,0.016873,2.799936
2021-09-23,AAPL,0.006719,2.825469
2021-09-24,AAPL,0.000613,2.827814
2021-09-27,AAPL,-0.01055,2.787429
2021-09-28,AAPL,-0.023801,2.697285
2021-09-29,AAPL,0.006483,2.721255
2021-09-30,AAPL,-0.009312,2.686603
2021-10-01,AAPL,0.008127,2.716564
2021-10-04,AAPL,-0.024606,2.625116
2021-10-05,AAPL,0.014158,2.676442
2021-10-06,AAPL,0.006307,2.699629
2021-10-07,AAPL,0.009084,2.733237
2021-10-08,AAPL,-0.002722,2.723077
2021-10-11,AAPL,-0.00063,2.720733
2021-10-12,AAPL,-0.009103,2.686863
2021-10-13,AAPL,-0.00424,2.67123
2021-10-14,AAPL,0.020226,2.745484
2021-10-15,AAPL,0.007512,2.773621
2021-10-18,AAPL,0.011806,2.818174
2021-10-19,AAPL,0.01508,2.875752
2021-10-20,AAPL,0.003361,2.888779
2021-10-21,AAPL,0.001474,2.89451
2021-10-22,AAPL,-0.005285,2.873929
2021-10-25,AAPL,-0.000336,2.872625
2021-10-26,AAPL,0.004575,2.890342
2021-10-27,AAPL,-0.003148,2.878097
2021-10-28,AAPL,0.024992,2.975017
2021-10-29,AAPL,-0.018156,2.902848
2021-11-01,AAPL,-0.005608,2.880963
2021-11-02,AAPL,0.007116,2.90858
2021-11-03,AAPL,0.009799,2.94688
2021-11-04,AAPL,-0.003499,2.93307
2021-11-05,AAPL,0.003582,2.94716
2021-11-08,AAPL,-0.005553,2.925243
2021-11-09,AAPL,0.002459,2.934897
2021-11-10,AAPL,-0.019163,2.859491
2021-11-11,AAPL,-0.000338,2.858187
2021-11-12,AAPL,0.014337,2.913502
2021-11-15,AAPL,6.7e-05,2.913762
2021-11-16,AAPL,0.006667,2.939855
2021-11-17,AAPL,0.01649,3.004822
2021-11-18,AAPL,0.028536,3.119104
2021-11-19,AAPL,0.016976,3.189031
2021-11-22,AAPL,0.002927,3.201294
2021-11-23,AAPL,0.002422,3.21147
2021-11-24,AAPL,0.003283,3.225298
2021-11-26,AAPL,-0.031679,3.091447
2021-11-29,AAPL,0.021874,3.180943
2021-11-30,AAPL,0.031578,3.312967
2021-12-01,AAPL,-0.003207,3.299137
2021-12-02,AAPL,-0.00613,3.272785
2021-12-03,AAPL,-0.011725,3.222688
2021-12-06,AAPL,0.021503,3.313488
2021-12-07,AAPL,0.035446,3.466386
2021-12-08,AAPL,0.022783,3.568143
2021-12-09,AAPL,-0.00297,3.554576
2021-12-10,AAPL,0.028013,3.682164
2021-12-13,AAPL,-0.020674,3.585365
2021-12-14,AAPL,-0.008023,3.548575
2021-12-15,AAPL,0.028509,3.678251
2021-12-16,AAPL,-0.039264,3.494564
2021-12-17,AAPL,-0.006502,3.465343
2021-12-20,AAPL,-0.008122,3.429073
2021-12-21,AAPL,0.019087,3.513613
2021-12-22,AAPL,0.015319,3.582755
2021-12-23,AAPL,0.003644,3.599454
2021-12-27,AAPL,0.022975,3.705125
2021-12-28,AAPL,-0.005767,3.677989
2021-12-29,AAPL,0.000502,3.680337
2021-12-30,AAPL,-0.006578,3.649549
2021-12-31,AAPL,-0.003535,3.633113
2022-01-03,AAPL,0.025004,3.748959
2022-01-04,AAPL,-0.012691,3.688688
2022-01-05,AAPL,-0.0266,3.563969
2022-01-06,AAPL,-0.016693,3.487781
2022-01-07,AAPL,0.000988,3.492216
2022-01-10,AAPL,0.000116,3.492739
2022-01-11,AAPL,0.016784,3.568143
2022-01-12,AAPL,0.00257,3.579884
2022-01-13,AAPL,-0.019028,3.492739
2022-01-14,AAPL,0.005111,3.515699
2022-01-18,AAPL,-0.018894,3.430379
2022-01-19,AAPL,-0.021025,3.337232
2022-01-20,AAPL,-0.010347,3.292354
2022-01-21,AAPL,-0.012765,3.237561
2022-01-24,AAPL,-0.004864,3.216948
2022-01-25,AAPL,-0.011385,3.16894
2022-01-26,AAPL,-0.000563,3.166592
2022-01-27,AAPL,-0.002943,3.154329
2022-01-28,AAPL,0.069778,3.444208
2022-01-31,AAPL,0.026126,3.560316
2022-02-01,AAPL,-0.000973,3.55588
2022-02-02,AAPL,0.007044,3.587974
2022-02-03,AAPL,-0.01672,3.511264
2022-02-04,AAPL,-0.001679,3.503688
2022-02-07,AAPL,-0.004235,3.484615
2022-02-08,AAPL,0.018467,3.567432
2022-02-09,AAPL,0.008294,3.605314
2022-02-10,AAPL,-0.023599,3.496634
2022-02-11,AAPL,-0.020219,3.405718
2022-02-14,AAPL,0.001423,3.411988
2022-02-15,AAPL,0.023153,3.514137
2022-02-16,AAPL,-0.001389,3.507867
2022-02-17,AAPL,-0.021269,3.411988
2022-02-18,AAPL,-0.009356,3.370711
2022-02-22,AAPL,-0.017812,3.292859
2022-02-23,AAPL,-0.025864,3.181829
2022-02-24,AAPL,0.01668,3.251581
2022-02-25,AAPL,0.012965,3.306705
2022-02-28,AAPL,0.001638,3.313759
2022-03-01,AAPL,-0.011628,3.263599
2022-03-02,AAPL,0.020588,3.351379
2022-03-03,AAPL,-0.001981,3.342757
2022-03-04,AAPL,-0.018408,3.262815
2022-03-07,AAPL,-0.023718,3.161711
2022-03-08,AAPL,-0.011676,3.113118
2022-03-09,AAPL,0.034997,3.257066
2022-03-10,AAPL,-0.027186,3.141334
2022-03-11,AAPL,-0.023909,3.04232
2022-03-14,AAPL,-0.026562,2.934947
2022-03-15,AAPL,0.029677,3.051725
2022-03-16,AAPL,0.029015,3.169287
2022-03-17,AAPL,0.006454,3.196195
2022-03-18,AAPL,0.020919,3.283975
2022-03-21,AAPL,0.008538,3.320551
2022-03-22,AAPL,0.020801,3.410422
2022-03-23,AAPL,0.008233,3.446735
2022-03-24,AAPL,0.022678,3.547579
2022-03-25,AAPL,0.003734,3.564559
2022-03-28,AAPL,0.005037,3.587549
2022-03-29,AAPL,0.019134,3.675329
2022-03-30,AAPL,-0.00665,3.644239
2022-03-31,AAPL,-0.017776,3.561685
2022-04-01,AAPL,-0.001718,3.553848
2022-04-04,AAPL,0.023693,3.661744
2022-04-05,AAPL,-0.018942,3.573441
2022-04-06,AAPL,-0.018451,3.489058
2022-04-07,AAPL,0.001804,3.497156
2022-04-08,AAPL,-0.011909,3.443599
2022-04-11,AAPL,-0.025516,3.330217
2022-04-12,AAPL,0.011523,3.380115
2022-04-13,AAPL,0.016343,3.451698
2022-04-14,AAPL,-0.029988,3.3182
2022-04-18,AAPL,-0.001331,3.312452
2022-04-19,AAPL,0.014115,3.373325
2022-04-20,AAPL,-0.001016,3.368882
2022-04-21,AAPL,-0.004844,3.34772
2022-04-22,AAPL,-0.027821,3.226762
2022-04-25,AAPL,0.006738,3.25524
2022-04-26,AAPL,-0.037328,3.096399
2022-04-27,AAPL,-0.001467,3.09039
2022-04-28,AAPL,0.045156,3.275094
2022-04-29,AAPL,-0.036605,3.118604
2022-05-02,AAPL,0.001966,3.126704
2022-05-03,AAPL,0.009623,3.166414
2022-05-04,AAPL,0.041008,3.337271
2022-05-05,AAPL,-0.055716,3.095616
2022-05-06,AAPL,0.004727,3.114976
2022-05-09,AAPL,-0.033189,2.978403
2022-05-10,AAPL,0.016112,3.042503
2022-05-11,AAPL,-0.051841,2.832935
2022-05-12,AAPL,-0.026894,2.729851
2022-05-13,AAPL,0.031917,2.848895
2022-05-16,AAPL,-0.010672,2.807818
2022-05-17,AAPL,0.025423,2.904622
2022-05-18,AAPL,-0.056419,2.684327
2022-05-19,AAPL,-0.024641,2.593539
2022-05-20,AAPL,0.001747,2.599818
2022-05-23,AAPL,0.040119,2.744241
2022-05-24,AAPL,-0.019216,2.672292
2022-05-25,AAPL,0.00114,2.676478
2022-05-26,AAPL,0.023199,2.761769
2022-05-27,AAPL,0.040757,2.915088
2022-05-31,AAPL,-0.005347,2.894156
2022-06-01,AAPL,-0.000873,2.890756
2022-06-02,AAPL,0.016811,2.956164
2022-06-03,AAPL,-0.038556,2.803632
2022-06-06,AAPL,0.005228,2.823516
2022-06-07,AAPL,0.017586,2.890756
2022-06-08,AAPL,-0.005043,2.871135
2022-06-09,AAPL,-0.035956,2.731944
2022-06-10,AAPL,-0.038629,2.587784
2022-06-13,AAPL,-0.038285,2.450427
2022-06-14,AAPL,0.006672,2.47345
2022-06-15,AAPL,0.020111,2.543306
2022-06-16,AAPL,-0.039651,2.402809
2022-06-17,AAPL,0.011533,2.442054
2022-06-21,AAPL,0.032761,2.554818
2022-06-22,AAPL,-0.003827,2.541214
2022-06-23,AAPL,0.021574,2.617611
2022-06-24,AAPL,0.024517,2.706304
2022-06-27,AAPL,0.0,2.706304
2022-06-28,AAPL,-0.02979,2.595895
2022-06-29,AAPL,0.013024,2.642728
2022-06-30,AAPL,-0.018028,2.577057
2022-07-01,AAPL,0.016164,2.634877
2022-07-05,AAPL,0.01893,2.703687
2022-07-06,AAPL,0.009607,2.73927
2022-07-07,AAPL,0.023999,2.82901
2022-07-08,AAPL,0.004715,2.847063
2022-07-11,AAPL,-0.014758,2.790288
2022-07-12,AAPL,0.006834,2.81619
2022-07-13,AAPL,-0.002536,2.80651
2022-07-14,AAPL,0.020482,2.884476
2022-07-15,AAPL,0.01145,2.928954
2022-07-18,AAPL,-0.020643,2.847847
2022-07-19,AAPL,0.026722,2.95067
2022-07-20,AAPL,0.01351,3.004043
2022-07-21,AAPL,0.015094,3.06448
2022-07-22,AAPL,-0.008111,3.031515
2022-07-25,AAPL,-0.007399,3.001688
2022-07-26,AAPL,-0.008826,2.966367
2022-07-27,AAPL,0.034235,3.102155
2022-07-28,AAPL,0.003572,3.116808
2022-07-29,AAPL,0.032793,3.25181
2022-08-01,AAPL,-0.006153,3.225647
2022-08-02,AAPL,-0.009288,3.186401
2022-08-03,AAPL,0.038248,3.346521
2022-08-04,AAPL,-0.001926,3.338149
2022-08-05,AAPL,-0.001389,3.332124
2022-08-08,AAPL,-0.002903,3.319548
2022-08-09,AAPL,0.000303,3.320857
2022-08-10,AAPL,0.026195,3.434041
2022-08-11,AAPL,-0.004432,3.41439
2022-08-12,AAPL,0.021426,3.508972
2022-08-15,AAPL,0.006333,3.537529
2022-08-16,AAPL,-0.000924,3.533337
2022-08-17,AAPL,0.008785,3.573161
2022-08-18,AAPL,-0.002292,3.562681
2022-08-19,AAPL,-0.015102,3.493776
2022-08-22,AAPL,-0.02303,3.390286
2022-08-23,AAPL,-0.002029,3.381378
2022-08-24,AAPL,0.001794,3.389239
2022-08-25,AAPL,0.014923,3.454739
2022-08-26,AAPL,-0.037699,3.286798
2022-08-29,AAPL,-0.01369,3.228111
2022-08-30,AAPL,-0.015306,3.163397
2022-08-31,AAPL,-0.010635,3.11912
2022-09-01,AAPL,0.004707,3.138507
2022-09-02,AAPL,-0.013611,3.082178
2022-09-06,AAPL,-0.008215,3.048643
2022-09-07,AAPL,0.009254,3.086108
2022-09-08,AAPL,-0.009618,3.046809
2022-09-09,AAPL,0.01884,3.12305
2022-09-12,AAPL,0.038508,3.281819
2022-09-13,AAPL,-0.058679,3.030566
2022-09-14,AAPL,0.009555,3.069078
2022-09-15,AAPL,-0.01893,2.99205
2022-09-16,AAPL,-0.01096,2.948298
2022-09-19,AAPL,0.025083,3.047333
2022-09-20,AAPL,0.015665,3.110736
2022-09-21,AAPL,-0.020268,3.027421
2022-09-22,AAPL,-0.006375,3.001745
2022-09-23,AAPL,-0.015124,2.941223
2022-09-26,AAPL,0.00226,2.950131
2022-09-27,AAPL,0.006566,2.976069
2022-09-28,AAPL,-0.012652,2.925765
2022-09-29,AAPL,-0.049119,2.732936
2022-09-30,AAPL,-0.030039,2.6208
2022-10-03,AAPL,0.030753,2.73215
2022-10-04,AAPL,0.025623,2.827779
2022-10-05,AAPL,0.002053,2.835639
2022-10-06,AAPL,-0.006626,2.810224
2022-10-07,AAPL,-0.036718,2.670319
2022-10-10,AAPL,0.002355,2.678964
2022-10-11,AAPL,-0.010255,2.641237
2022-10-12,AAPL,-0.004605,2.624468
2022-10-13,AAPL,0.033613,2.746298
2022-10-14,AAPL,-0.03224,2.625517
2022-10-17,AAPL,0.029123,2.731103
2022-10-18,AAPL,0.009409,2.766209
2022-10-19,AAPL,0.000766,2.769093
2022-10-20,AAPL,-0.003268,2.756777
2022-10-21,AAPL,0.027059,2.858432
2022-10-24,AAPL,0.014803,2.915548
2022-10-25,AAPL,0.019338,2.991265
2022-10-26,AAPL,-0.019627,2.912928
2022-10-27,AAPL,-0.030466,2.793719
2022-10-28,AAPL,0.075553,3.080344
2022-10-31,AAPL,-0.01541,3.017465
2022-11-01,AAPL,-0.017543,2.946987
2022-11-02,AAPL,-0.037305,2.799745
2022-11-03,AAPL,-0.042405,2.638617
2022-11-04,AAPL,-0.001947,2.631531
2022-11-07,AAPL,0.003902,2.645702
2022-11-08,AAPL,0.004175,2.660923
2022-11-09,AAPL,-0.03319,2.539418
2022-11-10,AAPL,0.088974,2.854335
2022-11-11,AAPL,0.019269,2.928603
2022-11-14,AAPL,-0.009485,2.891339
2022-11-15,AAPL,0.011869,2.937527
2022-11-16,AAPL,-0.008331,2.904722
2022-11-17,AAPL,0.012972,2.955372
2022-11-18,AAPL,0.003782,2.970331
2022-11-21,AAPL,-0.02168,2.884253
2022-11-22,AAPL,0.014661,2.9412
2022-11-23,AAPL,0.005926,2.964557
2022-11-25,AAPL,-0.019593,2.886878
2022-11-28,AAPL,-0.026264,2.784791
2022-11-29,AAPL,-0.021148,2.70475
2022-11-30,AAPL,0.048594,2.884779
2022-12-01,AAPL,0.001891,2.892126
2022-12-02,AAPL,-0.003371,2.879004
2022-12-05,AAPL,-0.007983,2.848038
2022-12-06,AAPL,-0.02537,2.750413
2022-12-07,AAPL,-0.013785,2.698714
2022-12-08,AAPL,0.012133,2.743589
2022-12-09,AAPL,-0.003435,2.730732
2022-12-12,AAPL,0.01639,2.791877
2022-12-13,AAPL,0.006782,2.817595
2022-12-14,AAPL,-0.015536,2.758286
2022-12-15,AAPL,-0.046854,2.582194
2022-12-16,AAPL,-0.014579,2.52997
2022-12-19,AAPL,-0.01591,2.47381
2022-12-20,AAPL,-0.000529,2.471973
2022-12-21,AAPL,0.023809,2.554639
2022-12-22,AAPL,-0.023773,2.470136
2022-12-23,AAPL,-0.002798,2.460426
2022-12-27,AAPL,-0.013878,2.412401
2022-12-28,AAPL,-0.030686,2.30769
2022-12-29,AAPL,0.028325,2.401379
2022-12-30,AAPL,0.002469,2.409776
2023-01-03,AAPL,-0.037405,2.282234
2023-01-04,AAPL,0.010314,2.316088
2023-01-05,AAPL,-0.010605,2.280922
2023-01-06,AAPL,0.036794,2.401641
2023-01-09,AAPL,0.004089,2.41555
2023-01-10,AAPL,0.004456,2.430771
2023-01-11,AAPL,0.021112,2.503202
2023-01-12,AAPL,-0.000599,2.501103
2023-01-13,AAPL,0.010119,2.536531
2023-01-17,AAPL,0.008756,2.567498
2023-01-18,AAPL,-0.00537,2.548341
2023-01-19,AAPL,0.000444,2.549916
2023-01-20,AAPL,0.019221,2.618148
2023-01-23,AAPL,0.0235,2.703175
2023-01-24,AAPL,0.010063,2.74044
2023-01-25,AAPL,-0.004701,2.722857
2023-01-26,AAPL,0.014804,2.777969
2023-01-27,AAPL,0.013684,2.829667
2023-01-30,AAPL,-0.020078,2.752774
2023-01-31,AAPL,0.009021,2.786628
2023-02-01,AAPL,0.007901,2.816546
2023-02-02,AAPL,0.037062,2.957996
2023-02-03,AAPL,0.0244,3.054571
2023-02-06,AAPL,-0.017929,2.981877
2023-02-07,AAPL,0.019245,3.058507
2023-02-08,AAPL,-0.017653,2.986864
2023-02-09,AAPL,-0.006912,2.959309
2023-02-10,AAPL,0.002456,2.969033
2023-02-13,AAPL,0.018807,3.043679
2023-02-14,AAPL,-0.004225,3.026593
2023-02-15,AAPL,0.013904,3.082578
2023-02-16,AAPL,-0.01043,3.039999
2023-02-17,AAPL,-0.007547,3.009511
2023-02-21,AAPL,-0.02668,2.902536
2023-02-22,AAPL,0.002896,2.913839
2023-02-23,AAPL,0.003291,2.926717
2023-02-24,AAPL,-0.018005,2.856016
2023-02-27,AAPL,0.008247,2.887817
2023-02-28,AAPL,-0.003448,2.874414
2023-03-01,AAPL,-0.014246,2.819219
2023-03-02,AAPL,0.004129,2.834989
2023-03-03,AAPL,0.03509,2.96956
2023-03-06,AAPL,0.018539,3.043152
2023-03-07,AAPL,-0.014496,2.98454
2023-03-08,AAPL,0.008377,3.01792
2023-03-09,AAPL,-0.014915,2.957994
2023-03-10,AAPL,-0.013879,2.903062
2023-03-13,AAPL,0.013266,2.954841
2023-03-14,AAPL,0.014089,3.01056
2023-03-15,AAPL,0.002622,3.021074
2023-03-16,AAPL,0.018694,3.096245
2023-03-17,AAPL,-0.005454,3.073903
2023-03-20,AAPL,0.015484,3.136983
2023-03-21,AAPL,0.011944,3.186396
2023-03-22,AAPL,-0.009104,3.148285
2023-03-23,AAPL,0.00697,3.177197
2023-03-24,AAPL,0.008306,3.211891
2023-03-27,AAPL,-0.012293,3.160113
2023-03-28,AAPL,-0.00398,3.143554
2023-03-29,AAPL,0.019791,3.225559
2023-03-30,AAPL,0.00989,3.267349
2023-03-31,AAPL,0.015644,3.334107
2023-04-03,AAPL,0.007702,3.367487
2023-04-04,AAPL,-0.003249,3.353295
2023-04-05,AAPL,-0.01129,3.304145
2023-04-06,AAPL,0.005496,3.3278
2023-04-10,AAPL,-0.015972,3.258675
2023-04-11,AAPL,-0.007591,3.226346
2023-04-12,AAPL,-0.004353,3.207948
2023-04-13,AAPL,0.034104,3.351455
2023-04-14,AAPL,-0.002114,3.342255
2023-04-17,AAPL,0.000121,3.342782
2023-04-18,AAPL,0.007505,3.375373
2023-04-19,AAPL,0.006968,3.405861
2023-04-20,AAPL,-0.005846,3.380104
2023-04-21,AAPL,-0.009781,3.337263
2023-04-24,AAPL,0.001878,3.345409
2023-04-25,AAPL,-0.009436,3.304407
2023-04-26,AAPL,-6.1e-05,3.304145
2023-04-27,AAPL,0.028395,3.426363
2023-04-28,AAPL,0.007541,3.459742
2023-05-01,AAPL,-0.000531,3.457376
2023-05-02,AAPL,-0.006191,3.429778
2023-05-03,AAPL,-0.006467,3.40113
2023-05-04,AAPL,-0.009913,3.357499
2023-05-05,AAPL,0.046927,3.561984
2023-05-08,AAPL,-0.000403,3.560143
2023-05-09,AAPL,-0.009971,3.514674
2023-05-10,AAPL,0.010421,3.561721
2023-05-11,AAPL,0.001095,3.566714
2023-05-12,AAPL,-0.005418,3.541974
2023-05-15,AAPL,-0.002897,3.528814
2023-05-16,AAPL,0.0,3.528814
2023-05-17,AAPL,0.003603,3.545132
2023-05-18,AAPL,0.013666,3.607248
2023-05-19,AAPL,0.000628,3.610142
2023-05-22,AAPL,-0.005481,3.584875
2023-05-23,AAPL,-0.015155,3.515391
2023-05-24,AAPL,0.001632,3.522761
2023-05-25,AAPL,0.006692,3.553029
2023-05-26,AAPL,0.014105,3.617248
2023-05-30,AAPL,0.01066,3.666465
2023-05-31,AAPL,-0.000282,3.66515
2023-06-01,AAPL,0.016023,3.739897
2023-06-02,AAPL,0.004775,3.762533
2023-06-05,AAPL,-0.007571,3.726475
2023-06-06,AAPL,-0.00206,3.716737
2023-06-07,AAPL,-0.007756,3.680152
2023-06-08,AAPL,0.015465,3.752532
2023-06-09,AAPL,0.00216,3.762796
2023-06-12,AAPL,0.015639,3.83728
2023-06-13,AAPL,-0.002612,3.824646
2023-06-14,AAPL,0.003492,3.841492
2023-06-15,AAPL,0.011199,3.89571
2023-06-16,AAPL,-0.00586,3.86702
2023-06-20,AAPL,0.000487,3.86939
2023-06-21,AAPL,-0.005675,3.841754
2023-06-22,AAPL,0.016525,3.921765
2023-06-23,AAPL,-0.001711,3.913343
2023-06-26,AAPL,-0.007553,3.876232
2023-06-27,AAPL,0.015059,3.949665
2023-06-28,AAPL,0.006328,3.980985
2023-06-29,AAPL,0.001797,3.989934
2023-06-30,AAPL,0.023103,4.105214
2023-07-03,AAPL,-0.007785,4.065471
2023-07-05,AAPL,-0.005871,4.03573
2023-07-06,AAPL,0.002509,4.048364
2023-07-07,AAPL,-0.005891,4.018621
2023-07-10,AAPL,-0.010856,3.96414
2023-07-11,AAPL,-0.00281,3.950191
2023-07-12,AAPL,0.008985,3.99467
2023-07-13,AAPL,0.004058,4.014937
2023-07-14,AAPL,0.000787,4.018885
2023-07-17,AAPL,0.017306,4.10574
2023-07-18,AAPL,-0.00134,4.098897
2023-07-19,AAPL,0.007072,4.134955
2023-07-20,AAPL,-0.010097,4.083105
2023-07-21,AAPL,-0.006162,4.051785
2023-07-24,AAPL,0.00422,4.073104
2023-07-25,AAPL,0.004514,4.096002
2023-07-26,AAPL,0.004545,4.119164
2023-07-27,AAPL,-0.006581,4.085474
2023-07-28,AAPL,0.013508,4.154168
2023-07-31,AAPL,0.003166,4.170486
2023-08-01,AAPL,-0.004276,4.148378
2023-08-02,AAPL,-0.01549,4.068629
2023-08-03,AAPL,-0.007322,4.031519
2023-08-04,AAPL,-0.04802,3.789905
2023-08-07,AAPL,-0.017254,3.707262
2023-08-08,AAPL,0.005312,3.732266
2023-08-09,AAPL,-0.008955,3.68989
2023-08-10,AAPL,-0.001235,3.6841
2023-08-11,AAPL,0.000338,3.685681
2023-08-14,AAPL,0.009393,3.729694
2023-08-15,AAPL,-0.0112,3.676721
2023-08-16,AAPL,-0.004959,3.653529
2023-08-17,AAPL,-0.014555,3.585795
2023-08-18,AAPL,0.002816,3.59871
2023-08-21,AAPL,0.007737,3.634289
2023-08-22,AAPL,0.007905,3.670922
2023-08-23,AAPL,0.021949,3.773444
2023-08-24,AAPL,-0.02617,3.648521
2023-08-25,AAPL,0.012643,3.707293
2023-08-28,AAPL,0.008846,3.748933
2023-08-29,AAPL,0.02181,3.852509
2023-08-30,AAPL,0.019172,3.945543
2023-08-31,AAPL,0.001172,3.951341
2023-09-01,AAPL,0.008463,3.993246
2023-09-05,AAPL,0.001267,3.999571
2023-09-06,AAPL,-0.035794,3.820619
2023-09-07,AAPL,-0.029249,3.679619
2023-09-08,AAPL,0.003492,3.69596
2023-09-11,AAPL,0.006623,3.727059
2023-09-12,AAPL,-0.017061,3.646412
2023-09-13,AAPL,-0.011855,3.59133
2023-09-14,AAPL,0.008782,3.631653
2023-09-15,AAPL,-0.004154,3.612414
2023-09-18,AAPL,0.016913,3.690425
2023-09-19,AAPL,0.006181,3.719417
2023-09-20,AAPL,-0.019992,3.625065
2023-09-21,AAPL,-0.008889,3.58395
2023-09-22,AAPL,0.004945,3.606616
2023-09-25,AAPL,0.00738,3.640615
2023-09-26,AAPL,-0.023399,3.532031
2023-09-27,AAPL,-0.008898,3.491707
2023-09-28,AAPL,0.001526,3.49856
2023-09-29,AAPL,0.003046,3.512265
2023-10-02,AAPL,0.014835,3.579206
2023-10-03,AAPL,-0.00777,3.543627
2023-10-04,AAPL,0.007309,3.576835
2023-10-05,AAPL,0.007198,3.609779
2023-10-06,AAPL,0.014751,3.677776
2023-10-09,AAPL,0.008451,3.717308
2023-10-10,AAPL,-0.003352,3.701494
2023-10-11,AAPL,0.007904,3.738655
2023-10-12,AAPL,0.005061,3.762639
2023-10-13,AAPL,-0.010293,3.713618
2023-10-16,AAPL,-0.000727,3.710191
2023-10-17,AAPL,-0.008785,3.668813
2023-10-18,AAPL,-0.007395,3.634289
2023-10-19,AAPL,-0.002161,3.624274
2023-10-20,AAPL,-0.014704,3.556278
2023-10-23,AAPL,0.000694,3.55944
2023-10-24,AAPL,0.002544,3.571037
2023-10-25,AAPL,-0.013492,3.509366
2023-10-26,AAPL,-0.024606,3.39841
2023-10-27,AAPL,0.007969,3.433463
2023-10-30,AAPL,0.012305,3.488018
2023-10-31,AAPL,0.002819,3.500668
2023-11-01,AAPL,0.018739,3.585005
2023-11-02,AAPL,0.020693,3.679884
2023-11-03,AAPL,-0.005181,3.655636
2023-11-06,AAPL,0.014605,3.723633
2023-11-07,AAPL,0.014451,3.791893
2023-11-08,AAPL,0.005885,3.820093
2023-11-09,AAPL,-0.002625,3.807442
2023-11-10,AAPL,0.02322,3.919071
2023-11-13,AAPL,-0.008584,3.876848
2023-11-14,AAPL,0.014286,3.946517
2023-11-15,AAPL,0.003041,3.961559
2023-11-16,AAPL,0.009042,4.006422
2023-11-17,AAPL,-0.000105,4.005894
2023-11-20,AAPL,0.009278,4.05234
2023-11-21,AAPL,-0.004231,4.030964
2023-11-22,AAPL,0.003515,4.048646
2023-11-24,AAPL,-0.007004,4.013283
2023-11-27,AAPL,-0.000947,4.008533
2023-11-28,AAPL,0.003214,4.024631
2023-11-29,AAPL,-0.00541,3.997449
2023-11-30,AAPL,0.003063,4.012756
2023-12-01,AAPL,0.006791,4.046799
2023-12-04,AAPL,-0.009465,3.999032
2023-12-05,AAPL,0.021063,4.104328
2023-12-06,AAPL,-0.005687,4.0753
2023-12-07,AAPL,0.010139,4.126759
2023-12-08,AAPL,0.007413,4.164761
2023-12-11,AAPL,-0.012928,4.097993
2023-12-12,AAPL,0.007921,4.138372
2023-12-13,AAPL,0.016691,4.224138
2023-12-14,AAPL,0.000758,4.228097
2023-12-15,AAPL,-0.002726,4.213847
2023-12-18,AAPL,-0.008503,4.169511
2023-12-19,AAPL,0.00536,4.19722
2023-12-20,AAPL,-0.010714,4.141537
2023-12-21,AAPL,-0.00077,4.137579
2023-12-22,AAPL,-0.005548,4.109078
2023-12-26,AAPL,-0.002841,4.094564
2023-12-27,AAPL,0.000518,4.097203
2023-12-28,AAPL,0.002226,4.108551
2023-12-29,AAPL,-0.005424,4.080841
2024-01-02,AAPL,-0.035787,3.899015
2024-01-03,AAPL,-0.007488,3.862333
2024-01-04,AAPL,-0.0127,3.800581
2024-01-05,AAPL,-0.004013,3.781316
2024-01-08,AAPL,0.024175,3.896903
2024-01-09,AAPL,-0.002263,3.88582
2024-01-10,AAPL,0.005671,3.913529
2024-01-11,AAPL,-0.003222,3.897696
2024-01-12,AAPL,0.001778,3.906404
2024-01-16,AAPL,-0.012317,3.845971
2024-01-17,AAPL,-0.005173,3.820901
2024-01-18,AAPL,0.032571,3.977922
2024-01-19,AAPL,0.015533,4.055244
2024-01-22,AAPL,0.012163,4.116731
2024-01-23,AAPL,0.006653,4.150774
2024-01-24,AAPL,-0.003484,4.132829
2024-01-25,AAPL,-0.001697,4.124121
2024-01-26,AAPL,-0.009013,4.077938
2024-01-29,AAPL,-0.003586,4.059729
2024-01-30,AAPL,-0.019246,3.962351
2024-01-31,AAPL,-0.019358,3.866291
2024-02-01,AAPL,0.013341,3.931211
2024-02-02,AAPL,-0.005405,3.904557
2024-02-05,AAPL,0.009847,3.952851
2024-02-06,AAPL,0.008632,3.995602
2024-02-07,AAPL,0.000581,3.998505
2024-02-08,AAPL,-0.005755,3.96974
2024-02-09,AAPL,0.004094,3.990086
2024-02-12,AAPL,-0.009002,3.945166
2024-02-13,AAPL,-0.011274,3.889412
2024-02-14,AAPL,-0.00481,3.865895
2024-02-15,AAPL,-0.001575,3.858232
2024-02-16,AAPL,-0.00843,3.817276
2024-02-20,AAPL,-0.004114,3.797458
2024-02-21,AAPL,0.004186,3.81754
2024-02-22,AAPL,0.011244,3.871708
2024-02-23,AAPL,-0.010034,3.822825
2024-02-26,AAPL,-0.007451,3.786889
2024-02-27,AAPL,0.008114,3.825732
2024-02-28,AAPL,-0.006625,3.793759
2024-02-29,AAPL,-0.003693,3.776056
2024-03-01,AAPL,-0.006031,3.747253
2024-03-04,AAPL,-0.025381,3.626762
2024-03-05,AAPL,-0.028441,3.495173
2024-03-06,AAPL,-0.005878,3.46875
2024-03-07,AAPL,-0.00071,3.465579
2024-03-08,AAPL,0.010237,3.511291
2024-03-11,AAPL,0.011832,3.564667
2024-03-12,AAPL,0.002778,3.577349
2024-03-13,AAPL,-0.012122,3.521861
2024-03-14,AAPL,0.010927,3.571273
2024-03-15,AAPL,-0.002197,3.561231
2024-03-18,AAPL,0.006372,3.590298
2024-03-19,AAPL,0.013585,3.652658
2024-03-20,AAPL,0.014709,3.721094
2024-03-21,AAPL,-0.040857,3.528202
2024-03-22,AAPL,0.00531,3.552247
2024-03-25,AAPL,-0.0083,3.514463
2024-03-26,AAPL,-0.006673,3.48434
2024-03-27,AAPL,0.021212,3.579464
2024-03-28,AAPL,-0.010559,3.531109
2024-04-01,AAPL,-0.008456,3.492795
2024-04-02,AAPL,-0.006999,3.461351
2024-04-03,AAPL,0.004797,3.482753
2024-04-04,AAPL,-0.004892,3.460822
2024-04-05,AAPL,0.004502,3.480905
2024-04-08,AAPL,-0.006664,3.451046
2024-04-09,AAPL,0.007242,3.483282
2024-04-10,AAPL,-0.011139,3.433342
2024-04-11,AAPL,0.043271,3.625176
2024-04-12,AAPL,0.008627,3.665076
2024-04-15,AAPL,-0.021864,3.563081
2024-04-16,AAPL,-0.019167,3.475619
2024-04-17,AAPL,-0.008147,3.439155
2024-04-18,AAPL,-0.005714,3.413788
2024-04-19,AAPL,-0.012212,3.359884
2024-04-22,AAPL,0.005091,3.38208
2024-04-23,AAPL,0.006392,3.410089
2024-04-24,AAPL,0.012702,3.466107
2024-04-25,AAPL,0.005147,3.489096
2024-04-26,AAPL,-0.003473,3.473505
2024-04-29,AAPL,0.024808,3.584484
2024-04-30,AAPL,-0.018271,3.500722
2024-05-01,AAPL,-0.006047,3.473505
2024-05-02,AAPL,0.022032,3.572065
2024-05-03,AAPL,0.059816,3.845549
2024-05-06,AAPL,-0.009107,3.801421
2024-05-07,AAPL,0.003797,3.819654
2024-05-08,AAPL,0.001864,3.828638
2024-05-09,AAPL,0.010014,3.876993
2024-05-10,AAPL,-0.00689,3.84339
2024-05-13,AAPL,0.017645,3.928854
2024-05-14,AAPL,0.006173,3.959282
2024-05-15,AAPL,0.012218,4.019874
2024-05-16,AAPL,0.000632,4.023049
2024-05-17,AAPL,0.000158,4.023842
2024-05-20,AAPL,0.006162,4.0548
2024-05-21,AAPL,0.006857,4.089462
2024-05-22,AAPL,-0.007538,4.051096
2024-05-23,AAPL,-0.021058,3.944729
2024-05-24,AAPL,0.016588,4.026753
2024-05-28,AAPL,5.3e-05,4.027019
2024-05-29,AAPL,0.001579,4.034956
2024-05-30,AAPL,0.005255,4.061415
2024-05-31,AAPL,0.005019,4.086816
2024-06-03,AAPL,0.009259,4.133914
2024-06-04,AAPL,0.001649,4.14238
2024-06-05,AAPL,0.007821,4.182599
2024-06-06,AAPL,-0.007097,4.14582
2024-06-07,AAPL,0.012392,4.209587
2024-06-10,AAPL,-0.019148,4.109835
2024-06-11,AAPL,0.072649,4.48106
2024-06-12,AAPL,0.028578,4.6377
2024-06-13,AAPL,0.005491,4.668658
2024-06-14,AAPL,-0.008168,4.622354
2024-06-17,AAPL,0.019671,4.732954
2024-06-18,AAPL,-0.010984,4.669981
2024-06-20,AAPL,-0.021513,4.548003
2024-06-21,AAPL,-0.010444,4.490057
2024-06-24,AAPL,0.003133,4.507255
2024-06-25,AAPL,0.004468,4.531863
2024-06-26,AAPL,0.019993,4.642462
2024-06-27,AAPL,0.003986,4.664953
2024-06-28,AAPL,-0.016254,4.572875
2024-07-01,AAPL,0.029105,4.735071
2024-07-02,AAPL,0.01624,4.828209
2024-07-03,AAPL,0.005811,4.862076
2024-07-05,AAPL,0.02162,4.988816
2024-07-08,AAPL,0.006539,5.027977
2024-07-09,AAPL,0.003775,5.050731
2024-07-10,AAPL,0.018804,5.164506
2024-07-11,AAPL,-0.023221,5.021361
2024-07-12,AAPL,0.013051,5.099945
2024-07-15,AAPL,0.016743,5.202079
2024-07-16,AAPL,0.001792,5.213193
2024-07-17,AAPL,-0.025296,5.056023
2024-07-18,AAPL,-0.020535,4.931664
2024-07-19,AAPL,0.00058,4.935103
2024-07-22,AAPL,-0.00156,4.925843
2024-07-23,AAPL,0.004688,4.953625
2024-07-24,AAPL,-0.028754,4.782432
2024-07-25,AAPL,-0.004804,4.754651
2024-07-26,AAPL,0.002161,4.767087
2024-07-29,AAPL,0.001285,4.774495
2024-07-30,AAPL,0.002566,4.789313
2024-07-31,AAPL,0.014991,4.876099
2024-08-01,AAPL,-0.016751,4.777671
2024-08-02,AAPL,0.006869,4.817359
2024-08-05,AAPL,-0.048167,4.537155
2024-08-06,AAPL,-0.009748,4.483177
2024-08-07,AAPL,0.012498,4.551707
2024-08-08,AAPL,0.016633,4.644051
2024-08-09,AAPL,0.013736,4.721577
2024-08-12,AAPL,0.00713,4.762371
2024-08-13,AAPL,0.017193,4.861444
2024-08-14,AAPL,0.002034,4.873364
2024-08-15,AAPL,0.013531,4.952834
2024-08-16,AAPL,0.005919,4.988066
2024-08-19,AAPL,-0.000708,4.983828
2024-08-20,AAPL,0.002745,5.000252
2024-08-21,AAPL,-0.000486,4.997337
2024-08-22,AAPL,-0.00826,4.947802
2024-08-23,AAPL,0.010288,5.008993
2024-08-26,AAPL,0.001499,5.018
2024-08-27,AAPL,0.003742,5.040517
2024-08-28,AAPL,-0.006754,4.999721
2024-08-29,AAPL,0.01457,5.087139
2024-08-30,AAPL,-0.003438,5.066212
2024-09-03,AAPL,-0.027205,4.901179
2024-09-04,AAPL,-0.008619,4.850319
2024-09-05,AAPL,0.006928,4.890848
2024-09-06,AAPL,-0.007015,4.849523
2024-09-09,AAPL,0.000408,4.851908
2024-09-10,AAPL,-0.003621,4.830716
2024-09-11,AAPL,0.011585,4.898265
2024-09-12,AAPL,0.000494,4.901179
2024-09-13,AAPL,-0.001212,4.894026
2024-09-16,AAPL,-0.027775,4.730318
2024-09-17,AAPL,0.002173,4.742769
2024-09-18,AAPL,0.01799,4.84608
2024-09-19,AAPL,0.037065,5.062768
2024-09-20,AAPL,-0.002927,5.04502
2024-09-23,AAPL,-0.007581,4.999192
2024-09-24,AAPL,0.003974,5.023033
2024-09-25,AAPL,-0.004398,4.996543
2024-09-26,AAPL,0.00508,5.027007
2024-09-27,AAPL,0.001187,5.034158
2024-09-30,AAPL,0.022872,5.172172
2024-10-01,AAPL,-0.029142,4.992305
2024-10-02,AAPL,0.00252,5.007404
2024-10-03,AAPL,-0.004895,4.977999
2024-10-04,AAPL,0.005007,5.007934
2024-10-07,AAPL,-0.022531,4.87257
2024-10-08,AAPL,0.018404,4.980649
2024-10-09,AAPL,0.016698,5.080516
2024-10-10,AAPL,-0.002178,5.067271
2024-10-11,AAPL,-0.006505,5.027802
2024-10-14,AAPL,0.01648,5.127138
2024-10-15,AAPL,0.011025,5.194689
2024-10-16,AAPL,-0.008852,5.139854
2024-10-17,AAPL,0.001596,5.149655
2024-10-18,AAPL,0.012277,5.225152
2024-10-21,AAPL,0.006298,5.264357
2024-10-22,AAPL,-0.002622,5.247934
2024-10-23,AAPL,-0.021623,5.112834
2024-10-24,AAPL,-0.000823,5.107801
2024-10-25,AAPL,0.003643,5.130053
2024-10-28,AAPL,0.008599,5.182768
2024-10-29,AAPL,0.001157,5.18992
2024-10-30,AAPL,-0.015278,5.095351
2024-10-31,AAPL,-0.018209,4.984357
2024-11-01,AAPL,-0.01328,4.904888
2024-11-04,AAPL,-0.004037,4.881047
2024-11-05,AAPL,0.006486,4.919192
2024-11-06,AAPL,-0.003267,4.899855
2024-11-07,AAPL,0.021372,5.025947
2024-11-08,AAPL,-0.001188,5.018787
2024-11-11,AAPL,-0.012029,4.946389
2024-11-12,AAPL,0.0,4.946389
2024-11-13,AAPL,0.003969,4.969991
2024-11-14,AAPL,0.01377,5.052201
2024-11-15,AAPL,-0.014109,4.96681
2024-11-18,AAPL,0.013422,5.046897
2024-11-19,AAPL,0.00114,5.053792
2024-11-20,AAPL,0.003154,5.072885
2024-11-21,AAPL,-0.002096,5.060157
2024-11-22,AAPL,0.005908,5.095958
2024-11-25,AAPL,0.013051,5.175514
2024-11-26,AAPL,0.009404,5.233592
2024-11-27,AAPL,-0.000553,5.230144
2024-11-29,AAPL,0.010216,5.293791
2024-12-02,AAPL,0.009523,5.353724
2024-12-03,AAPL,0.012772,5.434872
2024-12-04,AAPL,0.001484,5.444419
2024-12-05,AAPL,0.000123,5.445214
2024-12-06,AAPL,-0.000823,5.43991
2024-12-09,AAPL,0.016101,5.543601
2024-12-10,AAPL,0.004134,5.570651
2024-12-11,AAPL,-0.005166,5.536706
2024-12-12,AAPL,0.005964,5.57569
2024-12-13,AAPL,0.000686,5.580197
2024-12-16,AAPL,0.011728,5.657367
2024-12-17,AAPL,0.00972,5.722074
2024-12-18,AAPL,-0.021422,5.578076
2024-12-19,AAPL,0.007015,5.624219
2024-12-20,AAPL,0.018816,5.74886
2024-12-23,AAPL,0.003065,5.769544
2024-12-24,AAPL,0.011478,5.847246
2024-12-26,AAPL,0.003176,5.86899
2024-12-27,AAPL,-0.013242,5.77803
2024-12-30,AAPL,-0.013263,5.68813
2019-01-03,MSFT,-0.036788,-0.036788
2019-01-04,MSFT,0.046509,0.00801
2019-01-07,MSFT,0.001276,0.009296
2019-01-08,MSFT,0.00725,0.016614
2019-01-09,MSFT,0.0143,0.031151
2019-01-10,MSFT,-0.006426,0.024525
2019-01-11,MSFT,-0.007722,0.016614
2019-01-14,MSFT,-0.007296,0.009197
2019-01-15,MSFT,0.029006,0.038469
2019-01-16,MSFT,0.003523,0.042128
2019-01-17,MSFT,0.007022,0.049446
2019-01-18,MSFT,0.014983,0.06517
2019-01-22,MSFT,-0.018847,0.045095
2019-01-23,MSFT,0.009746,0.055281
2019-01-24,MSFT,-0.004779,0.050237
2019-01-25,MSFT,0.009134,0.05983
2019-01-28,MSFT,-0.019502,0.039161
2019-01-29,MSFT,-0.020365,0.017999
2019-01-30,MSFT,0.033417,0.052017
2019-01-31,MSFT,-0.01833,0.032734
2019-02-01,MSFT,-0.0158,0.016416
2019-02-04,MSFT,0.028799,0.045688
2019-02-05,MSFT,0.013997,0.060324
2019-02-06,MSFT,-0.011099,0.048556
2019-02-07,MSFT,-0.007168,0.04104
2019-02-08,MSFT,0.0038,0.044996
2019-02-11,MSFT,-0.003975,0.040843
2019-02-12,MSFT,0.015582,0.057061
2019-02-13,MSFT,-0.000748,0.05627
2019-02-14,MSFT,0.000843,0.05716
2019-02-15,MSFT,0.012348,0.070214
2019-02-19,MSFT,-0.000462,0.069719
2019-02-20,MSFT,-0.005199,0.064158
2019-02-21,MSFT,0.021092,0.086603
2019-02-22,MSFT,0.014259,0.102096
2019-02-25,MSFT,0.005587,0.108254
2019-02-26,MSFT,0.0069,0.1159
2019-02-27,MSFT,-0.001691,0.114013
2019-02-28,MSFT,-0.001248,0.112623
2019-03-01,MSFT,0.004463,0.117589
2019-03-04,MSFT,-0.002399,0.114907
2019-03-05,MSFT,-0.004989,0.109346
2019-03-06,MSFT,0.000448,0.109842
2019-03-07,MSFT,-0.01217,0.096336
2019-03-08,MSFT,0.001087,0.097528
2019-03-11,MSFT,0.020993,0.120568
2019-03-12,MSFT,0.007002,0.128414
2019-03-13,MSFT,0.007745,0.137154
2019-03-14,MSFT,0.000786,0.138048
2019-03-15,MSFT,0.01152,0.151157
2019-03-18,MSFT,0.014322,0.167644
2019-03-19,MSFT,0.00068,0.168438
2019-03-20,MSFT,-0.001105,0.167147
2019-03-21,MSFT,0.022975,0.193962
2019-03-22,MSFT,-0.026368,0.162479
2019-03-25,MSFT,0.005212,0.168537
2019-03-26,MSFT,0.002125,0.17102
2019-03-27,MSFT,-0.009669,0.159698
2019-03-28,MSFT,0.00137,0.161287
2019-03-29,MSFT,0.008638,0.171318
2019-04-01,MSFT,0.009157,0.182044
2019-04-02,MSFT,0.001428,0.183733
2019-04-03,MSFT,0.006544,0.191479
2019-04-04,MSFT,-0.005085,0.185421
2019-04-05,MSFT,0.00444,0.190684
2019-04-08,MSFT,0.000334,0.191082
2019-04-09,MSFT,-0.00542,0.184627
2019-04-10,MSFT,0.007629,0.193664
2019-04-11,MSFT,0.001165,0.195054
2019-04-12,MSFT,0.005152,0.201212
2019-04-15,MSFT,0.000827,0.202205
2019-04-16,MSFT,-0.002313,0.199424
2019-04-17,MSFT,0.00828,0.209356
2019-04-18,MSFT,0.01314,0.225246
2019-04-22,MSFT,0.003161,0.22912
2019-04-23,MSFT,0.013575,0.245804
2019-04-24,MSFT,-0.003428,0.241534
2019-04-25,MSFT,0.033117,0.28265
2019-04-26,MSFT,0.00573,0.289999
2019-04-29,MSFT,-0.000924,0.288808
2019-04-30,MSFT,0.006396,0.297051
2019-05-01,MSFT,-0.020827,0.270037
2019-05-02,MSFT,-0.013059,0.253451
2019-05-03,MSFT,0.021314,0.280167
2019-05-06,MSFT,-0.005818,0.272719
2019-05-07,MSFT,-0.020523,0.246599
2019-05-08,MSFT,-8e-05,0.246499
2019-05-09,MSFT,-8e-05,0.2464
2019-05-10,MSFT,0.012988,0.262589
2019-05-13,MSFT,-0.029733,0.225048
2019-05-14,MSFT,0.011188,0.238753
2019-05-15,MSFT,0.014082,0.256197
2019-05-16,MSFT,0.023092,0.285205
2019-05-17,MSFT,-0.00667,0.276632
2019-05-20,MSFT,-0.014445,0.258191
2019-05-21,MSFT,0.005387,0.264969
2019-05-22,MSFT,0.006068,0.272645
2019-05-23,MSFT,-0.011671,0.257792
2019-05-24,MSFT,0.000475,0.25839
2019-05-28,MSFT,-0.000634,0.257593
2019-05-29,MSFT,-0.00967,0.245432
2019-05-30,MSFT,0.006323,0.253307
2019-05-31,MSFT,-0.016305,0.232872
2019-06-03,MSFT,-0.031048,0.194594
2019-06-04,MSFT,0.027704,0.227688
2019-06-05,MSFT,0.021679,0.254304
2019-06-06,MSFT,0.015815,0.27414
2019-06-07,MSFT,0.028008,0.309827
2019-06-10,MSFT,0.009132,0.321788
2019-06-11,MSFT,-0.003771,0.316804
2019-06-12,MSFT,-0.004617,0.310724
2019-06-13,MSFT,0.006312,0.318997
2019-06-14,MSFT,0.000982,0.320293
2019-06-17,MSFT,0.00302,0.32428
2019-06-18,MSFT,0.017388,0.347307
2019-06-19,MSFT,0.003921,0.35259
2019-06-20,MSFT,0.009286,0.36515
2019-06-21,MSFT,0.000146,0.36535
2019-06-24,MSFT,0.005914,0.373424
2019-06-25,MSFT,-0.031572,0.330062
2019-06-26,MSFT,0.003747,0.335046
2019-06-27,MSFT,0.001643,0.33724
2019-06-28,MSFT,-0.001416,0.335345
2019-07-01,MSFT,0.01284,0.352491
2019-07-02,MSFT,0.006633,0.361462
2019-07-03,MSFT,0.006443,0.370234
2019-07-05,MSFT,-0.00291,0.366247
2019-07-08,MSFT,-0.000729,0.36525
2019-07-09,MSFT,-0.003651,0.360266
2019-07-10,MSFT,0.010186,0.374121
2019-07-11,MSFT,0.00399,0.379604
2019-07-12,MSFT,0.003613,0.384588
2019-07-15,MSFT,0.0,0.384588
2019-07-16,MSFT,-0.013103,0.366446
2019-07-17,MSFT,-0.005909,0.358372
2019-07-18,MSFT,0.0011,0.359867
2019-07-19,MSFT,0.001466,0.361861
2019-07-22,MSFT,0.013248,0.379903
2019-07-23,MSFT,0.006212,0.388476
2019-07-24,MSFT,0.010267,0.402731
2019-07-25,MSFT,-0.003767,0.397447
2019-07-26,MSFT,0.008203,0.40891
2019-07-29,MSFT,-0.002193,0.405821
2019-07-30,MSFT,-0.004822,0.399042
2019-07-31,MSFT,-0.02907,0.358372
2019-08-01,MSFT,0.013136,0.376215
2019-08-02,MSFT,-0.008402,0.364652
2019-08-05,MSFT,-0.034259,0.317901
2019-08-06,MSFT,0.018758,0.342622
2019-08-07,MSFT,0.004381,0.348503
2019-08-08,MSFT,0.026685,0.384489
2019-08-09,MSFT,-0.008496,0.372726
2019-08-12,MSFT,-0.013942,0.353587
2019-08-13,MSFT,0.020694,0.381598
2019-08-14,MSFT,-0.030115,0.339992
2019-08-15,MSFT,-0.002239,0.336991
2019-08-16,MSFT,0.018328,0.361495
2019-08-19,MSFT,0.016749,0.384298
2019-08-20,MSFT,-0.008309,0.372797
2019-08-21,MSFT,0.011146,0.388098
2019-08-22,MSFT,-0.007277,0.377997
2019-08-23,MSFT,-0.031862,0.334091
2019-08-26,MSFT,0.015444,0.354694
2019-08-27,MSFT,0.002141,0.357594
2019-08-28,MSFT,-0.001326,0.355794
2019-08-29,MSFT,0.018885,0.381398
2019-08-30,MSFT,-0.001883,0.378797
2019-09-03,MSFT,-0.013202,0.360595
2019-09-04,MSFT,0.011688,0.376497
2019-09-05,MSFT,0.017584,0.400701
2019-09-06,MSFT,-0.006784,0.391199
2019-09-09,MSFT,-0.011358,0.375397
2019-09-10,MSFT,-0.010471,0.360995
2019-09-11,MSFT,0.000294,0.361395
2019-09-12,MSFT,0.010286,0.375397
2019-09-13,MSFT,-0.001454,0.373397
2019-09-16,MSFT,-0.00721,0.363495
2019-09-17,MSFT,0.007775,0.374097
2019-09-18,MSFT,0.008225,0.385398
2019-09-19,MSFT,0.018409,0.410902
2019-09-20,MSFT,-0.011555,0.3946
2019-09-23,MSFT,-0.002151,0.391599
2019-09-24,MSFT,-0.012649,0.373997
2019-09-25,MSFT,0.014412,0.3938
2019-09-26,MSFT,0.001291,0.3956
2019-09-27,MSFT,-0.012971,0.377497
2019-09-30,MSFT,0.009439,0.390499
2019-10-01,MSFT,-0.014097,0.370896
2019-10-02,MSFT,-0.017655,0.346693
2019-10-03,MSFT,0.012105,0.362995
2019-10-04,MSFT,0.013502,0.381398
2019-10-07,MSFT,-0.00724,0.371396
2019-10-08,MSFT,-0.010575,0.356894
2019-10-09,MSFT,0.018943,0.382598
2019-10-10,MSFT,0.006221,0.391199
2019-10-11,MSFT,0.00417,0.397
2019-10-14,MSFT,-0.000931,0.3957
2019-10-15,MSFT,0.014475,0.415903
2019-10-16,MSFT,-0.008194,0.404301
2019-10-17,MSFT,-0.005128,0.3971
2019-10-18,MSFT,-0.016322,0.374297
2019-10-21,MSFT,0.007423,0.384498
2019-10-22,MSFT,-0.014881,0.363895
2019-10-23,MSFT,0.00638,0.372597
2019-10-24,MSFT,0.019674,0.399601
2019-10-25,MSFT,0.005645,0.407501
2019-10-28,MSFT,0.024586,0.442106
2019-10-29,MSFT,-0.009432,0.428504
2019-10-30,MSFT,0.012462,0.446307
2019-10-31,MSFT,-0.008575,0.433905
2019-11-01,MSFT,0.002441,0.437406
2019-11-04,MSFT,0.005775,0.445707
2019-11-05,MSFT,-0.000623,0.444807
2019-11-06,MSFT,-0.002769,0.440806
2019-11-07,MSFT,0.001388,0.442806
2019-11-08,MSFT,0.011784,0.459809
2019-11-11,MSFT,0.001028,0.46131
2019-11-12,MSFT,0.00657,0.470911
2019-11-13,MSFT,0.001632,0.473311
2019-11-14,MSFT,0.005091,0.480812
2019-11-15,MSFT,0.0129,0.499915
2019-11-18,MSFT,0.002467,0.503615
2019-11-19,MSFT,0.000333,0.504115
2019-11-20,MSFT,-0.001734,0.501506
2019-11-21,MSFT,-0.000936,0.500101
2019-11-22,MSFT,0.000736,0.501205
2019-11-25,MSFT,0.010964,0.517663
2019-11-26,MSFT,0.00529,0.525691
2019-11-27,MSFT,0.001908,0.528602
2019-11-29,MSFT,-0.006171,0.519169
2019-12-02,MSFT,-0.012089,0.500804
2019-12-03,MSFT,-0.001605,0.498395
2019-12-04,MSFT,0.003617,0.503815
2019-12-05,MSFT,0.000533,0.504617
2019-12-06,MSFT,0.012139,0.522882
2019-12-09,MSFT,-0.00257,0.518968
2019-12-10,MSFT,-0.001519,0.51666
2019-12-11,MSFT,0.003772,0.52238
2019-12-12,MSFT,0.010152,0.537834
2019-12-13,MSFT,0.008418,0.55078
2019-12-16,MSFT,0.006471,0.560815
2019-12-17,MSFT,-0.005401,0.552386
2019-12-18,MSFT,-0.002069,0.549174
2019-12-19,MSFT,0.008681,0.562622
2019-12-20,MSFT,0.010918,0.579683
2019-12-23,MSFT,0.0,0.579683
2019-12-24,MSFT,-0.000191,0.579381
2019-12-26,MSFT,0.008197,0.592327
2019-12-27,MSFT,0.001828,0.595237
2019-12-30,MSFT,-0.008618,0.581489
2019-12-31,MSFT,0.000698,0.582592
2020-01-02,MSFT,0.018516,0.611896
2020-01-03,MSFT,-0.012452,0.591825
2020-01-06,MSFT,0.002585,0.59594
2020-01-07,MSFT,-0.009118,0.581388
2020-01-08,MSFT,0.015929,0.606578
2020-01-09,MSFT,0.012493,0.626649
2020-01-10,MSFT,-0.004627,0.619122
2020-01-13,MSFT,0.012024,0.638591
2020-01-14,MSFT,-0.007043,0.62705
2020-01-15,MSFT,0.006476,0.637587
2020-01-16,MSFT,0.018323,0.667593
2020-01-17,MSFT,0.005596,0.676926
2020-01-21,MSFT,-0.00359,0.670905
2020-01-22,MSFT,-0.004805,0.662877
2020-01-23,MSFT,0.006155,0.673112
2020-01-24,MSFT,-0.010076,0.656253
2020-01-27,MSFT,-0.016723,0.628555
2020-01-28,MSFT,0.019596,0.660468
2020-01-29,MSFT,0.015593,0.68636
2020-01-30,MSFT,0.028207,0.733927
2020-01-31,MSFT,-0.014758,0.708337
2020-02-03,MSFT,0.024379,0.749984
2020-02-04,MSFT,0.032917,0.807588
2020-02-05,MSFT,-0.001222,0.80538
2020-02-06,MSFT,0.020734,0.842812
2020-02-07,MSFT,0.001416,0.845421
2020-02-10,MSFT,0.026157,0.893692
2020-02-11,MSFT,-0.022576,0.850941
2020-02-12,MSFT,0.001464,0.853651
2020-02-13,MSFT,-0.005414,0.843615
2020-02-14,MSFT,0.008927,0.860074
2020-02-18,MSFT,0.010143,0.87894
2020-02-19,MSFT,0.002999,0.884575
2020-02-20,MSFT,-0.015271,0.855796
2020-02-21,MSFT,-0.031613,0.797129
2020-02-24,MSFT,-0.043116,0.719644
2020-02-25,MSFT,-0.016502,0.691268
2020-02-26,MSFT,0.012495,0.712399
2020-02-27,MSFT,-0.070459,0.591745
2020-02-28,MSFT,0.024213,0.630286
2020-03-02,MSFT,0.066539,0.738764
2020-03-03,MSFT,-0.047919,0.655444
2020-03-04,MSFT,0.036715,0.716223
2020-03-05,MSFT,-0.025095,0.673154
2020-03-06,MSFT,-0.028267,0.625859
2020-03-09,MSFT,-0.067772,0.51567
2020-03-10,MSFT,0.068384,0.619318
2020-03-11,MSFT,-0.045302,0.545959
2020-03-12,MSFT,-0.094838,0.399344
2020-03-13,MSFT,0.142169,0.598286
2020-03-16,MSFT,-0.147391,0.362714
2020-03-17,MSFT,0.082337,0.474916
2020-03-18,MSFT,-0.042096,0.412828
2020-03-19,MSFT,0.016453,0.436073
2020-03-20,MSFT,-0.037559,0.382136
2020-03-23,MSFT,-0.009974,0.36835
2020-03-24,MSFT,0.090895,0.492727
2020-03-25,MSFT,-0.009572,0.478438
2020-03-26,MSFT,0.062551,0.570915
2020-03-27,MSFT,-0.04106,0.506412
2020-03-30,MSFT,0.070341,0.612375
2020-03-31,MSFT,-0.015727,0.587016
2020-04-01,MSFT,-0.035508,0.530664
2020-04-02,MSFT,0.020709,0.562362
2020-04-03,MSFT,-0.009211,0.547972
2020-04-06,MSFT,0.074368,0.663091
2020-04-07,MSFT,-0.01077,0.64518
2020-04-08,MSFT,0.010031,0.661683
2020-04-09,MSFT,6e-05,0.661783
2020-04-13,MSFT,0.002241,0.665507
2020-04-14,MSFT,0.049483,0.747921
2020-04-15,MSFT,-0.010478,0.729607
2020-04-16,MSFT,0.030021,0.781531
2020-04-17,MSFT,0.008812,0.797229
2020-04-20,MSFT,-0.019821,0.761607
2020-04-21,MSFT,-0.041357,0.688751
2020-04-22,MSFT,0.033965,0.74611
2020-04-23,MSFT,-0.012102,0.724978
2020-04-24,MSFT,0.018259,0.756475
2020-04-27,MSFT,-0.002865,0.751443
2020-04-28,MSFT,-0.024361,0.708777
2020-04-29,MSFT,0.044874,0.785456
2020-04-30,MSFT,0.010032,0.803368
2020-05-01,MSFT,-0.025891,0.756676
2020-05-04,MSFT,0.02446,0.799644
2020-05-05,MSFT,0.010736,0.818965
2020-05-06,MSFT,0.009848,0.836877
2020-05-07,MSFT,0.005807,0.847544
2020-05-08,MSFT,0.005882,0.858411
2020-05-11,MSFT,0.011155,0.879141
2020-05-12,MSFT,-0.022652,0.836575
2020-05-13,MSFT,-0.015122,0.808802
2020-05-14,MSFT,0.004339,0.81665
2020-05-15,MSFT,0.014568,0.843116
2020-05-18,MSFT,0.009554,0.860726
2020-05-19,MSFT,-0.006922,0.847845
2020-05-20,MSFT,0.013871,0.873477
2020-05-21,MSFT,-0.012011,0.850974
2020-05-22,MSFT,0.000436,0.851781
2020-05-26,MSFT,-0.010571,0.832205
2020-05-27,MSFT,0.001322,0.834627
2020-05-28,MSFT,-0.002255,0.830489
2020-05-29,MSFT,0.010198,0.849157
2020-06-01,MSFT,-0.002291,0.84492
2020-06-02,MSFT,0.011376,0.865908
2020-06-03,MSFT,0.002434,0.870449
2020-06-04,MSFT,-0.013164,0.845827
2020-06-05,MSFT,0.023398,0.889016
2020-06-08,MSFT,0.006197,0.900722
2020-06-09,MSFT,0.007645,0.915253
2020-06-10,MSFT,0.037091,0.986293
2020-06-11,MSFT,-0.053698,0.879632
2020-06-12,MSFT,0.007892,0.894466
2020-06-15,MSFT,0.006392,0.906575
2020-06-16,MSFT,0.024505,0.953296
2020-06-17,MSFT,0.003461,0.960057
2020-06-18,MSFT,0.010708,0.981046
2020-06-19,MSFT,-0.00596,0.969239
2020-06-22,MSFT,0.027774,1.023932
2020-06-23,MSFT,0.006681,1.037454
2020-06-24,MSFT,-0.020158,0.996384
2020-06-25,MSFT,0.012636,1.021611
2020-06-26,MSFT,-0.020016,0.981147
2020-06-29,MSFT,0.010747,1.002438
2020-06-30,MSFT,0.025549,1.053599
2020-07-01,MSFT,0.005848,1.065608
2020-07-02,MSFT,0.007621,1.081349
2020-07-06,MSFT,0.021526,1.126153
2020-07-07,MSFT,-0.011628,1.10143
2020-07-08,MSFT,0.021993,1.147647
2020-07-09,MSFT,0.007001,1.162682
2020-07-10,MSFT,-0.003033,1.156123
2020-07-13,MSFT,-0.030889,1.089523
2020-07-14,MSFT,0.006181,1.102439
2020-07-15,MSFT,-0.001488,1.099311
2020-07-16,MSFT,-0.019804,1.057736
2020-07-17,MSFT,-0.0051,1.047242
2020-07-20,MSFT,0.042981,1.135234
2020-07-21,MSFT,-0.013469,1.106476
2020-07-22,MSFT,0.014371,1.136748
2020-07-23,MSFT,-0.043495,1.043811
2020-07-24,MSFT,-0.006122,1.031299
2020-07-27,MSFT,0.012667,1.05703
2020-07-28,MSFT,-0.008977,1.038564
2020-07-29,MSFT,0.010098,1.05915
2020-07-30,MSFT,-0.000785,1.057534
2020-07-31,MSFT,0.005444,1.068735
2020-08-03,MSFT,0.056241,1.185083
2020-08-04,MSFT,-0.015009,1.152288
2020-08-05,MSFT,-0.001641,1.148757
2020-08-06,MSFT,0.016014,1.183166
2020-08-07,MSFT,-0.017888,1.144114
2020-08-10,MSFT,-0.019908,1.10143
2020-08-11,MSFT,-0.023385,1.052287
2020-08-12,MSFT,0.028567,1.110916
2020-08-13,MSFT,-0.002343,1.105971
2020-08-14,MSFT,0.000958,1.107989
2020-08-17,MSFT,0.006606,1.121914
2020-08-18,MSFT,0.005754,1.134124
2020-08-19,MSFT,-0.006067,1.121177
2020-08-20,MSFT,0.023271,1.17054
2020-08-21,MSFT,-0.00727,1.15476
2020-08-24,MSFT,0.003145,1.161537
2020-08-25,MSFT,0.01301,1.189658
2020-08-26,MSFT,0.021619,1.236997
2020-08-27,MSFT,0.024553,1.291923
2020-08-28,MSFT,0.010283,1.315492
2020-08-31,MSFT,-0.014766,1.281302
2020-09-01,MSFT,0.007715,1.298903
2020-09-02,MSFT,0.019272,1.343207
2020-09-03,MSFT,-0.061947,1.198053
2020-09-04,MSFT,-0.014036,1.167201
2020-09-08,MSFT,-0.054096,1.049965
2020-09-09,MSFT,0.042584,1.13726
2020-09-10,MSFT,-0.028018,1.077377
2020-09-11,MSFT,-0.006525,1.063823
2020-09-14,MSFT,0.006764,1.077782
2020-09-15,MSFT,0.016406,1.111871
2020-09-16,MSFT,-0.017866,1.074141
2020-09-17,MSFT,-0.010437,1.052494
2020-09-18,MSFT,-0.012419,1.027004
2020-09-21,MSFT,0.010729,1.048751
2020-09-22,MSFT,0.024094,1.098114
2020-09-23,MSFT,-0.032928,1.029027
2020-09-24,MSFT,0.012962,1.055327
2020-09-25,MSFT,0.022786,1.10216
2020-09-28,MSFT,0.007795,1.118548
2020-09-29,MSFT,-0.010409,1.096496
2020-09-30,MSFT,0.014812,1.12755
2020-10-01,MSFT,0.010127,1.149095
2020-10-02,MSFT,-0.029511,1.085673
2020-10-05,MSFT,0.020321,1.128055
2020-10-06,MSFT,-0.021247,1.08284
2020-10-07,MSFT,0.019037,1.122492
2020-10-08,MSFT,0.003574,1.130078
2020-10-09,MSFT,0.024836,1.182981
2020-10-12,MSFT,0.025903,1.239526
2020-10-13,MSFT,0.006595,1.254295
2020-10-14,MSFT,-0.008974,1.234064
2020-10-15,MSFT,-0.005433,1.221925
2020-10-16,MSFT,0.0,1.221925
2020-10-19,MSFT,-0.024766,1.166898
2020-10-20,MSFT,0.002007,1.171248
2020-10-21,MSFT,0.000699,1.172765
2020-10-22,MSFT,0.000419,1.173675
2020-10-23,MSFT,0.006236,1.18723
2020-10-26,MSFT,-0.028442,1.12502
2020-10-27,MSFT,0.01509,1.157086
2020-10-28,MSFT,-0.049566,1.050168
2020-10-29,MSFT,0.010065,1.070803
2020-10-30,MSFT,-0.010991,1.048044
2020-11-02,MSFT,-0.000692,1.046627
2020-11-03,MSFT,0.020264,1.0881
2020-11-04,MSFT,0.048249,1.188849
2020-11-05,MSFT,0.031887,1.258644
2020-11-06,MSFT,0.001926,1.262993
2020-11-09,MSFT,-0.023824,1.209079
2020-11-10,MSFT,-0.033793,1.134428
2020-11-11,MSFT,0.026255,1.190467
2020-11-12,MSFT,-0.005126,1.179239
2020-11-13,MSFT,0.004966,1.190062
2020-11-16,MSFT,0.003326,1.197345
2020-11-17,MSFT,-0.012751,1.169326
2020-11-18,MSFT,-0.013184,1.140726
2020-11-19,MSFT,0.006348,1.154316
2020-11-20,MSFT,-0.009556,1.133728
2020-11-23,MSFT,-0.001331,1.130888
2020-11-24,MSFT,0.017848,1.16892
2020-11-25,MSFT,4.7e-05,1.169022
2020-11-27,MSFT,0.006359,1.182814
2020-11-30,MSFT,-0.00539,1.17105
2020-12-01,MSFT,0.009997,1.192753
2020-12-02,MSFT,-0.003885,1.184234
2020-12-03,MSFT,-0.005247,1.172774
2020-12-04,MSFT,0.00056,1.173991
2020-12-07,MSFT,-0.000326,1.173282
2020-12-08,MSFT,0.008026,1.190725
2020-12-09,MSFT,-0.01949,1.148028
2020-12-10,MSFT,-0.006043,1.135047
2020-12-11,MSFT,0.013015,1.162835
2020-12-14,MSFT,0.004408,1.172368
2020-12-15,MSFT,-0.000327,1.171659
2020-12-16,MSFT,0.024051,1.223889
2020-12-17,MSFT,0.000638,1.225308
2020-12-18,MSFT,-0.003783,1.216891
2020-12-21,MSFT,0.018299,1.257458
2020-12-22,MSFT,0.006065,1.271149
2020-12-23,MSFT,-0.013039,1.241535
2020-12-24,MSFT,0.007827,1.25908
2020-12-28,MSFT,0.009922,1.281494
2020-12-29,MSFT,-0.003601,1.273279
2020-12-30,MSFT,-0.011019,1.248229
2020-12-31,MSFT,0.003338,1.255734
2021-01-04,MSFT,-0.021266,1.207763
2021-01-05,MSFT,0.000965,1.209893
2021-01-06,MSFT,-0.025929,1.152592
2021-01-07,MSFT,0.028457,1.213848
2021-01-08,MSFT,0.006093,1.227337
2021-01-11,MSFT,-0.009699,1.205735
2021-01-12,MSFT,-0.011771,1.179772
2021-01-13,MSFT,0.00656,1.194071
2021-01-14,MSFT,-0.015346,1.160401
2021-01-15,MSFT,-0.001737,1.156648
2021-01-19,MSFT,0.017823,1.195086
2021-01-20,MSFT,0.0365,1.275206
2021-01-21,MSFT,0.002808,1.281595
2021-01-22,MSFT,0.004356,1.291535
2021-01-25,MSFT,0.015844,1.327841
2021-01-26,MSFT,0.012199,1.356239
2021-01-27,MSFT,0.002453,1.36202
2021-01-28,MSFT,0.025891,1.423175
2021-01-29,MSFT,-0.029172,1.352486
2021-02-01,MSFT,0.033152,1.430477
2021-02-02,MSFT,-0.000584,1.429057
2021-02-03,MSFT,0.014571,1.464452
2021-02-04,MSFT,-0.004074,1.454411
2021-02-05,MSFT,0.000785,1.456338
2021-02-08,MSFT,0.001115,1.459076
2021-02-09,MSFT,0.005362,1.472261
2021-02-10,MSFT,-0.003897,1.462626
2021-02-11,MSFT,0.006877,1.479563
2021-02-12,MSFT,0.002045,1.484634
2021-02-16,MSFT,-0.005266,1.47155
2021-02-17,MSFT,0.00436,1.482326
2021-02-18,MSFT,-0.001679,1.478158
2021-02-19,MSFT,-0.011567,1.449492
2021-02-22,MSFT,-0.026808,1.383826
2021-02-23,MSFT,-0.005288,1.371221
2021-02-24,MSFT,0.005487,1.384233
2021-02-25,MSFT,-0.023705,1.327714
2021-02-26,MSFT,0.014804,1.362174
2021-03-01,MSFT,0.019623,1.408527
2021-03-02,MSFT,-0.012957,1.37732
2021-03-03,MSFT,-0.026981,1.313178
2021-03-04,MSFT,-0.003647,1.304741
2021-03-05,MSFT,0.021479,1.354245
2021-03-08,MSFT,-0.018178,1.31145
2021-03-09,MSFT,0.028102,1.376405
2021-03-10,MSFT,-0.005818,1.36258
2021-03-11,MSFT,0.020265,1.410458
2021-03-12,MSFT,-0.00582,1.39643
2021-03-15,MSFT,-0.003987,1.386875
2021-03-16,MSFT,0.01235,1.416354
2021-03-17,MSFT,-0.002818,1.409543
2021-03-18,MSFT,-0.026662,1.3453
2021-03-19,MSFT,-0.001604,1.341538
2021-03-22,MSFT,0.024485,1.39887
2021-03-23,MSFT,0.006737,1.415032
2021-03-24,MSFT,-0.008923,1.393482
2021-03-25,MSFT,-0.013251,1.361767
2021-03-26,MSFT,0.017819,1.403851
2021-03-29,MSFT,-0.005244,1.391246
2021-03-30,MSFT,-0.014411,1.356786
2021-03-31,MSFT,0.016908,1.396634
2021-04-01,MSFT,0.027908,1.46352
2021-04-05,MSFT,0.027729,1.53183
2021-04-06,MSFT,-0.004858,1.51953
2021-04-07,MSFT,0.00823,1.540267
2021-04-08,MSFT,0.013405,1.57432
2021-04-09,MSFT,0.010267,1.60075
2021-04-12,MSFT,0.000234,1.60136
2021-04-13,MSFT,0.010082,1.627586
2021-04-14,MSFT,-0.011219,1.598107
2021-04-15,MSFT,0.015298,1.637852
2021-04-16,MSFT,0.004778,1.650457
2021-04-19,MSFT,-0.007671,1.630126
2021-04-20,MSFT,-0.001855,1.625248
2021-04-21,MSFT,0.008983,1.648831
2021-04-22,MSFT,-0.013086,1.614168
2021-04-23,MSFT,0.015476,1.654625
2021-04-26,MSFT,0.001532,1.658691
2021-04-27,MSFT,0.001606,1.66296
2021-04-28,MSFT,-0.028286,1.587636
2021-04-29,MSFT,-0.008053,1.566798
2021-04-30,MSFT,-0.001307,1.563444
2021-05-03,MSFT,-0.001269,1.56019
2021-05-04,MSFT,-0.01616,1.518819
2021-05-05,MSFT,-0.005327,1.5054
2021-05-06,MSFT,0.013227,1.538539
2021-05-07,MSFT,0.010932,1.56629
2021-05-10,MSFT,-0.020914,1.512618
2021-05-11,MSFT,-0.003843,1.502961
2021-05-12,MSFT,-0.029363,1.429467
2021-05-13,MSFT,0.016862,1.470432
2021-05-14,MSFT,0.021068,1.522478
2021-05-17,MSFT,-0.011969,1.492287
2021-05-18,MSFT,-0.008565,1.470941
2021-05-19,MSFT,0.002474,1.477054
2021-05-20,MSFT,0.01382,1.511288
2021-05-21,MSFT,-0.005315,1.497941
2021-05-24,MSFT,0.022882,1.555098
2021-05-25,MSFT,0.003748,1.564676
2021-05-26,MSFT,-0.000914,1.562333
2021-05-27,MSFT,-0.008668,1.540122
2021-05-28,MSFT,0.001484,1.543891
2021-06-01,MSFT,-0.009132,1.520661
2021-06-02,MSFT,-0.000404,1.519642
2021-06-03,MSFT,-0.00643,1.503442
2021-06-04,MSFT,0.020675,1.555201
2021-06-07,MSFT,0.012042,1.58597
2021-06-08,MSFT,-0.004885,1.573337
2021-06-09,MSFT,0.004038,1.583729
2021-06-10,MSFT,0.014393,1.620917
2021-06-11,MSFT,0.002527,1.627539
2021-06-14,MSFT,0.007755,1.647917
2021-06-15,MSFT,-0.005887,1.632328
2021-06-16,MSFT,-0.003793,1.622344
2021-06-17,MSFT,0.013676,1.658207
2021-06-18,MSFT,-0.005634,1.64323
2021-06-21,MSFT,0.012335,1.675834
2021-06-22,MSFT,0.010966,1.705176
2021-06-23,MSFT,-0.000904,1.702732
2021-06-24,MSFT,0.005353,1.717199
2021-06-25,MSFT,-0.006262,1.700184
2021-06-28,MSFT,0.013961,1.737882
2021-06-29,MSFT,0.009973,1.765188
2021-06-30,MSFT,-0.001842,1.760093
2021-07-01,MSFT,0.002584,1.767225
2021-07-02,MSFT,0.022275,1.828866
2021-07-06,MSFT,3.6e-05,1.828969
2021-07-07,MSFT,0.008175,1.852097
2021-07-08,MSFT,-0.008967,1.826523
2021-07-09,MSFT,0.001874,1.831821
2021-07-12,MSFT,-0.002231,1.825504
2021-07-13,MSFT,0.013198,1.862795
2021-07-14,MSFT,0.005445,1.878384
2021-07-15,MSFT,-0.005239,1.863304
2021-07-16,MSFT,-0.000996,1.860451
2021-07-19,MSFT,-0.013321,1.822346
2021-07-20,MSFT,0.008339,1.845881
2021-07-21,MSFT,0.007447,1.867073
2021-07-22,MSFT,0.016845,1.915368
2021-07-23,MSFT,0.012337,1.951334
2021-07-26,MSFT,-0.002141,1.945017
2021-07-27,MSFT,-0.008684,1.919443
2021-07-28,MSFT,-0.001117,1.916183
2021-07-29,MSFT,0.000978,1.919036
2021-07-30,MSFT,-0.00555,1.902836
2021-08-02,MSFT,-0.000316,1.901919
2021-08-03,MSFT,0.008075,1.925353
2021-08-04,MSFT,-0.002125,1.919137
2021-08-05,MSFT,0.010506,1.949805
2021-08-06,MSFT,-0.000207,1.949194
2021-08-09,MSFT,-0.003904,1.937681
2021-08-10,MSFT,-0.006555,1.918424
2021-08-11,MSFT,0.00178,1.923621
2021-08-12,MSFT,0.009967,1.95276
2021-08-13,MSFT,0.01049,1.983733
2021-08-16,MSFT,0.005976,2.001564
2021-08-17,MSFT,-0.00516,1.986076
2021-08-18,MSFT,-0.006119,1.967804
2021-08-19,MSFT,0.020776,2.029462
2021-08-20,MSFT,0.025575,2.106941
2021-08-23,MSFT,0.000953,2.109901
2021-08-24,MSFT,-0.006664,2.089178
2021-08-25,MSFT,-0.002015,2.082952
2021-08-26,MSFT,-0.009669,2.053143
2021-08-27,MSFT,0.002106,2.059575
2021-08-30,MSFT,0.012912,2.09908
2021-08-31,MSFT,-0.005633,2.081624
2021-09-01,MSFT,-0.000165,2.081114
2021-09-02,MSFT,-0.002253,2.074173
2021-09-03,MSFT,-3.3e-05,2.07407
2021-09-07,MSFT,-0.003188,2.064271
2021-09-08,MSFT,0.0001,2.064577
2021-09-09,MSFT,-0.00986,2.034361
2021-09-10,MSFT,-0.005181,2.018641
2021-09-13,MSFT,0.004328,2.031707
2021-09-14,MSFT,0.009428,2.06029
2021-09-15,MSFT,0.016778,2.111637
2021-09-16,MSFT,0.001312,2.11572
2021-09-17,MSFT,-0.017529,2.061106
2021-09-20,MSFT,-0.018575,2.004247
2021-09-21,MSFT,0.001699,2.009351
2021-09-22,MSFT,0.012822,2.047937
2021-09-23,MSFT,0.003282,2.057941
2021-09-24,MSFT,-0.000701,2.055799
2021-09-27,MSFT,-0.017304,2.00292
2021-09-28,MSFT,-0.036203,1.894204
2021-09-29,MSFT,0.001693,1.899104
2021-09-30,MSFT,-0.007324,1.877871
2021-10-01,MSFT,0.025468,1.951165
2021-10-04,MSFT,-0.020719,1.890019
2021-10-05,MSFT,0.019957,1.947694
2021-10-06,MSFT,0.015065,1.992099
2021-10-07,MSFT,0.005936,2.009861
2021-10-08,MSFT,0.0,2.009861
2021-10-11,MSFT,-0.002103,2.003532
2021-10-12,MSFT,-0.004588,1.989752
2021-10-13,MSFT,0.011711,2.024766
2021-10-14,MSFT,0.021734,2.090506
2021-10-15,MSFT,0.004822,2.105409
2021-10-18,MSFT,0.010125,2.136851
2021-10-19,MSFT,0.003059,2.146446
2021-10-20,MSFT,-0.00266,2.138076
2021-10-21,MSFT,0.010897,2.172273
2021-10-22,MSFT,-0.005148,2.15594
2021-10-25,MSFT,-0.003332,2.145425
2021-10-26,MSFT,0.006426,2.165637
2021-10-27,MSFT,0.042114,2.298956
2021-10-28,MSFT,0.003651,2.311001
2021-10-29,MSFT,0.022414,2.385214
2021-11-01,MSFT,-0.006785,2.362245
2021-11-02,MSFT,0.011416,2.400628
2021-11-03,MSFT,0.002612,2.409509
2021-11-04,MSFT,0.007305,2.434417
2021-11-05,MSFT,-0.001129,2.430538
2021-11-08,MSFT,0.002767,2.440032
2021-11-09,MSFT,-0.003086,2.429415
2021-11-10,MSFT,-0.01533,2.376843
2021-11-11,MSFT,0.004927,2.393482
2021-11-12,MSFT,0.012905,2.437275
2021-11-15,MSFT,-0.00193,2.43064
2021-11-16,MSFT,0.010236,2.465757
2021-11-17,MSFT,0.000679,2.468109
2021-11-18,MSFT,0.00634,2.490095
2021-11-19,MSFT,0.005391,2.508912
2021-11-22,MSFT,-0.009559,2.475369
2021-11-23,MSFT,-0.006327,2.453382
2021-11-24,MSFT,0.000681,2.455734
2021-11-26,MSFT,-0.024356,2.371567
2021-11-29,MSFT,0.021081,2.442643
2021-11-30,MSFT,-0.017943,2.380873
2021-12-01,MSFT,-0.001543,2.375658
2021-12-02,MSFT,-0.001787,2.369624
2021-12-03,MSFT,-0.019666,2.303356
2021-12-06,MSFT,0.009845,2.335876
2021-12-07,MSFT,0.026763,2.425156
2021-12-08,MSFT,0.000149,2.425667
2021-12-09,MSFT,-0.005583,2.406542
2021-12-10,MSFT,0.02834,2.503085
2021-12-13,MSFT,-0.009167,2.470972
2021-12-14,MSFT,-0.032587,2.357863
2021-12-15,MSFT,0.019218,2.422395
2021-12-16,MSFT,-0.029135,2.322683
2021-12-17,MSFT,-0.003386,2.311433
2021-12-20,MSFT,-0.012013,2.271652
2021-12-21,MSFT,0.023069,2.347126
2021-12-22,MSFT,0.018057,2.407565
2021-12-23,MSFT,0.004472,2.422804
2021-12-27,MSFT,0.023186,2.502164
2021-12-28,MSFT,-0.003505,2.489891
2021-12-29,MSFT,0.002051,2.497049
2021-12-30,MSFT,-0.007691,2.470154
2021-12-31,MSFT,-0.008841,2.439473
2022-01-03,MSFT,-0.004668,2.423417
2022-01-04,MSFT,-0.017147,2.364716
2022-01-05,MSFT,-0.038388,2.235551
2022-01-06,MSFT,-0.007902,2.209984
2022-01-07,MSFT,0.00051,2.211621
2022-01-10,MSFT,0.000732,2.213972
2022-01-11,MSFT,0.00226,2.221234
2022-01-12,MSFT,0.010445,2.25488
2022-01-13,MSFT,-0.042323,2.117125
2022-01-14,MSFT,0.017717,2.17235
2022-01-18,MSFT,-0.02434,2.095136
2022-01-19,MSFT,0.002247,2.102091
2022-01-20,MSFT,-0.005703,2.084399
2022-01-21,MSFT,-0.018468,2.027436
2022-01-24,MSFT,0.001148,2.030913
2022-01-25,MSFT,-0.026588,1.950326
2022-01-26,MSFT,0.028493,2.034391
2022-01-27,MSFT,0.010549,2.0664
2022-01-28,MSFT,0.028082,2.15251
2022-01-31,MSFT,0.008824,2.180327
2022-02-01,MSFT,-0.007139,2.157623
2022-02-02,MSFT,0.015222,2.205688
2022-02-03,MSFT,-0.038952,2.080819
2022-02-04,MSFT,0.015568,2.128782
2022-02-07,MSFT,-0.01631,2.077752
2022-02-08,MSFT,0.011995,2.114671
2022-02-09,MSFT,0.021835,2.182678
2022-02-10,MSFT,-0.028373,2.092376
2022-02-11,MSFT,-0.024274,2.017312
2022-02-14,MSFT,-0.000136,2.016902
2022-02-15,MSFT,0.018543,2.072843
2022-02-16,MSFT,-0.001167,2.069256
2022-02-17,MSFT,-0.029282,1.979382
2022-02-18,MSFT,-0.009631,1.950687
2022-02-22,MSFT,-0.000729,1.948535
2022-02-23,MSFT,-0.025893,1.872189
2022-02-24,MSFT,0.051093,2.018939
2022-02-25,MSFT,0.009233,2.046813
2022-02-28,MSFT,0.004978,2.061981
2022-03-01,MSFT,-0.012852,2.022628
2022-03-02,MSFT,0.017766,2.076327
2022-03-03,MSFT,-0.014224,2.032569
2022-03-04,MSFT,-0.020479,1.970466
2022-03-07,MSFT,-0.037777,1.858252
2022-03-08,MSFT,-0.010971,1.826893
2022-03-09,MSFT,0.045858,1.956529
2022-03-10,MSFT,-0.010087,1.926707
2022-03-11,MSFT,-0.019328,1.870139
2022-03-14,MSFT,-0.012961,1.832939
2022-03-15,MSFT,0.038742,1.942694
2022-03-16,MSFT,0.025214,2.01689
2022-03-17,MSFT,0.002819,2.025395
2022-03-18,MSFT,0.017648,2.078786
2022-03-21,MSFT,-0.004227,2.065772
2022-03-22,MSFT,0.016379,2.115987
2022-03-23,MSFT,-0.01503,2.069153
2022-03-24,MSFT,0.015393,2.116397
2022-03-25,MSFT,-0.001381,2.112092
2022-03-28,MSFT,0.023117,2.184033
2022-03-29,MSFT,0.01516,2.232302
2022-03-30,MSFT,-0.004915,2.216416
2022-03-31,MSFT,-0.017683,2.159541
2022-04-01,MSFT,0.0036,2.170916
2022-04-04,MSFT,0.017937,2.227791
2022-04-05,MSFT,-0.012985,2.185878
2022-04-06,MSFT,-0.036606,2.069256
2022-04-07,MSFT,0.006244,2.088419
2022-04-08,MSFT,-0.0146,2.043329
2022-04-11,MSFT,-0.039431,1.923326
2022-04-12,MSFT,-0.011218,1.890532
2022-04-13,MSFT,0.019712,1.947511
2022-04-14,MSFT,-0.027084,1.867679
2022-04-18,MSFT,0.002466,1.87475
2022-04-19,MSFT,0.01704,1.923736
2022-04-20,MSFT,0.003715,1.934598
2022-04-21,MSFT,-0.019381,1.877722
2022-04-22,MSFT,-0.024144,1.808241
2022-04-25,MSFT,0.024413,1.876799
2022-04-26,MSFT,-0.037404,1.769197
2022-04-27,MSFT,0.048109,1.902419
2022-04-28,MSFT,0.022633,1.968109
2022-04-29,MSFT,-0.041812,1.844006
2022-05-02,MSFT,0.025043,1.915229
2022-05-03,MSFT,-0.009456,1.887663
2022-05-04,MSFT,0.029101,1.971696
2022-05-05,MSFT,-0.043555,1.842264
2022-05-06,MSFT,-0.009446,1.815414
2022-05-09,MSFT,-0.036945,1.711398
2022-05-10,MSFT,0.018595,1.761818
2022-05-11,MSFT,-0.033209,1.670099
2022-05-12,MSFT,-0.019958,1.61681
2022-05-13,MSFT,0.022597,1.675941
2022-05-16,MSFT,0.001455,1.679834
2022-05-17,MSFT,0.020345,1.734354
2022-05-18,MSFT,-0.04553,1.609859
2022-05-19,MSFT,-0.0037,1.600204
2022-05-20,MSFT,-0.002291,1.594246
2022-05-23,MSFT,0.032032,1.677345
2022-05-24,MSFT,-0.003951,1.666766
2022-05-25,MSFT,0.01117,1.696553
2022-05-26,MSFT,0.012876,1.731273
2022-05-27,MSFT,0.027604,1.806666
2022-05-31,MSFT,-0.005014,1.792594
2022-06-01,MSFT,0.002023,1.798244
2022-06-02,MSFT,0.007929,1.820431
2022-06-03,MSFT,-0.016607,1.773591
2022-06-06,MSFT,-0.004703,1.760547
2022-06-07,MSFT,0.013954,1.799066
2022-06-08,MSFT,-0.00767,1.777598
2022-06-09,MSFT,-0.020783,1.71987
2022-06-10,MSFT,-0.044564,1.598663
2022-06-13,MSFT,-0.042413,1.488446
2022-06-14,MSFT,0.009205,1.511353
2022-06-15,MSFT,0.029735,1.586029
2022-06-16,MSFT,-0.02697,1.516283
2022-06-17,MSFT,0.01094,1.543812
2022-06-21,MSFT,0.024591,1.606367
2022-06-22,MSFT,-0.002404,1.600101
2022-06-23,MSFT,0.022637,1.658958
2022-06-24,MSFT,0.03415,1.749761
2022-06-27,MSFT,-0.010497,1.720898
2022-06-28,MSFT,-0.031749,1.634512
2022-06-29,MSFT,0.014738,1.673339
2022-06-30,MSFT,-0.013179,1.638107
2022-07-01,MSFT,0.010707,1.666354
2022-07-05,MSFT,0.012598,1.699943
2022-07-06,MSFT,0.012783,1.734456
2022-07-07,MSFT,0.008227,1.756951
2022-07-08,MSFT,-0.002757,1.74935
2022-07-11,MSFT,-0.011769,1.716994
2022-07-12,MSFT,-0.040981,1.605648
2022-07-13,MSFT,-0.003745,1.59589
2022-07-14,MSFT,0.005381,1.609859
2022-07-15,MSFT,0.01039,1.636977
2022-07-18,MSFT,-0.009621,1.611606
2022-07-19,MSFT,0.020767,1.665841
2022-07-20,MSFT,0.010557,1.693985
2022-07-21,MSFT,0.009799,1.720384
2022-07-22,MSFT,-0.016916,1.674366
2022-07-25,MSFT,-0.005877,1.65865
2022-07-26,MSFT,-0.026774,1.587467
2022-07-27,MSFT,0.066852,1.760444
2022-07-28,MSFT,0.028541,1.839229
2022-07-29,MSFT,0.015665,1.883705
2022-08-01,MSFT,-0.009724,1.855664
2022-08-02,MSFT,-0.011474,1.822897
2022-08-03,MSFT,0.027836,1.901476
2022-08-04,MSFT,0.004177,1.913596
2022-08-05,MSFT,-0.002609,1.905996
2022-08-08,MSFT,-0.009155,1.879392
2022-08-09,MSFT,0.007063,1.899729
2022-08-10,MSFT,0.024301,1.970194
2022-08-11,MSFT,-0.007401,1.948213
2022-08-12,MSFT,0.017037,1.998442
2022-08-15,MSFT,0.005344,2.014466
2022-08-16,MSFT,-0.00259,2.006659
2022-08-17,MSFT,-0.002636,1.998733
2022-08-18,MSFT,-0.003948,1.986895
2022-08-19,MSFT,-0.013854,1.945515
2022-08-22,MSFT,-0.029355,1.859049
2022-08-23,MSFT,-0.004716,1.845564
2022-08-24,MSFT,-0.002352,1.838873
2022-08-25,MSFT,0.011096,1.870372
2022-08-26,MSFT,-0.038587,1.759613
2022-08-29,MSFT,-0.010668,1.730173
2022-08-30,MSFT,-0.008521,1.706909
2022-08-31,MSFT,-0.005704,1.691468
2022-09-01,MSFT,-0.004092,1.680455
2022-09-02,MSFT,-0.016667,1.63578
2022-09-06,MSFT,-0.010974,1.606856
2022-09-07,MSFT,0.019111,1.656676
2022-09-08,MSFT,0.001666,1.661103
2022-09-09,MSFT,0.022977,1.722247
2022-09-12,MSFT,0.008281,1.74479
2022-09-13,MSFT,-0.054978,1.593885
2022-09-14,MSFT,0.000913,1.596253
2022-09-15,MSFT,-0.027119,1.525845
2022-09-16,MSFT,-0.002608,1.519257
2022-09-19,MSFT,-0.000899,1.516992
2022-09-20,MSFT,-0.008466,1.495685
2022-09-21,MSFT,-0.014436,1.459657
2022-09-22,MSFT,0.008496,1.480553
2022-09-23,MSFT,-0.012698,1.449055
2022-09-26,MSFT,-0.001976,1.444216
2022-09-27,MSFT,-0.00438,1.433511
2022-09-28,MSFT,0.019711,1.481479
2022-09-29,MSFT,-0.014809,1.444731
2022-09-30,MSFT,-0.019368,1.397381
2022-10-03,MSFT,0.033662,1.478082
2022-10-04,MSFT,0.033812,1.561872
2022-10-05,MSFT,0.001286,1.565166
2022-10-06,MSFT,-0.009671,1.540359
2022-10-07,MSFT,-0.050853,1.411174
2022-10-10,MSFT,-0.021303,1.359809
2022-10-11,MSFT,-0.01675,1.320282
2022-10-12,MSFT,0.001508,1.323781
2022-10-13,MSFT,0.037608,1.411174
2022-10-14,MSFT,-0.024249,1.352706
2022-10-17,MSFT,0.039246,1.44504
2022-10-18,MSFT,0.004084,1.455025
2022-10-19,MSFT,-0.008469,1.434232
2022-10-20,MSFT,-0.001396,1.430835
2022-10-21,MSFT,0.025281,1.492288
2022-10-24,MSFT,0.021188,1.545094
2022-10-25,MSFT,0.013792,1.580195
2022-10-26,MSFT,-0.077156,1.381117
2022-10-27,MSFT,-0.019756,1.334075
2022-10-28,MSFT,0.040221,1.427952
2022-10-31,MSFT,-0.015856,1.389455
2022-11-01,MSFT,-0.017059,1.348692
2022-11-02,MSFT,-0.035368,1.265622
2022-11-03,MSFT,-0.026579,1.205405
2022-11-04,MSFT,0.033325,1.278901
2022-11-07,MSFT,0.02927,1.345604
2022-11-08,MSFT,0.004388,1.355898
2022-11-09,MSFT,-0.01905,1.311017
2022-11-10,MSFT,0.082268,1.50114
2022-11-11,MSFT,0.016997,1.543653
2022-11-14,MSFT,-0.0225,1.48642
2022-11-15,MSFT,0.001739,1.490744
2022-11-16,MSFT,0.001823,1.495286
2022-11-17,MSFT,-0.000207,1.494769
2022-11-18,MSFT,-0.001903,1.490021
2022-11-21,MSFT,0.003441,1.498589
2022-11-22,MSFT,0.012311,1.52935
2022-11-23,MSFT,0.010407,1.555673
2022-11-25,MSFT,-0.000363,1.554744
2022-11-28,MSFT,-0.023153,1.495595
2022-11-29,MSFT,-0.005915,1.480834
2022-11-30,MSFT,0.061624,1.633712
2022-12-01,MSFT,-0.001764,1.629066
2022-12-02,MSFT,0.001296,1.632473
2022-12-05,MSFT,-0.018901,1.582718
2022-12-06,MSFT,-0.020304,1.530279
2022-12-07,MSFT,-0.00306,1.522537
2022-12-08,MSFT,0.012399,1.553815
2022-12-09,MSFT,-0.008003,1.533376
2022-12-12,MSFT,0.028889,1.606563
2022-12-13,MSFT,0.017465,1.652086
2022-12-14,MSFT,0.001168,1.655183
2022-12-15,MSFT,-0.031918,1.570434
2022-12-16,MSFT,-0.017348,1.525841
2022-12-19,MSFT,-0.017328,1.482072
2022-12-20,MSFT,0.005615,1.496008
2022-12-21,MSFT,0.010877,1.523156
2022-12-22,MSFT,-0.025529,1.458744
2022-12-23,MSFT,0.002267,1.464317
2022-12-27,MSFT,-0.007414,1.446047
2022-12-28,MSFT,-0.010255,1.420963
2022-12-29,MSFT,0.02763,1.487853
2022-12-30,MSFT,-0.004938,1.475569
2023-01-03,MSFT,-0.001001,1.473092
2023-01-04,MSFT,-0.043743,1.364911
2023-01-05,MSFT,-0.029638,1.29482
2023-01-06,MSFT,0.011785,1.321866
2023-01-09,MSFT,0.009736,1.344472
2023-01-10,MSFT,0.007617,1.36233
2023-01-11,MSFT,0.030238,1.433763
2023-01-12,MSFT,0.011622,1.462047
2023-01-13,MSFT,0.003019,1.469479
2023-01-17,MSFT,0.004682,1.48104
2023-01-18,MSFT,-0.018889,1.434175
2023-01-19,MSFT,-0.016454,1.394124
2023-01-20,MSFT,0.035743,1.479698
2023-01-23,MSFT,0.009824,1.50406
2023-01-24,MSFT,-0.002226,1.498485
2023-01-25,MSFT,-0.005908,1.483724
2023-01-26,MSFT,0.030714,1.560008
2023-01-27,MSFT,0.000645,1.56166
2023-01-30,MSFT,-0.021962,1.505402
2023-01-31,MSFT,0.021013,1.558047
2023-02-01,MSFT,0.019935,1.60904
2023-02-02,MSFT,0.046884,1.731363
2023-02-03,MSFT,-0.02362,1.666848
2023-02-06,MSFT,-0.006116,1.650538
2023-02-07,MSFT,0.042022,1.761918
2023-02-08,MSFT,-0.003102,1.753352
2023-02-09,MSFT,-0.01166,1.721247
2023-02-10,MSFT,-0.001973,1.715879
2023-02-13,MSFT,0.031243,1.800732
2023-02-14,MSFT,0.003133,1.809506
2023-02-15,MSFT,-0.007993,1.78705
2023-02-16,MSFT,-0.026623,1.712851
2023-02-17,MSFT,-0.015602,1.670526
2023-02-21,MSFT,-0.020887,1.614748
2023-02-22,MSFT,-0.004591,1.602744
2023-02-23,MSFT,0.012962,1.636479
2023-02-24,MSFT,-0.021784,1.579046
2023-02-27,MSFT,0.003772,1.588773
2023-02-28,MSFT,-0.002958,1.581115
2023-03-01,MSFT,-0.012629,1.548517
2023-03-02,MSFT,0.019653,1.598604
2023-03-03,MSFT,0.016646,1.641861
2023-03-06,MSFT,0.006189,1.658211
2023-03-07,MSFT,-0.010589,1.630063
2023-03-08,MSFT,-0.001771,1.625407
2023-03-09,MSFT,-0.00544,1.611126
2023-03-10,MSFT,-0.014783,1.572526
2023-03-13,MSFT,0.021441,1.627683
2023-03-14,MSFT,0.027056,1.698777
2023-03-15,MSFT,0.01783,1.746897
2023-03-16,MSFT,0.040537,1.858247
2023-03-17,MSFT,0.011694,1.891672
2023-03-20,MSFT,-0.025767,1.817164
2023-03-21,MSFT,0.005694,1.833204
2023-03-22,MSFT,-0.005442,1.817785
2023-03-23,MSFT,0.019722,1.873356
2023-03-24,MSFT,0.01048,1.90347
2023-03-27,MSFT,-0.014934,1.860109
2023-03-28,MSFT,-0.004161,1.848209
2023-03-29,MSFT,0.019184,1.902849
2023-03-30,MSFT,0.01262,1.939482
2023-03-31,MSFT,0.014962,1.983464
2023-04-03,MSFT,-0.003712,1.97239
2023-04-04,MSFT,-0.000174,1.971873
2023-04-05,MSFT,-0.009889,1.942483
2023-04-06,MSFT,0.025533,2.017614
2023-04-10,MSFT,-0.007579,1.994744
2023-04-11,MSFT,-0.022669,1.926857
2023-04-12,MSFT,0.002334,1.933688
2023-04-13,MSFT,0.022399,1.9994
2023-04-14,MSFT,-0.012766,1.961111
2023-04-17,MSFT,0.009296,1.988638
2023-04-18,MSFT,-0.001489,1.984188
2023-04-19,MSFT,0.000277,1.985016
2023-04-20,MSFT,-0.008112,1.960801
2023-04-21,MSFT,-0.001223,1.957179
2023-04-24,MSFT,-0.013963,1.915888
2023-04-25,MSFT,-0.022536,1.850175
2023-04-26,MSFT,0.072435,2.056627
2023-04-27,MSFT,0.032028,2.154524
2023-04-28,MSFT,0.007972,2.17967
2023-05-01,MSFT,-0.005533,2.162078
2023-05-02,MSFT,-0.000491,2.160526
2023-05-03,MSFT,-0.003307,2.150074
2023-05-04,MSFT,0.003318,2.160526
2023-05-05,MSFT,0.017157,2.214751
2023-05-08,MSFT,-0.006438,2.194055
2023-05-09,MSFT,-0.005346,2.17698
2023-05-10,MSFT,0.017296,2.23193
2023-05-11,MSFT,-0.007044,2.209164
2023-05-12,MSFT,-0.003676,2.197366
2023-05-15,MSFT,0.001586,2.202437
2023-05-16,MSFT,0.007368,2.226032
2023-05-17,MSFT,0.009452,2.256523
2023-05-18,MSFT,0.014395,2.3034
2023-05-19,MSFT,-0.000565,2.301534
2023-05-22,MSFT,0.008921,2.330987
2023-05-23,MSFT,-0.018432,2.26959
2023-05-24,MSFT,-0.004473,2.254967
2023-05-25,MSFT,0.038458,2.380147
2023-05-26,MSFT,0.021385,2.452432
2023-05-30,MSFT,-0.005047,2.435008
2023-05-31,MSFT,-0.008514,2.405763
2023-06-01,MSFT,0.012759,2.449218
2023-06-02,MSFT,0.008479,2.478464
2023-06-05,MSFT,0.00161,2.484064
2023-06-06,MSFT,-0.006727,2.460626
2023-06-07,MSFT,-0.030868,2.353804
2023-06-08,MSFT,0.005814,2.373301
2023-06-09,MSFT,0.004704,2.389169
2023-06-12,MSFT,0.015484,2.441646
2023-06-13,MSFT,0.007353,2.466952
2023-06-14,MSFT,0.009124,2.498584
2023-06-15,MSFT,0.031897,2.610177
2023-06-16,MSFT,-0.016576,2.550335
2023-06-20,MSFT,-0.012502,2.505948
2023-06-21,MSFT,-0.013282,2.459381
2023-06-22,MSFT,0.018438,2.523163
2023-06-23,MSFT,-0.013806,2.474523
2023-06-26,MSFT,-0.019163,2.40794
2023-06-27,MSFT,0.018168,2.469856
2023-06-28,MSFT,0.003826,2.483132
2023-06-29,MSFT,-0.002382,2.474834
2023-06-30,MSFT,0.016386,2.531771
2023-07-03,MSFT,-0.007488,2.505325
2023-07-05,MSFT,0.000473,2.506984
2023-07-06,MSFT,0.009227,2.539342
2023-07-07,MSFT,-0.011867,2.49734
2023-07-10,MSFT,-0.015984,2.441439
2023-07-11,MSFT,0.001929,2.448077
2023-07-12,MSFT,0.014227,2.497132
2023-07-13,MSFT,0.016192,2.553758
2023-07-14,MSFT,0.007529,2.580516
2023-07-17,MSFT,0.001419,2.585597
2023-07-18,MSFT,0.0398,2.728303
2023-07-19,MSFT,-0.012267,2.682567
2023-07-20,MSFT,-0.023121,2.59742
2023-07-21,MSFT,-0.008937,2.56527
2023-07-24,MSFT,0.003898,2.579167
2023-07-25,MSFT,0.017009,2.640046
2023-07-26,MSFT,-0.037638,2.503044
2023-07-27,MSFT,-0.020872,2.429927
2023-07-28,MSFT,0.023131,2.509267
2023-07-31,MSFT,-0.007241,2.483857
2023-08-01,MSFT,0.00125,2.488214
2023-08-02,MSFT,-0.026283,2.396532
2023-08-03,MSFT,-0.002565,2.38782
2023-08-04,MSFT,0.003429,2.399437
2023-08-07,MSFT,0.007108,2.4236
2023-08-08,MSFT,-0.012299,2.381494
2023-08-09,MSFT,-0.011716,2.341877
2023-08-10,MSFT,0.002172,2.349136
2023-08-11,MSFT,-0.005945,2.329225
2023-08-14,MSFT,0.009439,2.360649
2023-08-15,MSFT,-0.006728,2.338039
2023-08-16,MSFT,-0.002428,2.329933
2023-08-17,MSFT,-0.010986,2.293349
2023-08-18,MSFT,-0.001262,2.289192
2023-08-21,MSFT,0.017063,2.345315
2023-08-22,MSFT,0.001802,2.351342
2023-08-23,MSFT,0.014079,2.398527
2023-08-24,MSFT,-0.021498,2.325464
2023-08-25,MSFT,0.009407,2.356747
2023-08-28,MSFT,0.002229,2.36423
2023-08-29,MSFT,0.014551,2.413182
2023-08-30,MSFT,0.001157,2.417131
2023-08-31,MSFT,-0.003133,2.406426
2023-09-01,MSFT,0.002746,2.41578
2023-09-05,MSFT,0.014878,2.466601
2023-09-06,MSFT,-0.002008,2.459639
2023-09-07,MSFT,-0.008922,2.428771
2023-09-08,MSFT,0.013216,2.474084
2023-09-11,MSFT,0.010979,2.512227
2023-09-12,MSFT,-0.018258,2.448102
2023-09-13,MSFT,0.012931,2.492688
2023-09-14,MSFT,0.007856,2.520126
2023-09-15,MSFT,-0.025037,2.431993
2023-09-18,MSFT,-0.003513,2.419937
2023-09-19,MSFT,-0.001246,2.415676
2023-09-20,MSFT,-0.023977,2.333778
2023-09-21,MSFT,-0.003866,2.320891
2023-09-22,MSFT,-0.007887,2.2947
2023-09-25,MSFT,0.001672,2.300209
2023-09-26,MSFT,-0.017006,2.244087
2023-09-27,MSFT,0.002082,2.250842
2023-09-28,MSFT,0.002717,2.259676
2023-09-29,MSFT,0.006727,2.281605
2023-10-02,MSFT,0.019161,2.344483
2023-10-03,MSFT,-0.026134,2.257078
2023-10-04,MSFT,0.017773,2.314966
2023-10-05,MSFT,0.001254,2.319124
2023-10-06,MSFT,0.024737,2.401229
2023-10-09,MSFT,0.007823,2.427836
2023-10-10,MSFT,-0.004336,2.412974
2023-10-11,MSFT,0.012272,2.454858
2023-10-12,MSFT,-0.00379,2.441762
2023-10-13,MSFT,-0.010358,2.406114
2023-10-16,MSFT,0.014982,2.457144
2023-10-17,MSFT,-0.001744,2.451116
2023-10-18,MSFT,-0.005872,2.430849
2023-10-19,MSFT,0.003665,2.443425
2023-10-20,MSFT,-0.014035,2.395098
2023-10-23,MSFT,0.008112,2.422639
2023-10-24,MSFT,0.003674,2.435215
2023-10-25,MSFT,0.030678,2.5406
2023-10-26,MSFT,-0.037514,2.407777
2023-10-27,MSFT,0.005856,2.427732
2023-10-30,MSFT,0.02274,2.50568
2023-10-31,MSFT,0.002372,2.513994
2023-11-01,MSFT,0.023543,2.596723
2023-11-02,MSFT,0.006502,2.620107
2023-11-03,MSFT,0.012862,2.666667
2023-11-06,MSFT,0.010573,2.705434
2023-11-07,MSFT,0.011219,2.747006
2023-11-08,MSFT,0.007406,2.774755
2023-11-09,MSFT,-0.006911,2.748669
2023-11-10,MSFT,0.024897,2.841999
2023-11-13,MSFT,-0.008088,2.810923
2023-11-14,MSFT,0.009791,2.848234
2023-11-15,MSFT,0.000406,2.849797
2023-11-16,MSFT,0.017583,2.917489
2023-11-17,MSFT,-0.016801,2.851671
2023-11-20,MSFT,0.020522,2.930714
2023-11-21,MSFT,-0.011578,2.885205
2023-11-22,MSFT,0.012812,2.934984
2023-11-24,MSFT,-0.001112,2.93061
2023-11-27,MSFT,0.003126,2.942899
2023-11-28,MSFT,0.010803,2.985493
2023-11-29,MSFT,-0.01006,2.945397
2023-11-30,MSFT,0.000159,2.946024
2023-12-01,MSFT,-0.011612,2.900202
2023-12-04,MSFT,-0.014339,2.844277
2023-12-05,MSFT,0.009156,2.879477
2023-12-06,MSFT,-0.009986,2.840736
2023-12-07,MSFT,0.00583,2.863126
2023-12-08,MSFT,0.008842,2.897285
2023-12-11,MSFT,-0.00783,2.866771
2023-12-12,MSFT,0.008295,2.898847
2023-12-13,MSFT,-2.7e-05,2.898743
2023-12-14,MSFT,-0.022545,2.810847
2023-12-15,MSFT,0.013117,2.860836
2023-12-18,MSFT,0.005179,2.880831
2023-12-19,MSFT,0.001637,2.887183
2023-12-20,MSFT,-0.007073,2.85969
2023-12-21,MSFT,0.007879,2.8901
2023-12-22,MSFT,0.002784,2.90093
2023-12-26,MSFT,0.000214,2.901763
2023-12-27,MSFT,-0.001575,2.895619
2023-12-28,MSFT,0.003235,2.90822
2023-12-29,MSFT,0.002025,2.916135
2024-01-02,MSFT,-0.013749,2.862293
2024-01-03,MSFT,-0.000728,2.859482
2024-01-04,MSFT,-0.007177,2.83178
2024-01-05,MSFT,-0.000516,2.829802
2024-01-08,MSFT,0.018871,2.902075
2024-01-09,MSFT,0.002936,2.913531
2024-01-10,MSFT,0.018574,2.986221
2024-01-11,MSFT,0.004859,3.005592
2024-01-12,MSFT,0.009983,3.045582
2024-01-16,MSFT,0.004634,3.064328
2024-01-17,MSFT,-0.00205,3.055997
2024-01-18,MSFT,0.011297,3.101819
2024-01-19,MSFT,0.012187,3.151807
2024-01-22,MSFT,-0.005418,3.129312
2024-01-23,MSFT,0.006028,3.154202
2024-01-24,MSFT,0.009175,3.192318
2024-01-25,MSFT,0.005738,3.216374
2024-01-26,MSFT,-0.002322,3.206585
2024-01-29,MSFT,0.014334,3.266882
2024-01-30,MSFT,-0.002758,3.255115
2024-01-31,MSFT,-0.026946,3.140455
2024-02-01,MSFT,0.015594,3.205023
2024-02-02,MSFT,0.018426,3.282505
2024-02-05,MSFT,-0.013545,3.224498
2024-02-06,MSFT,-0.000395,3.222831
2024-02-07,MSFT,0.02111,3.311976
2024-02-08,MSFT,0.000145,3.312601
2024-02-09,MSFT,0.015551,3.379668
2024-02-12,MSFT,-0.012579,3.324577
2024-02-13,MSFT,-0.021529,3.231475
2024-02-14,MSFT,0.009665,3.272374
2024-02-15,MSFT,-0.007155,3.241804
2024-02-16,MSFT,-0.006149,3.215721
2024-02-20,MSFT,-0.003143,3.20247
2024-02-21,MSFT,-0.001515,3.196105
2024-02-22,MSFT,0.023547,3.29491
2024-02-23,MSFT,-0.003182,3.281243
2024-02-26,MSFT,-0.006824,3.252028
2024-02-27,MSFT,-0.000147,3.251403
2024-02-28,MSFT,0.000589,3.253907
2024-02-29,MSFT,0.01452,3.315673
2024-03-01,MSFT,0.004497,3.335079
2024-03-04,MSFT,-0.001396,3.329027
2024-03-05,MSFT,-0.029572,3.201009
2024-03-06,MSFT,-0.001391,3.195167
2024-03-07,MSFT,0.017533,3.268722
2024-03-08,MSFT,-0.007137,3.238257
2024-03-11,MSFT,-0.004185,3.22052
2024-03-12,MSFT,0.026599,3.332783
2024-03-13,MSFT,-0.000433,3.330905
2024-03-14,MSFT,0.02438,3.436492
2024-03-15,MSFT,-0.020695,3.344677
2024-03-18,MSFT,0.002161,3.354068
2024-03-19,MSFT,0.009801,3.39674
2024-03-20,MSFT,0.009065,3.436596
2024-03-21,MSFT,0.009736,3.47979
2024-03-22,MSFT,-0.001467,3.473216
2024-03-25,MSFT,-0.013715,3.411868
2024-03-26,MSFT,-0.002862,3.399243
2024-03-27,MSFT,-0.000522,3.396949
2024-03-28,MSFT,-0.001685,3.389541
2024-04-01,MSFT,0.009151,3.429709
2024-04-02,MSFT,-0.007372,3.397053
2024-04-03,MSFT,-0.002349,3.386724
2024-04-04,MSFT,-0.006113,3.35991
2024-04-05,MSFT,0.018283,3.439622
2024-04-08,MSFT,-0.002186,3.429918
2024-04-09,MSFT,0.00398,3.447551
2024-04-10,MSFT,-0.007084,3.416042
2024-04-11,MSFT,0.011033,3.464766
2024-04-12,MSFT,-0.014091,3.401853
2024-04-15,MSFT,-0.019578,3.315673
2024-04-16,MSFT,0.002272,3.325479
2024-04-17,MSFT,-0.006609,3.296892
2024-04-18,MSFT,-0.018381,3.217911
2024-04-19,MSFT,-0.012739,3.164179
2024-04-22,MSFT,0.00461,3.183377
2024-04-23,MSFT,0.016485,3.252342
2024-04-24,MSFT,0.003656,3.267887
2024-04-25,MSFT,-0.024495,3.163345
2024-04-26,MSFT,0.018244,3.239301
2024-04-29,MSFT,-0.010017,3.196836
2024-04-30,MSFT,-0.032119,3.062036
2024-05-01,MSFT,0.01441,3.120568
2024-05-02,MSFT,0.007343,3.150825
2024-05-03,MSFT,0.02217,3.242847
2024-05-06,MSFT,0.016918,3.314629
2024-05-07,MSFT,-0.010156,3.270809
2024-05-08,MSFT,0.002932,3.283329
2024-05-09,MSFT,0.004336,3.3019
2024-05-10,MSFT,0.005869,3.327149
2024-05-13,MSFT,-0.002459,3.316507
2024-05-14,MSFT,0.006865,3.346138
2024-05-15,MSFT,0.017484,3.422125
2024-05-16,MSFT,-0.00494,3.40028
2024-05-17,MSFT,-0.001853,3.392127
2024-05-20,MSFT,0.012208,3.445748
2024-05-21,MSFT,0.008699,3.48442
2024-05-22,MSFT,0.00345,3.49989
2024-05-23,MSFT,-0.008176,3.463098
2024-05-24,MSFT,0.0074,3.496127
2024-05-28,MSFT,0.000372,3.4978
2024-05-29,MSFT,-0.002672,3.48578
2024-05-30,MSFT,-0.033786,3.334223
2024-05-31,MSFT,0.001109,3.33903
2024-06-03,MSFT,-0.003878,3.322202
2024-06-04,MSFT,0.006167,3.348855
2024-06-05,MSFT,0.019083,3.431846
2024-06-06,MSFT,0.001203,3.437177
2024-06-07,MSFT,-0.001578,3.430174
2024-06-10,MSFT,0.009484,3.472191
2024-06-11,MSFT,0.011242,3.522466
2024-06-12,MSFT,0.019368,3.610057
2024-06-13,MSFT,0.001179,3.615492
2024-06-14,MSFT,0.002242,3.62584
2024-06-17,MSFT,0.013105,3.686462
2024-06-18,MSFT,-0.004527,3.665245
2024-06-20,MSFT,-0.001434,3.658555
2024-06-21,MSFT,0.009154,3.7012
2024-06-24,MSFT,-0.004691,3.679146
2024-06-25,MSFT,0.007327,3.713429
2024-06-26,MSFT,0.002683,3.726076
2024-06-27,MSFT,0.001526,3.733288
2024-06-28,MSFT,-0.013029,3.67162
2024-07-01,MSFT,0.021882,3.773843
2024-07-02,MSFT,0.005583,3.800496
2024-07-03,MSFT,0.003244,3.816069
2024-07-05,MSFT,0.014736,3.88704
2024-07-08,MSFT,-0.002823,3.873243
2024-07-09,MSFT,-0.01437,3.803214
2024-07-10,MSFT,0.014601,3.873348
2024-07-11,MSFT,-0.024772,3.752625
2024-07-12,MSFT,-0.002529,3.740605
2024-07-15,MSFT,0.000904,3.74489
2024-07-16,MSFT,-0.009781,3.698482
2024-07-17,MSFT,-0.013348,3.635769
2024-07-18,MSFT,-0.007102,3.602844
2024-07-19,MSFT,-0.007403,3.56877
2024-07-22,MSFT,0.013338,3.629707
2024-07-23,MSFT,0.004312,3.64967
2024-07-24,MSFT,-0.035855,3.482958
2024-07-25,MSFT,-0.024481,3.373209
2024-07-26,MSFT,0.01642,3.445015
2024-07-29,MSFT,0.003433,3.460277
2024-07-30,MSFT,-0.008928,3.420454
2024-07-31,MSFT,-0.010806,3.372687
2024-08-01,MSFT,-0.002964,3.359726
2024-08-02,MSFT,-0.020666,3.269628
2024-08-05,MSFT,-0.032657,3.130195
2024-08-06,MSFT,0.011287,3.176812
2024-08-07,MSFT,-0.002953,3.164478
2024-08-08,MSFT,0.010692,3.209005
2024-08-09,MSFT,0.008269,3.24381
2024-08-12,MSFT,0.001946,3.252068
2024-08-13,MSFT,0.017699,3.327324
2024-08-14,MSFT,0.006884,3.357112
2024-08-15,MSFT,0.011824,3.40863
2024-08-16,MSFT,-0.00608,3.381824
2024-08-19,MSFT,0.007312,3.413865
2024-08-20,MSFT,0.007757,3.448106
2024-08-21,MSFT,-0.001553,3.441196
2024-08-22,MSFT,-0.020253,3.351249
2024-08-23,MSFT,0.002984,3.364233
2024-08-26,MSFT,-0.007918,3.329678
2024-08-27,MSFT,0.000847,3.333344
2024-08-28,MSFT,-0.007829,3.299417
2024-08-29,MSFT,0.006137,3.325804
2024-08-30,MSFT,0.009731,3.367898
2024-09-03,MSFT,-0.018459,3.287271
2024-09-04,MSFT,-0.001319,3.281616
2024-09-05,MSFT,-0.001247,3.276276
2024-09-06,MSFT,-0.016381,3.206225
2024-09-09,MSFT,0.010007,3.248318
2024-09-10,MSFT,0.020901,3.337113
2024-09-11,MSFT,0.021342,3.429677
2024-09-12,MSFT,0.009361,3.471143
2024-09-13,MSFT,0.008407,3.508734
2024-09-16,MSFT,0.001742,3.516587
2024-09-17,MSFT,0.008833,3.556482
2024-09-18,MSFT,-0.009974,3.511037
2024-09-19,MSFT,0.018291,3.59355
2024-09-20,MSFT,-0.007796,3.557738
2024-09-23,MSFT,-0.004043,3.53931
2024-09-24,MSFT,-0.010011,3.493865
2024-09-25,MSFT,0.00685,3.52465
2024-09-26,MSFT,-0.001851,3.516273
2024-09-27,MSFT,-0.007628,3.481823
2024-09-30,MSFT,0.005327,3.505697
2024-10-01,MSFT,-0.022333,3.40507
2024-10-02,MSFT,-0.008462,3.367793
2024-10-03,MSFT,-0.001414,3.361615
2024-10-04,MSFT,-0.001152,3.356589
2024-10-07,MSFT,-0.015671,3.288319
2024-10-08,MSFT,0.012624,3.342453
2024-10-09,MSFT,0.006631,3.371248
2024-10-10,MSFT,-0.003881,3.354286
2024-10-11,MSFT,0.001154,3.359312
2024-10-14,MSFT,0.006774,3.38884
2024-10-15,MSFT,-0.000955,3.384651
2024-10-16,MSFT,-0.006257,3.357217
2024-10-17,MSFT,0.001442,3.3635
2024-10-18,MSFT,0.003456,3.378578
2024-10-21,MSFT,0.001483,3.385071
2024-10-22,MSFT,0.020846,3.476483
2024-10-23,MSFT,-0.006807,3.446012
2024-10-24,MSFT,0.000306,3.447373
2024-10-25,MSFT,0.008052,3.483184
2024-10-28,MSFT,-0.003644,3.46685
2024-10-29,MSFT,0.012565,3.522975
2024-10-30,MSFT,0.001343,3.529048
2024-10-31,MSFT,-0.060528,3.254916
2024-11-01,MSFT,0.009893,3.297009
2024-11-04,MSFT,-0.004654,3.27701
2024-11-05,MSFT,0.007344,3.308422
2024-11-06,MSFT,0.021193,3.39973
2024-11-07,MSFT,0.012495,3.454703
2024-11-08,MSFT,-0.006793,3.424442
2024-11-11,MSFT,-0.010721,3.377008
2024-11-12,MSFT,0.012009,3.429572
2024-11-13,MSFT,0.00513,3.452295
2024-11-14,MSFT,0.003975,3.469991
2024-11-15,MSFT,-0.027853,3.34549
2024-11-18,MSFT,0.001831,3.353448
2024-11-19,MSFT,0.004883,3.374704
2024-11-20,MSFT,-0.005505,3.35062
2024-11-21,MSFT,-0.004317,3.33184
2024-11-22,MSFT,0.010003,3.375172
2024-11-25,MSFT,0.004293,3.393953
2024-11-26,MSFT,0.021968,3.490479
2024-11-27,MSFT,-0.011682,3.438019
2024-11-29,MSFT,0.001111,3.442951
2024-12-02,MSFT,0.017759,3.521851
2024-12-03,MSFT,0.000511,3.524159
2024-12-04,MSFT,0.014425,3.589419
2024-12-05,MSFT,0.011888,3.643978
2024-12-06,MSFT,0.002146,3.653945
2024-12-09,MSFT,0.005523,3.67965
2024-12-10,MSFT,-0.006031,3.651427
2024-12-11,MSFT,0.012767,3.710812
2024-12-12,MSFT,0.00127,3.716792
2024-12-13,MSFT,-0.005094,3.692765
2024-12-16,MSFT,0.009659,3.738091
2024-12-17,MSFT,0.006355,3.768203
2024-12-18,MSFT,-0.037561,3.589104
2024-12-19,MSFT,-0.000823,3.585327
2024-12-20,MSFT,-0.000984,3.580816
2024-12-23,MSFT,-0.003092,3.566652
2024-12-24,MSFT,0.009374,3.609459
2024-12-26,MSFT,-0.002777,3.596659
2024-12-27,MSFT,-0.017302,3.517129
2024-12-30,MSFT,-0.013239,3.457325
2019-01-03,GOOGL,-0.027696,-0.027696
2019-01-04,GOOGL,0.051293,0.022177
2019-01-07,GOOGL,-0.001994,0.020139
2019-01-08,GOOGL,0.008783,0.029099
2019-01-09,GOOGL,-0.003427,0.025572
2019-01-10,GOOGL,-0.002607,0.022898
2019-01-11,GOOGL,-0.013311,0.009283
2019-01-14,GOOGL,-0.012175,-0.003006
2019-01-15,GOOGL,0.033286,0.03018
2019-01-16,GOOGL,0.002761,0.033024
2019-01-17,GOOGL,0.00882,0.042136
2019-01-18,GOOGL,0.007442,0.049892
2019-01-22,GOOGL,-0.025892,0.022708
2019-01-23,GOOGL,0.005359,0.028189
2019-01-24,GOOGL,-0.000378,0.0278
2019-01-25,GOOGL,0.016153,0.044402
2019-01-28,GOOGL,-0.019655,0.023875
2019-01-29,GOOGL,-0.009075,0.014583
2019-01-30,GOOGL,0.026101,0.041065
2019-01-31,GOOGL,0.02541,0.067518
2019-02-01,GOOGL,-0.006457,0.060625
2019-02-04,GOOGL,0.020382,0.082243
2019-02-05,GOOGL,0.009155,0.092151
2019-02-06,GOOGL,-0.025159,0.064674
2019-02-07,GOOGL,-0.015122,0.048574
2019-02-08,GOOGL,-0.003192,0.045227
2019-02-11,GOOGL,-0.000236,0.04498
2019-02-12,GOOGL,0.023101,0.069121
2019-02-13,GOOGL,0.000931,0.070116
2019-02-14,GOOGL,0.000505,0.070656
2019-02-15,GOOGL,-0.008475,0.061583
2019-02-19,GOOGL,0.006145,0.068106
2019-02-20,GOOGL,-0.005255,0.062493
2019-02-21,GOOGL,-0.014617,0.046962
2019-02-22,GOOGL,0.011184,0.058672
2019-02-25,GOOGL,0.00069,0.059402
2019-02-26,GOOGL,0.004189,0.063839
2019-02-27,GOOGL,0.000784,0.064674
2019-02-28,GOOGL,0.003259,0.068144
2019-03-01,GOOGL,0.019502,0.088975
2019-03-04,GOOGL,0.004266,0.093621
2019-03-05,GOOGL,0.013672,0.108573
2019-03-06,GOOGL,-0.003635,0.104544
2019-03-07,GOOGL,-0.012095,0.091184
2019-03-08,GOOGL,-0.000765,0.09035
2019-03-11,GOOGL,0.02547,0.118121
2019-03-12,GOOGL,0.015255,0.135178
2019-03-13,GOOGL,0.001512,0.136895
2019-03-14,GOOGL,-0.005446,0.130703
2019-03-15,GOOGL,-0.00187,0.128589
2019-03-18,GOOGL,-0.00147,0.126929
2019-03-19,GOOGL,0.011703,0.140118
2019-03-20,GOOGL,0.019934,0.162846
2019-03-21,GOOGL,0.007909,0.172043
2019-03-22,GOOGL,-0.02304,0.145039
2019-03-25,GOOGL,-0.008504,0.135302
2019-03-26,GOOGL,-0.006297,0.128153
2019-03-27,GOOGL,-0.009942,0.116936
2019-03-28,GOOGL,-0.004873,0.111494
2019-03-29,GOOGL,0.003941,0.115874
2019-04-01,GOOGL,0.01877,0.136819
2019-04-02,GOOGL,0.005471,0.143039
2019-04-03,GOOGL,0.004371,0.148035
2019-04-04,GOOGL,0.007136,0.156228
2019-04-05,GOOGL,-0.00656,0.148642
2019-04-08,GOOGL,-0.002616,0.145637
2019-04-09,GOOGL,-0.004627,0.140336
2019-04-10,GOOGL,0.003126,0.143901
2019-04-11,GOOGL,0.002603,0.146879
2019-04-12,GOOGL,0.010863,0.159337
2019-04-15,GOOGL,0.003108,0.162941
2019-04-16,GOOGL,0.004386,0.168042
2019-04-17,GOOGL,0.006681,0.175845
2019-04-18,GOOGL,0.001072,0.177106
2019-04-22,GOOGL,0.0099,0.188759
2019-04-23,GOOGL,0.013424,0.204716
2019-04-24,GOOGL,-0.008295,0.194723
2019-04-25,GOOGL,0.005786,0.201635
2019-04-26,GOOGL,0.007954,0.211192
2019-04-29,GOOGL,0.014701,0.228998
2019-04-30,GOOGL,-0.075019,0.1368
2019-05-01,GOOGL,-0.021385,0.112489
2019-05-02,GOOGL,-0.005804,0.106032
2019-05-03,GOOGL,0.019751,0.127878
2019-05-06,GOOGL,0.003287,0.131585
2019-05-07,GOOGL,-0.012233,0.117742
2019-05-08,GOOGL,-0.006854,0.110081
2019-05-09,GOOGL,-0.0024,0.107417
2019-05-10,GOOGL,-0.000283,0.107104
2019-05-13,GOOGL,-0.026592,0.077663
2019-05-14,GOOGL,-0.01032,0.066541
2019-05-15,GOOGL,0.040841,0.1101
2019-05-16,GOOGL,0.011701,0.12309
2019-05-17,GOOGL,-0.013272,0.108184
2019-05-20,GOOGL,-0.020637,0.085315
2019-05-21,GOOGL,0.008544,0.094588
2019-05-22,GOOGL,0.001221,0.095925
2019-05-23,GOOGL,-0.009093,0.08596
2019-05-24,GOOGL,-0.005876,0.079579
2019-05-28,GOOGL,0.000834,0.080479
2019-05-29,GOOGL,-0.017217,0.061877
2019-05-30,GOOGL,0.001312,0.06327
2019-05-31,GOOGL,-0.013296,0.049133
2019-06-03,GOOGL,-0.061238,-0.015114
2019-06-04,GOOGL,0.015163,-0.00018
2019-06-05,GOOGL,-0.009341,-0.00952
2019-06-06,GOOGL,0.002987,-0.006561
2019-06-07,GOOGL,0.01967,0.01298
2019-06-10,GOOGL,0.013469,0.026624
2019-06-11,GOOGL,-0.001588,0.024993
2019-06-12,GOOGL,-0.001795,0.023154
2019-06-13,GOOGL,0.011037,0.034447
2019-06-14,GOOGL,-0.004317,0.029981
2019-06-17,GOOGL,0.006987,0.037177
2019-06-18,GOOGL,0.010376,0.047939
2019-06-19,GOOGL,-0.000661,0.047246
2019-06-20,GOOGL,0.007868,0.055486
2019-06-21,GOOGL,0.010932,0.067025
2019-06-24,GOOGL,-0.007704,0.058805
2019-06-25,GOOGL,-0.026077,0.031194
2019-06-26,GOOGL,-0.006675,0.024311
2019-06-27,GOOGL,-0.003416,0.020812
2019-06-28,GOOGL,0.005731,0.026662
2019-07-01,GOOGL,0.015885,0.04297
2019-07-02,GOOGL,0.011455,0.054917
2019-07-03,GOOGL,0.009338,0.064768
2019-07-05,GOOGL,0.00862,0.073947
2019-07-08,GOOGL,-0.01402,0.05889
2019-07-09,GOOGL,0.006716,0.066001
2019-07-10,GOOGL,0.014783,0.081759
2019-07-11,GOOGL,0.002779,0.084765
2019-07-12,GOOGL,0.001101,0.08596
2019-07-15,GOOGL,0.004514,0.090862
2019-07-16,GOOGL,0.002564,0.093659
2019-07-17,GOOGL,-0.005826,0.087287
2019-07-18,GOOGL,0.000436,0.087761
2019-07-19,GOOGL,-0.013676,0.072885
2019-07-22,GOOGL,0.00677,0.080148
2019-07-23,GOOGL,0.00776,0.088529
2019-07-24,GOOGL,-0.007247,0.080641
2019-07-25,GOOGL,-0.003325,0.077047
2019-07-26,GOOGL,0.096202,0.180662
2019-07-29,GOOGL,-0.002714,0.177457
2019-07-30,GOOGL,-0.011145,0.164334
2019-07-31,GOOGL,-0.00798,0.155042
2019-08-01,GOOGL,-0.00527,0.148955
2019-08-02,GOOGL,-0.012758,0.134297
2019-08-05,GOOGL,-0.034748,0.094882
2019-08-06,GOOGL,0.014142,0.110365
2019-08-07,GOOGL,0.004124,0.114945
2019-08-08,GOOGL,0.02575,0.143655
2019-08-09,GOOGL,-0.014334,0.127261
2019-08-12,GOOGL,-0.012112,0.113608
2019-08-13,GOOGL,0.018927,0.134685
2019-08-14,GOOGL,-0.027141,0.103889
2019-08-15,GOOGL,0.004355,0.108697
2019-08-16,GOOGL,0.008458,0.118074
2019-08-19,GOOGL,0.018004,0.138203
2019-08-20,GOOGL,-0.014087,0.12217
2019-08-21,GOOGL,0.006802,0.129802
2019-08-22,GOOGL,-5e-05,0.129746
2019-08-23,GOOGL,-0.031842,0.093773
2019-08-26,GOOGL,0.015257,0.11046
2019-08-27,GOOGL,-0.000307,0.110119
2019-08-28,GOOGL,0.002502,0.112897
2019-08-29,GOOGL,0.017457,0.132325
2019-08-30,GOOGL,-0.003107,0.128807
2019-09-03,GOOGL,-0.017622,0.108915
2019-09-04,GOOGL,0.010876,0.120975
2019-09-05,GOOGL,0.025307,0.149344
2019-09-06,GOOGL,-0.004842,0.143778
2019-09-09,GOOGL,-0.00087,0.142783
2019-09-10,GOOGL,0.000357,0.14319
2019-09-11,GOOGL,0.01186,0.156749
2019-09-12,GOOGL,0.01227,0.170943
2019-09-13,GOOGL,0.004097,0.175741
2019-09-16,GOOGL,-0.006774,0.167776
2019-09-17,GOOGL,-0.001421,0.166117
2019-09-18,GOOGL,0.002252,0.168743
2019-09-19,GOOGL,0.004949,0.174527
2019-09-20,GOOGL,-0.007193,0.166079
2019-09-23,GOOGL,0.003944,0.170677
2019-09-24,GOOGL,-0.01325,0.155166
2019-09-25,GOOGL,0.022662,0.181344
2019-09-26,GOOGL,-0.00293,0.177883
2019-09-27,GOOGL,-0.013153,0.162391
2019-09-30,GOOGL,-0.003923,0.15783
2019-10-01,GOOGL,-0.012398,0.143475
2019-10-02,GOOGL,-0.023284,0.116851
2019-10-03,GOOGL,0.009771,0.127764
2019-10-04,GOOGL,0.018101,0.148178
2019-10-07,GOOGL,-0.002238,0.145608
2019-10-08,GOOGL,-0.014997,0.128428
2019-10-09,GOOGL,0.01031,0.140062
2019-10-10,GOOGL,0.00588,0.146765
2019-10-11,GOOGL,0.005159,0.152681
2019-10-14,GOOGL,0.001695,0.154635
2019-10-15,GOOGL,0.020094,0.177836
2019-10-16,GOOGL,0.000612,0.178557
2019-10-17,GOOGL,0.007884,0.187848
2019-10-18,GOOGL,-0.006697,0.179893
2019-10-21,GOOGL,-0.000104,0.17977
2019-10-22,GOOGL,-0.002475,0.17685
2019-10-23,GOOGL,0.013237,0.192428
2019-10-24,GOOGL,0.001177,0.193831
2019-10-25,GOOGL,0.004122,0.198752
2019-10-28,GOOGL,0.019521,0.222153
2019-10-29,GOOGL,-0.021971,0.195301
2019-10-30,GOOGL,3.2e-05,0.195339
2019-10-31,GOOGL,-0.001507,0.193537
2019-11-01,GOOGL,0.010685,0.20629
2019-11-04,GOOGL,0.013645,0.22275
2019-11-05,GOOGL,0.001419,0.224485
2019-11-06,GOOGL,-0.000333,0.224077
2019-11-07,GOOGL,0.012339,0.239182
2019-11-08,GOOGL,0.001576,0.241135
2019-11-11,GOOGL,-0.008189,0.230971
2019-11-12,GOOGL,-0.000824,0.229956
2019-11-13,GOOGL,-0.000794,0.228979
2019-11-14,GOOGL,0.010006,0.241277
2019-11-15,GOOGL,0.018631,0.264403
2019-11-18,GOOGL,-0.010274,0.251413
2019-11-19,GOOGL,-0.005493,0.244539
2019-11-20,GOOGL,-0.008175,0.234365
2019-11-21,GOOGL,-0.001321,0.232734
2019-11-22,GOOGL,-0.004977,0.2266
2019-11-25,GOOGL,0.009253,0.237949
2019-11-26,GOOGL,0.005637,0.244928
2019-11-27,GOOGL,-0.000663,0.244102
2019-11-29,GOOGL,-0.006127,0.236479
2019-12-02,GOOGL,-0.011679,0.222039
2019-12-03,GOOGL,0.004562,0.227614
2019-12-04,GOOGL,0.018691,0.250559
2019-12-05,GOOGL,0.006081,0.258164
2019-12-06,GOOGL,0.009367,0.269949
2019-12-09,GOOGL,0.002688,0.273363
2019-12-10,GOOGL,-7.4e-05,0.273268
2019-12-11,GOOGL,0.001013,0.274557
2019-12-12,GOOGL,0.003154,0.278577
2019-12-13,GOOGL,-0.001201,0.277041
2019-12-16,GOOGL,0.010269,0.290155
2019-12-17,GOOGL,-0.00427,0.284646
2019-12-18,GOOGL,-0.002199,0.28182
2019-12-19,GOOGL,0.003351,0.286115
2019-12-20,GOOGL,-0.003848,0.281166
2019-12-23,GOOGL,-0.000437,0.280606
2019-12-24,GOOGL,-0.00459,0.274728
2019-12-26,GOOGL,0.013418,0.291833
2019-12-27,GOOGL,-0.005747,0.284409
2019-12-30,GOOGL,-0.011021,0.270252
2019-12-31,GOOGL,-0.000239,0.269949
2020-01-02,GOOGL,0.021868,0.29772
2020-01-03,GOOGL,-0.005231,0.290932
2020-01-06,GOOGL,0.026654,0.32534
2020-01-07,GOOGL,-0.001931,0.32278
2020-01-08,GOOGL,0.007118,0.332196
2020-01-09,GOOGL,0.010498,0.346181
2020-01-10,GOOGL,0.006459,0.354876
2020-01-13,GOOGL,0.007747,0.365372
2020-01-14,GOOGL,-0.006555,0.356421
2020-01-15,GOOGL,0.006018,0.364584
2020-01-16,GOOGL,0.007616,0.374977
2020-01-17,GOOGL,0.020246,0.402814
2020-01-21,GOOGL,0.001845,0.405403
2020-01-22,GOOGL,0.001093,0.406938
2020-01-23,GOOGL,0.000553,0.407716
2020-01-24,GOOGL,-0.012474,0.390156
2020-01-27,GOOGL,-0.02349,0.357502
2020-01-28,GOOGL,0.01311,0.375299
2020-01-29,GOOGL,0.004274,0.381177
2020-01-30,GOOGL,-0.001682,0.378854
2020-01-31,GOOGL,-0.014764,0.358497
2020-02-03,GOOGL,0.034772,0.405735
2020-02-04,GOOGL,-0.025085,0.370472
2020-02-05,GOOGL,0.000443,0.371079
2020-02-06,GOOGL,0.020691,0.399448
2020-02-07,GOOGL,0.002127,0.402425
2020-02-10,GOOGL,0.019978,0.430443
2020-02-11,GOOGL,0.000928,0.431771
2020-02-12,GOOGL,0.005675,0.439897
2020-02-13,GOOGL,-0.003451,0.434928
2020-02-14,GOOGL,0.003528,0.439991
2020-02-18,GOOGL,0.000468,0.440665
2020-02-19,GOOGL,0.003574,0.445813
2020-02-20,GOOGL,-0.005168,0.438342
2020-02-21,GOOGL,-0.022103,0.40655
2020-02-24,GOOGL,-0.042872,0.346247
2020-02-25,GOOGL,-0.023622,0.314446
2020-02-26,GOOGL,0.002994,0.318381
2020-02-27,GOOGL,-0.054313,0.246776
2020-02-28,GOOGL,0.01848,0.269816
2020-03-02,GOOGL,0.035147,0.314446
2020-03-03,GOOGL,-0.035057,0.268366
2020-03-04,GOOGL,0.032802,0.309971
2020-03-05,GOOGL,-0.048379,0.246596
2020-03-06,GOOGL,-0.014467,0.228562
2020-03-09,GOOGL,-0.061702,0.152757
2020-03-10,GOOGL,0.048841,0.209059
2020-03-11,GOOGL,-0.050401,0.148121
2020-03-12,GOOGL,-0.082046,0.053922
2020-03-13,GOOGL,0.092412,0.151316
2020-03-16,GOOGL,-0.116341,0.01737
2020-03-17,GOOGL,0.041994,0.060094
2020-03-18,GOOGL,-0.024033,0.034617
2020-03-19,GOOGL,0.018769,0.054035
2020-03-20,GOOGL,-0.039094,0.012829
2020-03-23,GOOGL,-0.013181,-0.000522
2020-03-24,GOOGL,0.071983,0.071424
2020-03-25,GOOGL,-0.025123,0.044507
2020-03-26,GOOGL,0.055645,0.102628
2020-03-27,GOOGL,-0.045282,0.052699
2020-03-30,GOOGL,0.03247,0.086879
2020-03-31,GOOGL,0.013644,0.101709
2020-04-01,GOOGL,-0.051508,0.044962
2020-04-02,GOOGL,0.013547,0.059118
2020-04-03,GOOGL,-0.021781,0.036049
2020-04-06,GOOGL,0.082813,0.121847
2020-04-07,GOOGL,-0.000533,0.12125
2020-04-08,GOOGL,0.020667,0.144423
2020-04-09,GOOGL,-0.000356,0.144015
2020-04-13,GOOGL,0.003183,0.147656
2020-04-14,GOOGL,0.04529,0.199634
2020-04-15,GOOGL,-0.006268,0.192115
2020-04-16,GOOGL,0.000103,0.192238
2020-04-17,GOOGL,0.017154,0.21269
2020-04-20,GOOGL,-0.013956,0.195766
2020-04-21,GOOGL,-0.038845,0.149316
2020-04-22,GOOGL,0.038155,0.193168
2020-04-23,GOOGL,0.01014,0.205266
2020-04-24,GOOGL,0.004272,0.210415
2020-04-27,GOOGL,-0.004496,0.204972
2020-04-28,GOOGL,-0.030113,0.168686
2020-04-29,GOOGL,0.08891,0.272595
2020-04-30,GOOGL,0.003368,0.27688
2020-05-01,GOOGL,-0.021816,0.249023
2020-05-04,GOOGL,0.004236,0.254314
2020-05-05,GOOGL,0.019744,0.27908
2020-05-06,GOOGL,-0.002661,0.275676
2020-05-07,GOOGL,0.017727,0.29829
2020-05-08,GOOGL,0.010999,0.312569
2020-05-11,GOOGL,0.013906,0.330821
2020-05-12,GOOGL,-0.020241,0.303884
2020-05-13,GOOGL,-0.019525,0.278426
2020-05-14,GOOGL,0.006326,0.286514
2020-05-15,GOOGL,0.011939,0.301874
2020-05-18,GOOGL,0.008827,0.313365
2020-05-19,GOOGL,-0.007783,0.303144
2020-05-20,GOOGL,0.025291,0.336102
2020-05-21,GOOGL,-0.00171,0.333817
2020-05-22,GOOGL,0.004613,0.33997
2020-05-26,GOOGL,0.005753,0.347679
2020-05-27,GOOGL,-0.000767,0.346645
2020-05-28,GOOGL,-0.001436,0.344712
2020-05-29,GOOGL,0.010774,0.359199
2020-06-01,GOOGL,0.000942,0.360479
2020-06-02,GOOGL,0.005185,0.367534
2020-06-03,GOOGL,-0.002122,0.364632
2020-06-04,GOOGL,-0.017336,0.340975
2020-06-05,GOOGL,0.018186,0.365362
2020-06-08,GOOGL,0.005569,0.372966
2020-06-09,GOOGL,0.00279,0.376797
2020-06-10,GOOGL,0.008691,0.388762
2020-06-11,GOOGL,-0.042875,0.329218
2020-06-12,GOOGL,0.007861,0.339667
2020-06-15,GOOGL,0.005535,0.347082
2020-06-16,GOOGL,0.01811,0.371478
2020-06-17,GOOGL,0.004196,0.377233
2020-06-18,GOOGL,-0.012681,0.359768
2020-06-19,GOOGL,-0.00661,0.350779
2020-06-22,GOOGL,0.018264,0.375451
2020-06-23,GOOGL,0.009182,0.38808
2020-06-24,GOOGL,-0.021366,0.358422
2020-06-25,GOOGL,0.005863,0.366386
2020-06-26,GOOGL,-0.054514,0.291899
2020-06-29,GOOGL,0.025416,0.324734
2020-06-30,GOOGL,0.014944,0.344531
2020-07-01,GOOGL,0.016889,0.367239
2020-07-02,GOOGL,0.019369,0.393721
2020-07-06,GOOGL,0.020219,0.4219
2020-07-07,GOOGL,-0.006488,0.412675
2020-07-08,GOOGL,0.009181,0.425646
2020-07-09,GOOGL,0.010016,0.439925
2020-07-10,GOOGL,0.0134,0.45922
2020-07-13,GOOGL,-0.017401,0.433829
2020-07-14,GOOGL,0.005706,0.442011
2020-07-15,GOOGL,-0.002617,0.438237
2020-07-16,GOOGL,-0.001292,0.436379
2020-07-17,GOOGL,0.001274,0.438209
2020-07-20,GOOGL,0.030979,0.482763
2020-07-21,GOOGL,-0.005064,0.475253
2020-07-22,GOOGL,0.005739,0.48372
2020-07-23,GOOGL,-0.030738,0.438114
2020-07-24,GOOGL,-0.00563,0.430017
2020-07-27,GOOGL,0.01407,0.450136
2020-07-28,GOOGL,-0.016856,0.425693
2020-07-29,GOOGL,0.013208,0.444523
2020-07-30,GOOGL,0.009754,0.458613
2020-07-31,GOOGL,-0.032775,0.410807
2020-08-03,GOOGL,-0.003488,0.405886
2020-08-04,GOOGL,-0.00638,0.396917
2020-08-05,GOOGL,0.00393,0.402406
2020-08-06,GOOGL,0.017484,0.426926
2020-08-07,GOOGL,-0.004372,0.420687
2020-08-10,GOOGL,-0.001035,0.419217
2020-08-11,GOOGL,-0.010876,0.403781
2020-08-12,GOOGL,0.018034,0.429097
2020-08-13,GOOGL,0.006243,0.438019
2020-08-14,GOOGL,-0.007925,0.426622
2020-08-17,GOOGL,0.007716,0.43763
2020-08-18,GOOGL,0.026078,0.475121
2020-08-19,GOOGL,-0.00718,0.46453
2020-08-20,GOOGL,0.020484,0.494529
2020-08-21,GOOGL,-0.000431,0.493884
2020-08-24,GOOGL,0.00608,0.502968
2020-08-25,GOOGL,0.013059,0.522595
2020-08-26,GOOGL,0.023838,0.55889
2020-08-27,GOOGL,-0.009494,0.544089
2020-08-28,GOOGL,0.006699,0.554433
2020-08-31,GOOGL,-0.006039,0.545047
2020-09-01,GOOGL,0.015679,0.569272
2020-09-02,GOOGL,0.037648,0.628352
2020-09-03,GOOGL,-0.051171,0.545028
2020-09-04,GOOGL,-0.029641,0.499232
2020-09-08,GOOGL,-0.036434,0.444609
2020-09-09,GOOGL,0.015509,0.467014
2020-09-10,GOOGL,-0.013689,0.446932
2020-09-11,GOOGL,-0.006743,0.437175
2020-09-14,GOOGL,-0.004572,0.430605
2020-09-15,GOOGL,0.017424,0.455532
2020-09-16,GOOGL,-0.015002,0.433696
2020-09-17,GOOGL,-0.016567,0.409944
2020-09-18,GOOGL,-0.024175,0.375858
2020-09-21,GOOGL,-0.014437,0.355994
2020-09-22,GOOGL,0.020753,0.384135
2020-09-23,GOOGL,-0.034545,0.33632
2020-09-24,GOOGL,0.009557,0.349092
2020-09-25,GOOGL,0.011386,0.364452
2020-09-28,GOOGL,0.01362,0.383036
2020-09-29,GOOGL,0.005046,0.390014
2020-09-30,GOOGL,-0.000286,0.389616
2020-10-01,GOOGL,0.015216,0.41076
2020-10-02,GOOGL,-0.021708,0.380135
2020-10-05,GOOGL,0.018707,0.405953
2020-10-06,GOOGL,-0.021452,0.375792
2020-10-07,GOOGL,0.005596,0.383491
2020-10-08,GOOGL,0.016646,0.406521
2020-10-09,GOOGL,0.018215,0.432141
2020-10-12,GOOGL,0.035844,0.483474
2020-10-13,GOOGL,0.001585,0.485825
2020-10-14,GOOGL,-0.002316,0.482383
2020-10-15,GOOGL,-0.005098,0.474826
2020-10-16,GOOGL,0.007863,0.486422
2020-10-19,GOOGL,-0.02408,0.45063
2020-10-20,GOOGL,0.013811,0.470664
2020-10-21,GOOGL,0.022507,0.503764
2020-10-22,GOOGL,0.013033,0.523363
2020-10-23,GOOGL,0.016382,0.548318
2020-10-26,GOOGL,-0.029817,0.502152
2020-10-27,GOOGL,0.009209,0.515986
2020-10-28,GOOGL,-0.055089,0.432472
2020-10-29,GOOGL,0.030501,0.476164
2020-10-30,GOOGL,0.038044,0.532323
2020-11-02,GOOGL,0.00508,0.540107
2020-11-03,GOOGL,0.013138,0.56034
2020-11-04,GOOGL,0.060882,0.655336
2020-11-05,GOOGL,0.009537,0.671123
2020-11-06,GOOGL,-0.001572,0.668497
2020-11-09,GOOGL,0.00096,0.670099
2020-11-10,GOOGL,-0.013455,0.647628
2020-11-11,GOOGL,0.005473,0.656645
2020-11-12,GOOGL,-0.002524,0.652463
2020-11-13,GOOGL,0.016892,0.680377
2020-11-16,GOOGL,0.000999,0.682055
2020-11-17,GOOGL,-0.006973,0.670326
2020-11-18,GOOGL,-0.011932,0.650396
2020-11-19,GOOGL,0.010301,0.667396
2020-11-20,GOOGL,-0.012618,0.646357
2020-11-23,GOOGL,-0.00508,0.637994
2020-11-24,GOOGL,0.021035,0.67245
2020-11-25,GOOGL,0.00013,0.672669
2020-11-27,GOOGL,0.012975,0.694372
2020-11-30,GOOGL,-0.018254,0.663443
2020-12-01,GOOGL,0.023347,0.702279
2020-12-02,GOOGL,0.016493,0.730355
2020-12-03,GOOGL,-0.001715,0.727387
2020-12-04,GOOGL,0.001054,0.729207
2020-12-07,GOOGL,-0.00369,0.722826
2020-12-08,GOOGL,-0.003137,0.717421
2020-12-09,GOOGL,-0.018478,0.685686
2020-12-10,GOOGL,-0.005743,0.676006
2020-12-11,GOOGL,0.004045,0.682785
2020-12-14,GOOGL,-0.0127,0.661414
2020-12-15,GOOGL,0.005034,0.669777
2020-12-16,GOOGL,-0.002209,0.666089
2020-12-17,GOOGL,-0.009492,0.650273
2020-12-18,GOOGL,-0.008211,0.636724
2020-12-21,GOOGL,0.004832,0.644632
2020-12-22,GOOGL,-0.008267,0.631035
2020-12-23,GOOGL,0.004656,0.63863
2020-12-24,GOOGL,0.003431,0.644252
2020-12-28,GOOGL,0.022951,0.681989
2020-12-29,GOOGL,-0.009132,0.666629
2020-12-30,GOOGL,-0.012237,0.646234
2020-12-31,GOOGL,0.00944,0.661774
2021-01-04,GOOGL,-0.015126,0.636639
2021-01-05,GOOGL,0.008064,0.649837
2021-01-06,GOOGL,-0.009868,0.633557
2021-01-07,GOOGL,0.029869,0.682349
2021-01-08,GOOGL,0.013239,0.704621
2021-01-11,GOOGL,-0.023106,0.665235
2021-01-12,GOOGL,-0.010738,0.647353
2021-01-13,GOOGL,0.005652,0.656664
2021-01-14,GOOGL,-0.009346,0.64118
2021-01-15,GOOGL,-0.001907,0.638051
2021-01-19,GOOGL,0.032907,0.691954
2021-01-20,GOOGL,0.053573,0.782598
2021-01-21,GOOGL,0.00217,0.786466
2021-01-22,GOOGL,0.004464,0.79444
2021-01-25,GOOGL,0.000909,0.796071
2021-01-26,GOOGL,0.007216,0.809032
2021-01-27,GOOGL,-0.046652,0.724637
2021-01-28,GOOGL,0.018835,0.757121
2021-01-29,GOOGL,-0.013943,0.732621
2021-02-01,GOOGL,0.035959,0.794924
2021-02-02,GOOGL,0.013761,0.819623
2021-02-03,GOOGL,0.072825,0.952137
2021-02-04,GOOGL,-0.00255,0.94716
2021-02-05,GOOGL,0.01714,0.980534
2021-02-08,GOOGL,-0.002063,0.976448
2021-02-09,GOOGL,-0.00438,0.967791
2021-02-10,GOOGL,0.005343,0.978306
2021-02-11,GOOGL,0.001088,0.980459
2021-02-12,GOOGL,0.003007,0.986413
2021-02-16,GOOGL,0.00748,1.001271
2021-02-17,GOOGL,0.003752,1.00878
2021-02-18,GOOGL,-0.006046,0.996634
2021-02-19,GOOGL,-0.008073,0.980515
2021-02-22,GOOGL,-0.01654,0.947757
2021-02-23,GOOGL,0.002853,0.953313
2021-02-24,GOOGL,0.011499,0.975775
2021-02-25,GOOGL,-0.032565,0.911433
2021-02-26,GOOGL,0.002956,0.917084
2021-03-01,GOOGL,0.023616,0.962358
2021-03-02,GOOGL,-0.002503,0.957447
2021-03-03,GOOGL,-0.025706,0.907128
2021-03-04,GOOGL,0.011196,0.928481
2021-03-05,GOOGL,0.031043,0.988347
2021-03-08,GOOGL,-0.042712,0.903421
2021-03-09,GOOGL,0.016369,0.934577
2021-03-10,GOOGL,-0.002044,0.930624
2021-03-11,GOOGL,0.031603,0.991637
2021-03-12,GOOGL,-0.02406,0.943718
2021-03-15,GOOGL,0.002166,0.947927
2021-03-16,GOOGL,0.014335,0.975851
2021-03-17,GOOGL,-0.000801,0.974267
2021-03-18,GOOGL,-0.029238,0.916543
2021-03-19,GOOGL,0.00278,0.921872
2021-03-22,GOOGL,0.00184,0.925409
2021-03-23,GOOGL,0.00524,0.935497
2021-03-24,GOOGL,-0.004311,0.927153
2021-03-25,GOOGL,-3.4e-05,0.927087
2021-03-26,GOOGL,-0.003803,0.919758
2021-03-29,GOOGL,0.010401,0.939726
2021-03-30,GOOGL,0.000332,0.94037
2021-03-31,GOOGL,0.007843,0.955588
2021-04-01,GOOGL,0.032611,1.019361
2021-04-05,GOOGL,0.041873,1.103918
2021-04-06,GOOGL,-0.004371,1.09472
2021-04-07,GOOGL,0.013475,1.122947
2021-04-08,GOOGL,0.005091,1.133756
2021-04-09,GOOGL,0.008994,1.152947
2021-04-12,GOOGL,-0.011472,1.128248
2021-04-13,GOOGL,0.00437,1.137549
2021-04-14,GOOGL,-0.005554,1.125678
2021-04-15,GOOGL,0.019332,1.166771
2021-04-16,GOOGL,-0.001094,1.164401
2021-04-19,GOOGL,0.003071,1.171047
2021-04-20,GOOGL,-0.004695,1.160854
2021-04-21,GOOGL,-0.00029,1.160229
2021-04-22,GOOGL,-0.011337,1.135738
2021-04-23,GOOGL,0.021048,1.18069
2021-04-26,GOOGL,0.004348,1.190172
2021-04-27,GOOGL,-0.008204,1.172204
2021-04-28,GOOGL,0.029708,1.236735
2021-04-29,GOOGL,0.014294,1.268707
2021-04-30,GOOGL,-0.016408,1.231483
2021-05-03,GOOGL,-0.004427,1.221603
2021-05-04,GOOGL,-0.015471,1.187232
2021-05-05,GOOGL,0.003442,1.19476
2021-05-06,GOOGL,0.009755,1.21617
2021-05-07,GOOGL,0.006238,1.229994
2021-05-10,GOOGL,-0.025587,1.172934
2021-05-11,GOOGL,-0.009465,1.152369
2021-05-12,GOOGL,-0.030753,1.086178
2021-05-13,GOOGL,0.013085,1.113475
2021-05-14,GOOGL,0.022135,1.160257
2021-05-17,GOOGL,0.004626,1.170251
2021-05-18,GOOGL,-0.011556,1.145172
2021-05-19,GOOGL,0.003991,1.153734
2021-05-20,GOOGL,0.015606,1.187346
2021-05-21,GOOGL,-0.005557,1.175191
2021-05-24,GOOGL,0.029166,1.238632
2021-05-25,GOOGL,0.000775,1.240367
2021-05-26,GOOGL,0.007381,1.256903
2021-05-27,GOOGL,-0.007407,1.240187
2021-05-28,GOOGL,-0.002468,1.234659
2021-06-01,GOOGL,0.010323,1.257728
2021-06-02,GOOGL,-0.004447,1.247687
2021-06-03,GOOGL,-0.009707,1.225869
2021-06-04,GOOGL,0.019591,1.269475
2021-06-07,GOOGL,0.003647,1.277753
2021-06-08,GOOGL,-0.001607,1.274093
2021-06-09,GOOGL,0.003961,1.2831
2021-06-10,GOOGL,0.011292,1.308881
2021-06-11,GOOGL,-0.002024,1.304206
2021-06-14,GOOGL,0.007699,1.321946
2021-06-15,GOOGL,-0.008379,1.30249
2021-06-16,GOOGL,-0.005329,1.290221
2021-06-17,GOOGL,0.00804,1.308634
2021-06-18,GOOGL,-0.013409,1.277677
2021-06-21,GOOGL,0.014166,1.309942
2021-06-22,GOOGL,0.004252,1.319765
2021-06-23,GOOGL,-0.001663,1.315906
2021-06-24,GOOGL,0.003054,1.32298
2021-06-25,GOOGL,6.9e-05,1.323141
2021-06-28,GOOGL,0.000224,1.323662
2021-06-29,GOOGL,-0.00215,1.318666
2021-06-30,GOOGL,-0.001497,1.315195
2021-07-01,GOOGL,0.002908,1.321927
2021-07-02,GOOGL,0.022974,1.37527
2021-07-06,GOOGL,0.007445,1.392954
2021-07-07,GOOGL,0.00225,1.398339
2021-07-08,GOOGL,-0.011307,1.371222
2021-07-09,GOOGL,0.003795,1.38022
2021-07-12,GOOGL,0.011608,1.407849
2021-07-13,GOOGL,0.002882,1.414789
2021-07-14,GOOGL,0.007032,1.431771
2021-07-15,GOOGL,-0.009607,1.408408
2021-07-16,GOOGL,-0.000276,1.407745
2021-07-19,GOOGL,-0.018839,1.362385
2021-07-20,GOOGL,0.013096,1.393323
2021-07-21,GOOGL,0.010613,1.418724
2021-07-22,GOOGL,0.00684,1.43527
2021-07-23,GOOGL,0.035769,1.522376
2021-07-26,GOOGL,0.007668,1.541719
2021-07-27,GOOGL,-0.015929,1.501232
2021-07-28,GOOGL,0.031797,1.580764
2021-07-29,GOOGL,-0.002325,1.574763
2021-07-30,GOOGL,-0.007741,1.554831
2021-08-02,GOOGL,0.00095,1.557259
2021-08-03,GOOGL,0.005751,1.571965
2021-08-04,GOOGL,-0.00372,1.562398
2021-08-05,GOOGL,0.008333,1.58375
2021-08-06,GOOGL,-0.003765,1.574023
2021-08-09,GOOGL,0.008652,1.596295
2021-08-10,GOOGL,-0.000774,1.594285
2021-08-11,GOOGL,-0.00386,1.584272
2021-08-12,GOOGL,0.006714,1.601623
2021-08-13,GOOGL,0.003889,1.61174
2021-08-16,GOOGL,0.004226,1.622776
2021-08-17,GOOGL,-0.011915,1.591526
2021-08-18,GOOGL,-0.008872,1.568533
2021-08-19,GOOGL,0.001705,1.572913
2021-08-20,GOOGL,0.012894,1.606089
2021-08-23,GOOGL,0.019006,1.655621
2021-08-24,GOOGL,0.008712,1.678756
2021-08-25,GOOGL,0.005787,1.694258
2021-08-26,GOOGL,-0.004494,1.68215
2021-08-27,GOOGL,0.018124,1.730762
2021-08-30,GOOGL,0.004073,1.741884
2021-08-31,GOOGL,0.00074,1.743913
2021-09-01,GOOGL,0.00358,1.753736
2021-09-02,GOOGL,-0.01328,1.717166
2021-09-03,GOOGL,0.003158,1.725746
2021-09-07,GOOGL,0.003764,1.736005
2021-09-08,GOOGL,-0.004086,1.724826
2021-09-09,GOOGL,-0.001044,1.721982
2021-09-10,GOOGL,-0.018566,1.671446
2021-09-13,GOOGL,0.010339,1.699065
2021-09-14,GOOGL,0.001489,1.703085
2021-09-15,GOOGL,0.013224,1.738831
2021-09-16,GOOGL,-0.005674,1.72329
2021-09-17,GOOGL,-0.019567,1.670004
2021-09-20,GOOGL,-0.014776,1.630552
2021-09-21,GOOGL,0.00226,1.636497
2021-09-22,GOOGL,0.008994,1.66021
2021-09-23,GOOGL,0.006647,1.677893
2021-09-24,GOOGL,0.007074,1.696837
2021-09-27,GOOGL,-0.008037,1.675162
2021-09-28,GOOGL,-0.037158,1.575758
2021-09-29,GOOGL,-0.01087,1.547759
2021-09-30,GOOGL,-0.005043,1.534911
2021-10-01,GOOGL,0.021448,1.589279
2021-10-04,GOOGL,-0.021118,1.534599
2021-10-05,GOOGL,0.017683,1.579417
2021-10-06,GOOGL,0.011336,1.608658
2021-10-07,GOOGL,0.012067,1.640138
2021-10-08,GOOGL,0.004026,1.650767
2021-10-11,GOOGL,-0.006235,1.63424
2021-10-12,GOOGL,-0.017745,1.587496
2021-10-13,GOOGL,0.008304,1.608981
2021-10-14,GOOGL,0.025941,1.67666
2021-10-15,GOOGL,0.001537,1.680775
2021-10-18,GOOGL,0.009974,1.707513
2021-10-19,GOOGL,0.003215,1.716217
2021-10-20,GOOGL,-0.010249,1.68838
2021-10-21,GOOGL,0.000825,1.690598
2021-10-22,GOOGL,-0.030444,1.608687
2021-10-25,GOOGL,-0.000869,1.606421
2021-10-26,GOOGL,0.013543,1.64172
2021-10-27,GOOGL,0.049595,1.772737
2021-10-28,GOOGL,-0.00252,1.765749
2021-10-29,GOOGL,0.015064,1.807411
2021-11-01,GOOGL,-0.030727,1.721148
2021-11-02,GOOGL,0.013488,1.757851
2021-11-03,GOOGL,0.008014,1.779953
2021-11-04,GOOGL,0.011388,1.811611
2021-11-05,GOOGL,0.003942,1.822695
2021-11-08,GOOGL,0.001203,1.82609
2021-11-09,GOOGL,-0.000755,1.823956
2021-11-10,GOOGL,-0.020313,1.766593
2021-11-11,GOOGL,-0.000871,1.764185
2021-11-12,GOOGL,0.019973,1.819395
2021-11-15,GOOGL,-0.00152,1.81511
2021-11-16,GOOGL,-0.00388,1.804188
2021-11-17,GOOGL,0.001156,1.80743
2021-11-18,GOOGL,0.012101,1.841402
2021-11-19,GOOGL,-0.006086,1.824108
2021-11-22,GOOGL,-0.017623,1.77434
2021-11-23,GOOGL,-0.003554,1.764478
2021-11-24,GOOGL,0.002319,1.770888
2021-11-26,GOOGL,-0.026944,1.69623
2021-11-29,GOOGL,0.023544,1.759709
2021-11-30,GOOGL,-0.024964,1.690816
2021-12-01,GOOGL,-0.005962,1.674773
2021-12-02,GOOGL,0.013573,1.711078
2021-12-03,GOOGL,-0.006747,1.692788
2021-12-06,GOOGL,0.008123,1.714662
2021-12-07,GOOGL,0.028741,1.792686
2021-12-08,GOOGL,0.006227,1.810075
2021-12-09,GOOGL,-0.003698,1.799684
2021-12-10,GOOGL,0.002459,1.806567
2021-12-13,GOOGL,-0.014696,1.765322
2021-12-14,GOOGL,-0.013163,1.728922
2021-12-15,GOOGL,0.017609,1.776975
2021-12-16,GOOGL,-0.01363,1.739125
2021-12-17,GOOGL,-0.018831,1.687545
2021-12-20,GOOGL,-0.000832,1.685308
2021-12-21,GOOGL,0.013174,1.720683
2021-12-22,GOOGL,0.020509,1.776482
2021-12-23,GOOGL,0.003425,1.785992
2021-12-27,GOOGL,0.006738,1.804765
2021-12-28,GOOGL,-0.008245,1.78164
2021-12-29,GOOGL,-0.000218,1.781033
2021-12-30,GOOGL,-0.003099,1.772414
2021-12-31,GOOGL,-0.009223,1.746843
2022-01-03,GOOGL,0.000963,1.749488
2022-01-04,GOOGL,-0.004083,1.738262
2022-01-05,GOOGL,-0.045876,1.612641
2022-01-06,GOOGL,-0.0002,1.61212
2022-01-07,GOOGL,-0.005303,1.598266
2022-01-10,GOOGL,0.012061,1.629603
2022-01-11,GOOGL,0.007691,1.649827
2022-01-12,GOOGL,0.012127,1.68196
2022-01-13,GOOGL,-0.020105,1.628039
2022-01-14,GOOGL,0.006447,1.644982
2022-01-18,GOOGL,-0.024968,1.578943
2022-01-19,GOOGL,-0.006482,1.562227
2022-01-20,GOOGL,-0.013388,1.527923
2022-01-21,GOOGL,-0.022174,1.471868
2022-01-24,GOOGL,0.003472,1.480449
2022-01-25,GOOGL,-0.029579,1.407081
2022-01-26,GOOGL,0.018104,1.450658
2022-01-27,GOOGL,-0.001764,1.446335
2022-01-28,GOOGL,0.033689,1.528748
2022-01-31,GOOGL,0.014642,1.565773
2022-02-01,GOOGL,0.017298,1.610156
2022-02-02,GOOGL,0.075238,1.806539
2022-02-03,GOOGL,-0.033176,1.71343
2022-02-04,GOOGL,0.001419,1.717279
2022-02-07,GOOGL,-0.028557,1.639682
2022-02-08,GOOGL,0.001423,1.643437
2022-02-09,GOOGL,0.015732,1.685023
2022-02-10,GOOGL,-0.02099,1.628665
2022-02-11,GOOGL,-0.031291,1.546412
2022-02-14,GOOGL,0.00926,1.569993
2022-02-15,GOOGL,0.007987,1.59052
2022-02-16,GOOGL,0.008268,1.611939
2022-02-17,GOOGL,-0.037745,1.51335
2022-02-18,GOOGL,-0.016116,1.472845
2022-02-22,GOOGL,-0.00452,1.461666
2022-02-23,GOOGL,-0.017144,1.419464
2022-02-24,GOOGL,0.039996,1.516233
2022-02-25,GOOGL,0.013328,1.549769
2022-02-28,GOOGL,0.004444,1.5611
2022-03-01,GOOGL,-0.007371,1.542222
2022-03-02,GOOGL,0.003804,1.551892
2022-03-03,GOOGL,-0.004994,1.53915
2022-03-04,GOOGL,-0.014884,1.501356
2022-03-07,GOOGL,-0.041908,1.396528
2022-03-08,GOOGL,0.005745,1.410295
2022-03-09,GOOGL,0.049688,1.530057
2022-03-10,GOOGL,-0.007424,1.511274
2022-03-11,GOOGL,-0.019323,1.462747
2022-03-14,GOOGL,-0.03018,1.388421
2022-03-15,GOOGL,0.02578,1.449994
2022-03-16,GOOGL,0.031599,1.527412
2022-03-17,GOOGL,0.00419,1.538002
2022-03-18,GOOGL,0.017084,1.581361
2022-03-21,GOOGL,-0.000176,1.580906
2022-03-22,GOOGL,0.027674,1.652331
2022-03-23,GOOGL,-0.011386,1.622132
2022-03-24,GOOGL,0.02384,1.684643
2022-03-25,GOOGL,0.000714,1.68656
2022-03-28,GOOGL,-0.001535,1.682435
2022-03-29,GOOGL,0.007423,1.702346
2022-03-30,GOOGL,-0.003979,1.691594
2022-03-31,GOOGL,-0.020227,1.637151
2022-04-01,GOOGL,0.007787,1.657688
2022-04-04,GOOGL,0.020128,1.711182
2022-04-05,GOOGL,-0.01665,1.666041
2022-04-06,GOOGL,-0.028757,1.589373
2022-04-07,GOOGL,-0.00483,1.576867
2022-04-08,GOOGL,-0.019141,1.527544
2022-04-11,GOOGL,-0.033491,1.442893
2022-04-12,GOOGL,-0.008609,1.421863
2022-04-13,GOOGL,0.017065,1.463193
2022-04-14,GOOGL,-0.024358,1.403193
2022-04-18,GOOGL,0.007469,1.421142
2022-04-19,GOOGL,0.018269,1.465374
2022-04-20,GOOGL,-0.015145,1.428035
2022-04-21,GOOGL,-0.025191,1.36687
2022-04-22,GOOGL,-0.041494,1.26866
2022-04-25,GOOGL,0.028741,1.333864
2022-04-26,GOOGL,-0.035946,1.249972
2022-04-27,GOOGL,-0.036709,1.167378
2022-04-28,GOOGL,0.036992,1.247554
2022-04-29,GOOGL,-0.037233,1.16387
2022-05-02,GOOGL,0.021677,1.210775
2022-05-03,GOOGL,0.006442,1.225016
2022-05-04,GOOGL,0.041991,1.318447
2022-05-05,GOOGL,-0.047075,1.209305
2022-05-06,GOOGL,-0.006515,1.194912
2022-05-09,GOOGL,-0.027953,1.133557
2022-05-10,GOOGL,0.016745,1.169283
2022-05-11,GOOGL,-0.006928,1.154255
2022-05-12,GOOGL,-0.006677,1.139872
2022-05-13,GOOGL,0.028415,1.200677
2022-05-16,GOOGL,-0.013835,1.170232
2022-05-17,GOOGL,0.01772,1.208689
2022-05-18,GOOGL,-0.039267,1.121961
2022-05-19,GOOGL,-0.013543,1.093223
2022-05-20,GOOGL,-0.013372,1.065233
2022-05-23,GOOGL,0.02369,1.114158
2022-05-24,GOOGL,-0.049494,1.009519
2022-05-25,GOOGL,-0.001557,1.006391
2022-05-26,GOOGL,0.018785,1.04408
2022-05-27,GOOGL,0.041969,1.129869
2022-05-31,GOOGL,0.01287,1.15728
2022-06-01,GOOGL,0.001143,1.159745
2022-06-02,GOOGL,0.032755,1.230487
2022-06-03,GOOGL,-0.026198,1.172052
2022-06-06,GOOGL,0.019901,1.215279
2022-06-07,GOOGL,0.002816,1.221518
2022-06-08,GOOGL,0.00038,1.222362
2022-06-09,GOOGL,-0.020125,1.177637
2022-06-10,GOOGL,-0.031994,1.107966
2022-06-13,GOOGL,-0.042902,1.017531
2022-06-14,GOOGL,0.003036,1.023656
2022-06-15,GOOGL,0.028571,1.081475
2022-06-16,GOOGL,-0.033991,1.010724
2022-06-17,GOOGL,0.010468,1.031773
2022-06-21,GOOGL,0.041071,1.11522
2022-06-22,GOOGL,-0.000506,1.114149
2022-06-23,GOOGL,0.006768,1.128456
2022-06-24,GOOGL,0.051077,1.237171
2022-06-27,GOOGL,-0.018152,1.196562
2022-06-28,GOOGL,-0.03303,1.124009
2022-06-29,GOOGL,-0.002732,1.118206
2022-06-30,GOOGL,-0.024516,1.066276
2022-07-01,GOOGL,-0.00207,1.062
2022-07-05,GOOGL,0.041619,1.147818
2022-07-06,GOOGL,0.011557,1.17264
2022-07-07,GOOGL,0.036754,1.252494
2022-07-08,GOOGL,0.004803,1.263312
2022-07-11,GOOGL,-0.030808,1.193585
2022-07-12,GOOGL,-0.014316,1.162182
2022-07-13,GOOGL,-0.023391,1.111607
2022-07-14,GOOGL,-0.008855,1.09291
2022-07-15,GOOGL,0.012775,1.119648
2022-07-18,GOOGL,-0.02458,1.067547
2022-07-19,GOOGL,0.043841,1.15819
2022-07-20,GOOGL,0.000791,1.159897
2022-07-21,GOOGL,0.003863,1.168241
2022-07-22,GOOGL,-0.056323,1.046118
2022-07-25,GOOGL,-0.003614,1.038723
2022-07-26,GOOGL,-0.023161,0.991505
2022-07-27,GOOGL,0.076557,1.143968
2022-07-28,GOOGL,0.01026,1.165965
2022-07-29,GOOGL,0.018385,1.205788
2022-08-01,GOOGL,-0.012552,1.178101
2022-08-02,GOOGL,0.002351,1.183222
2022-08-03,GOOGL,0.025623,1.239163
2022-08-04,GOOGL,0.000932,1.241249
2022-08-05,GOOGL,-0.006092,1.227595
2022-08-08,GOOGL,-0.001447,1.224372
2022-08-09,GOOGL,-0.005712,1.211666
2022-08-10,GOOGL,0.026323,1.269883
2022-08-11,GOOGL,-0.007185,1.253575
2022-08-12,GOOGL,0.023898,1.30743
2022-08-15,GOOGL,0.003287,1.315015
2022-08-16,GOOGL,-0.003113,1.307809
2022-08-17,GOOGL,-0.017666,1.267038
2022-08-18,GOOGL,0.005186,1.278796
2022-08-19,GOOGL,-0.024632,1.222665
2022-08-22,GOOGL,-0.025339,1.166345
2022-08-23,GOOGL,-0.003326,1.159138
2022-08-24,GOOGL,-0.001493,1.155915
2022-08-25,GOOGL,0.026036,1.212046
2022-08-26,GOOGL,-0.054094,1.092388
2022-08-29,GOOGL,-0.008338,1.074942
2022-08-30,GOOGL,-0.004387,1.06584
2022-08-31,GOOGL,-0.006609,1.052187
2022-09-01,GOOGL,0.014045,1.08101
2022-09-02,GOOGL,-0.017223,1.04517
2022-09-06,GOOGL,-0.009643,1.025448
2022-09-07,GOOGL,0.024717,1.075511
2022-09-08,GOOGL,-0.009776,1.05522
2022-09-09,GOOGL,0.020945,1.098267
2022-09-12,GOOGL,0.001898,1.102249
2022-09-13,GOOGL,-0.058993,0.97823
2022-09-14,GOOGL,0.006518,0.991125
2022-09-15,GOOGL,-0.019905,0.951492
2022-09-16,GOOGL,-0.001069,0.949407
2022-09-19,GOOGL,0.002627,0.954527
2022-09-20,GOOGL,-0.018725,0.917928
2022-09-21,GOOGL,-0.01839,0.882656
2022-09-22,GOOGL,0.008662,0.898964
2022-09-23,GOOGL,-0.01398,0.872416
2022-09-26,GOOGL,-0.005773,0.861607
2022-09-27,GOOGL,-0.006825,0.848902
2022-09-28,GOOGL,0.026154,0.897258
2022-09-29,GOOGL,-0.026287,0.847385
2022-09-30,GOOGL,-0.018169,0.81382
2022-10-03,GOOGL,0.03126,0.87052
2022-10-04,GOOGL,0.030414,0.927409
2022-10-05,GOOGL,-0.002066,0.923427
2022-10-06,GOOGL,-9.9e-05,0.923237
2022-10-07,GOOGL,-0.027016,0.871278
2022-10-10,GOOGL,-0.00831,0.855729
2022-10-11,GOOGL,-0.006949,0.842834
2022-10-12,GOOGL,0.00391,0.85004
2022-10-13,GOOGL,0.015375,0.878484
2022-10-14,GOOGL,-0.025237,0.831077
2022-10-17,GOOGL,0.035315,0.895741
2022-10-18,GOOGL,0.008002,0.910912
2022-10-19,GOOGL,-0.011313,0.889293
2022-10-20,GOOGL,0.003413,0.895741
2022-10-21,GOOGL,0.011603,0.917738
2022-10-24,GOOGL,0.013745,0.944097
2022-10-25,GOOGL,0.019118,0.981265
2022-10-26,GOOGL,-0.091405,0.800167
2022-10-27,GOOGL,-0.028547,0.748777
2022-10-28,GOOGL,0.044134,0.825957
2022-10-31,GOOGL,-0.018486,0.792203
2022-11-01,GOOGL,-0.042747,0.715592
2022-11-02,GOOGL,-0.038687,0.649221
2022-11-03,GOOGL,-0.040704,0.582091
2022-11-04,GOOGL,0.037756,0.641825
2022-11-07,GOOGL,0.022061,0.678045
2022-11-08,GOOGL,0.004633,0.685819
2022-11-09,GOOGL,-0.017773,0.655858
2022-11-10,GOOGL,0.075813,0.781393
2022-11-11,GOOGL,0.026294,0.828233
2022-11-14,GOOGL,-0.007364,0.814769
2022-11-15,GOOGL,0.028631,0.866727
2022-11-16,GOOGL,0.004165,0.874502
2022-11-17,GOOGL,-0.004957,0.86521
2022-11-18,GOOGL,-0.009455,0.847574
2022-11-21,GOOGL,-0.018783,0.812872
2022-11-22,GOOGL,0.015167,0.840369
2022-11-23,GOOGL,0.014529,0.867107
2022-11-25,GOOGL,-0.010156,0.848144
2022-11-28,GOOGL,-0.014467,0.821406
2022-11-29,GOOGL,-0.008954,0.805097
2022-11-30,GOOGL,0.060931,0.915083
2022-12-01,GOOGL,0.0,0.915083
2022-12-02,GOOGL,-0.005446,0.904653
2022-12-05,GOOGL,-0.009558,0.886449
2022-12-06,GOOGL,-0.025131,0.839041
2022-12-07,GOOGL,-0.021035,0.800357
2022-12-08,GOOGL,-0.012956,0.777032
2022-12-09,GOOGL,-0.009391,0.760345
2022-12-12,GOOGL,0.005171,0.769447
2022-12-13,GOOGL,0.024863,0.813441
2022-12-14,GOOGL,-0.005856,0.802822
2022-12-15,GOOGL,-0.044283,0.722987
2022-12-16,GOOGL,-0.006604,0.711609
2022-12-19,GOOGL,-0.020164,0.677097
2022-12-20,GOOGL,0.006558,0.688095
2022-12-21,GOOGL,0.006291,0.698714
2022-12-22,GOOGL,-0.020317,0.664202
2022-12-23,GOOGL,0.01675,0.692077
2022-12-27,GOOGL,-0.020621,0.657185
2022-12-28,GOOGL,-0.015677,0.631206
2022-12-29,GOOGL,0.028249,0.677286
2022-12-30,GOOGL,-0.002487,0.673114
2023-01-03,GOOGL,0.010087,0.689991
2023-01-04,GOOGL,-0.01167,0.67027
2023-01-05,GOOGL,-0.021344,0.634619
2023-01-06,GOOGL,0.013225,0.656237
2023-01-09,GOOGL,0.007786,0.669132
2023-01-10,GOOGL,0.004544,0.676717
2023-01-11,GOOGL,0.03506,0.735503
2023-01-12,GOOGL,-0.004261,0.728107
2023-01-13,GOOGL,0.010864,0.746881
2023-01-17,GOOGL,-0.00901,0.731141
2023-01-18,GOOGL,-0.001862,0.727918
2023-01-19,GOOGL,0.021181,0.764516
2023-01-20,GOOGL,0.053412,0.858763
2023-01-23,GOOGL,0.018058,0.892328
2023-01-24,GOOGL,-0.020944,0.852695
2023-01-25,GOOGL,-0.025384,0.805666
2023-01-26,GOOGL,0.024155,0.849281
2023-01-27,GOOGL,0.01897,0.884363
2023-01-30,GOOGL,-0.024454,0.838283
2023-01-31,GOOGL,0.0196,0.874313
2023-02-01,GOOGL,0.016087,0.904464
2023-02-02,GOOGL,0.072787,1.043084
2023-02-03,GOOGL,-0.027474,0.986953
2023-02-06,GOOGL,-0.017942,0.951303
2023-02-07,GOOGL,0.046064,1.041188
2023-02-08,GOOGL,-0.07683,0.884363
2023-02-09,GOOGL,-0.043876,0.801684
2023-02-10,GOOGL,-0.004631,0.79334
2023-02-13,GOOGL,0.000423,0.794099
2023-02-14,GOOGL,0.00074,0.795426
2023-02-15,GOOGL,0.02387,0.838283
2023-02-16,GOOGL,-0.014752,0.811165
2023-02-17,GOOGL,-0.012145,0.789168
2023-02-21,GOOGL,-0.027133,0.740623
2023-02-22,GOOGL,-0.001525,0.737968
2023-02-23,GOOGL,-0.008293,0.723556
2023-02-24,GOOGL,-0.019364,0.690181
2023-02-27,GOOGL,0.008303,0.704214
2023-02-28,GOOGL,0.002114,0.707817
2023-03-01,GOOGL,0.003331,0.713505
2023-03-02,GOOGL,0.01815,0.744605
2023-03-03,GOOGL,0.017935,0.775894
2023-03-06,GOOGL,0.015803,0.803959
2023-03-07,GOOGL,-0.01335,0.779876
2023-03-08,GOOGL,0.004155,0.787272
2023-03-09,GOOGL,-0.020477,0.750673
2023-03-10,GOOGL,-0.018306,0.718625
2023-03-13,GOOGL,0.005296,0.727728
2023-03-14,GOOGL,0.031391,0.781963
2023-03-15,GOOGL,0.022773,0.822543
2023-03-16,GOOGL,0.043804,0.902378
2023-03-17,GOOGL,0.012958,0.92703
2023-03-20,GOOGL,-0.003936,0.919445
2023-03-21,GOOGL,0.036554,0.989608
2023-03-22,GOOGL,-0.014773,0.960215
2023-03-23,GOOGL,0.021573,1.002503
2023-03-24,GOOGL,-0.001515,0.999469
2023-03-27,GOOGL,-0.028262,0.942959
2023-03-28,GOOGL,-0.013957,0.915842
2023-03-29,GOOGL,0.003563,0.922669
2023-03-30,GOOGL,-0.004931,0.913187
2023-03-31,GOOGL,0.028149,0.967042
2023-04-03,GOOGL,0.006074,0.978989
2023-04-04,GOOGL,0.00345,0.985816
2023-04-05,GOOGL,-0.002387,0.981075
2023-04-06,GOOGL,0.03781,1.055979
2023-04-10,GOOGL,-0.018262,1.018432
2023-04-11,GOOGL,-0.01024,0.997763
2023-04-12,GOOGL,-0.00674,0.984299
2023-04-13,GOOGL,0.026663,1.037206
2023-04-14,GOOGL,0.013404,1.064513
2023-04-17,GOOGL,-0.026637,1.009519
2023-04-18,GOOGL,-0.013872,0.981644
2023-04-19,GOOGL,-0.003062,0.975576
2023-04-20,GOOGL,0.010655,0.996625
2023-04-21,GOOGL,0.00114,0.9989
2023-04-24,GOOGL,0.005312,1.009519
2023-04-25,GOOGL,-0.020006,0.969318
2023-04-26,GOOGL,-0.001348,0.966663
2023-04-27,GOOGL,0.037412,1.04024
2023-04-28,GOOGL,-0.002324,1.035499
2023-05-01,GOOGL,-0.001304,1.032844
2023-05-02,GOOGL,-0.017537,0.997193
2023-05-03,GOOGL,0.000855,0.9989
2023-05-04,GOOGL,-0.006831,0.985247
2023-05-05,GOOGL,0.008406,1.001934
2023-05-08,GOOGL,0.020839,1.043653
2023-05-09,GOOGL,-0.003897,1.035688
2023-05-10,GOOGL,0.040987,1.119126
2023-05-11,GOOGL,0.043132,1.210529
2023-05-12,GOOGL,0.008064,1.228354
2023-05-15,GOOGL,-0.00851,1.20939
2023-05-16,GOOGL,0.025749,1.26628
2023-05-17,GOOGL,0.011129,1.291501
2023-05-18,GOOGL,0.016468,1.329237
2023-05-19,GOOGL,-0.00057,1.32791
2023-05-22,GOOGL,0.018654,1.371336
2023-05-23,GOOGL,-0.019912,1.324117
2023-05-24,GOOGL,-0.013544,1.292639
2023-05-25,GOOGL,0.02134,1.341563
2023-05-26,GOOGL,0.009151,1.362992
2023-05-30,GOOGL,-0.007543,1.345167
2023-05-31,GOOGL,-0.006469,1.329996
2023-06-01,GOOGL,0.006918,1.346114
2023-06-02,GOOGL,0.007679,1.364129
2023-06-05,GOOGL,0.010748,1.38954
2023-06-06,GOOGL,0.010317,1.414192
2023-06-07,GOOGL,-0.037782,1.32298
2023-06-08,GOOGL,-0.002939,1.316153
2023-06-09,GOOGL,0.000737,1.31786
2023-06-12,GOOGL,0.011535,1.344597
2023-06-13,GOOGL,0.001537,1.348201
2023-06-14,GOOGL,-0.001292,1.345167
2023-06-15,GOOGL,0.011482,1.372094
2023-06-16,GOOGL,-0.012471,1.342511
2023-06-20,GOOGL,-0.003481,1.334357
2023-06-21,GOOGL,-0.020715,1.286002
2023-06-22,GOOGL,0.021568,1.335306
2023-06-23,GOOGL,-0.006577,1.319945
2023-06-26,GOOGL,-0.032696,1.244093
2023-06-27,GOOGL,-8.5e-05,1.243903
2023-06-28,GOOGL,0.015634,1.278985
2023-06-29,GOOGL,-0.008987,1.258505
2023-06-30,GOOGL,0.005038,1.269883
2023-07-03,GOOGL,0.001671,1.273675
2023-07-05,GOOGL,0.01543,1.308757
2023-07-06,GOOGL,-0.01347,1.277658
2023-07-07,GOOGL,-0.005245,1.265711
2023-07-10,GOOGL,-0.02536,1.208253
2023-07-11,GOOGL,0.005925,1.221337
2023-07-12,GOOGL,0.015281,1.255281
2023-07-13,GOOGL,0.047171,1.361664
2023-07-14,GOOGL,0.007066,1.378352
2023-07-17,GOOGL,-0.006139,1.36375
2023-07-18,GOOGL,-0.00714,1.346873
2023-07-19,GOOGL,-0.013979,1.314067
2023-07-20,GOOGL,-0.023191,1.260401
2023-07-21,GOOGL,0.006879,1.275951
2023-07-24,GOOGL,0.012581,1.304585
2023-07-25,GOOGL,0.005595,1.31748
2023-07-26,GOOGL,0.057769,1.45136
2023-07-27,GOOGL,0.001006,1.453825
2023-07-28,GOOGL,0.024575,1.514128
2023-07-31,GOOGL,0.001056,1.516782
2023-08-01,GOOGL,-0.008816,1.494596
2023-08-02,GOOGL,-0.024097,1.434483
2023-08-03,GOOGL,0.000545,1.43581
2023-08-04,GOOGL,-0.002647,1.429362
2023-08-07,GOOGL,0.026696,1.494216
2023-08-08,GOOGL,-0.000988,1.491751
2023-08-09,GOOGL,-0.013242,1.458755
2023-08-10,GOOGL,0.000231,1.459324
2023-08-11,GOOGL,-0.001002,1.456859
2023-08-14,GOOGL,0.013661,1.490423
2023-08-15,GOOGL,-0.011802,1.461031
2023-08-16,GOOGL,-0.008322,1.44055
2023-08-17,GOOGL,0.00948,1.463686
2023-08-18,GOOGL,-0.018935,1.417037
2023-08-21,GOOGL,0.007139,1.434293
2023-08-22,GOOGL,0.005531,1.447757
2023-08-23,GOOGL,0.025488,1.510146
2023-08-24,GOOGL,-0.019566,1.461031
2023-08-25,GOOGL,0.000771,1.462928
2023-08-28,GOOGL,0.0087,1.484355
2023-08-29,GOOGL,0.027174,1.551864
2023-08-30,GOOGL,0.009735,1.576706
2023-08-31,GOOGL,0.002134,1.582205
2023-09-01,GOOGL,-0.003745,1.572534
2023-09-05,GOOGL,0.000811,1.57462
2023-09-06,GOOGL,-0.009648,1.549779
2023-09-07,GOOGL,0.00595,1.564949
2023-09-08,GOOGL,0.00828,1.586187
2023-09-11,GOOGL,0.003959,1.596427
2023-09-12,GOOGL,-0.011539,1.566466
2023-09-13,GOOGL,0.010123,1.592445
2023-09-14,GOOGL,0.010168,1.618804
2023-09-15,GOOGL,-0.005069,1.60553
2023-09-18,GOOGL,0.005895,1.62089
2023-09-19,GOOGL,-0.00123,1.617666
2023-09-20,GOOGL,-0.03115,1.536125
2023-09-21,GOOGL,-0.024675,1.473547
2023-09-22,GOOGL,-0.001457,1.469944
2023-09-25,GOOGL,0.006603,1.486252
2023-09-26,GOOGL,-0.019373,1.438086
2023-09-27,GOOGL,0.015322,1.475443
2023-09-28,GOOGL,0.013559,1.509007
2023-09-29,GOOGL,-0.010959,1.481511
2023-10-02,GOOGL,0.025294,1.544279
2023-10-03,GOOGL,-0.012969,1.511283
2023-10-04,GOOGL,0.021219,1.56457
2023-10-05,GOOGL,-0.001257,1.561346
2023-10-06,GOOGL,0.018583,1.608943
2023-10-09,GOOGL,0.006105,1.624872
2023-10-10,GOOGL,-0.002601,1.618045
2023-10-11,GOOGL,0.018036,1.665264
2023-10-12,GOOGL,-0.011242,1.635302
2023-10-13,GOOGL,-0.011585,1.604771
2023-10-16,GOOGL,0.012668,1.637767
2023-10-17,GOOGL,0.004457,1.649524
2023-10-18,GOOGL,-0.012596,1.616149
2023-10-19,GOOGL,-0.001522,1.612167
2023-10-20,GOOGL,-0.015608,1.571396
2023-10-23,GOOGL,0.006637,1.588463
2023-10-24,GOOGL,0.016923,1.632268
2023-10-25,GOOGL,-0.095094,1.381955
2023-10-26,GOOGL,-0.026511,1.318808
2023-10-27,GOOGL,-0.0009,1.316722
2023-10-30,GOOGL,0.018744,1.360147
2023-10-31,GOOGL,-0.003053,1.352941
2023-11-01,GOOGL,0.019101,1.397884
2023-11-02,GOOGL,0.008225,1.417605
2023-11-03,GOOGL,0.012629,1.448136
2023-11-06,GOOGL,0.008908,1.469944
2023-11-07,GOOGL,0.005528,1.483597
2023-11-08,GOOGL,0.006643,1.500095
2023-11-09,GOOGL,-0.012136,1.469754
2023-11-10,GOOGL,0.018043,1.514317
2023-11-13,GOOGL,-0.003771,1.504836
2023-11-14,GOOGL,0.011583,1.533849
2023-11-15,GOOGL,0.007484,1.552812
2023-11-16,GOOGL,0.017159,1.596617
2023-11-17,GOOGL,-0.011831,1.565897
2023-11-20,GOOGL,0.006947,1.583722
2023-11-21,GOOGL,0.005285,1.597376
2023-11-22,GOOGL,0.011097,1.626199
2023-11-24,GOOGL,-0.012997,1.592066
2023-11-27,GOOGL,-0.002048,1.586757
2023-11-28,GOOGL,0.005791,1.601737
2023-11-29,GOOGL,-0.016108,1.559829
2023-11-30,GOOGL,-0.018224,1.51318
2023-12-01,GOOGL,-0.005056,1.500474
2023-12-04,GOOGL,-0.019642,1.45136
2023-12-05,GOOGL,0.013306,1.483976
2023-12-06,GOOGL,-0.007405,1.465582
2023-12-07,GOOGL,0.053146,1.596617
2023-12-08,GOOGL,-0.014168,1.559829
2023-12-11,GOOGL,-0.012594,1.527591
2023-12-12,GOOGL,-0.005777,1.51299
2023-12-13,GOOGL,0.000378,1.513938
2023-12-14,GOOGL,-0.004752,1.501992
2023-12-15,GOOGL,0.005002,1.514507
2023-12-18,GOOGL,0.024133,1.575189
2023-12-19,GOOGL,0.006259,1.591308
2023-12-20,GOOGL,0.012367,1.623355
2023-12-21,GOOGL,0.015035,1.662798
2023-12-22,GOOGL,0.00762,1.68309
2023-12-26,GOOGL,0.000212,1.683657
2023-12-27,GOOGL,-0.008126,1.66185
2023-12-28,GOOGL,-0.000997,1.659195
2023-12-29,GOOGL,-0.003851,1.648955
2024-01-02,GOOGL,-0.010881,1.620132
2024-01-03,GOOGL,0.005428,1.634354
2024-01-04,GOOGL,-0.018212,1.586377
2024-01-05,GOOGL,-0.004839,1.573861
2024-01-08,GOOGL,0.022914,1.632837
2024-01-09,GOOGL,0.015198,1.672849
2024-01-10,GOOGL,0.009436,1.69807
2024-01-11,GOOGL,-0.001406,1.694277
2024-01-12,GOOGL,0.004012,1.705086
2024-01-16,GOOGL,-0.001121,1.702052
2024-01-17,GOOGL,-0.007158,1.68271
2024-01-18,GOOGL,0.014208,1.720825
2024-01-19,GOOGL,0.020212,1.775819
2024-01-22,GOOGL,-0.002665,1.768422
2024-01-23,GOOGL,0.007192,1.788334
2024-01-24,GOOGL,0.011289,1.819813
2024-01-25,GOOGL,0.021318,1.879925
2024-01-26,GOOGL,0.002107,1.885994
2024-01-29,GOOGL,0.008673,1.911025
2024-01-30,GOOGL,-0.013354,1.872151
2024-01-31,GOOGL,-0.075003,1.65673
2024-02-01,GOOGL,0.007566,1.676831
2024-02-02,GOOGL,0.008643,1.699966
2024-02-05,GOOGL,0.00913,1.724618
2024-02-06,GOOGL,0.002923,1.732583
2024-02-07,GOOGL,0.009993,1.759889
2024-02-08,GOOGL,0.002543,1.766906
2024-02-09,GOOGL,0.021177,1.825501
2024-02-12,GOOGL,-0.009866,1.797626
2024-02-13,GOOGL,-0.0162,1.752304
2024-02-14,GOOGL,0.005512,1.767475
2024-02-15,GOOGL,-0.021721,1.707362
2024-02-16,GOOGL,-0.01576,1.664695
2024-02-20,GOOGL,0.00427,1.676072
2024-02-21,GOOGL,0.010133,1.703189
2024-02-22,GOOGL,0.010803,1.732393
2024-02-23,GOOGL,-0.000902,1.729928
2024-02-26,GOOGL,-0.044387,1.608754
2024-02-27,GOOGL,0.009522,1.633595
2024-02-28,GOOGL,-0.018001,1.586187
2024-02-29,GOOGL,0.015252,1.625631
2024-03-01,GOOGL,-0.009533,1.6006
2024-03-04,GOOGL,-0.027636,1.528729
2024-03-05,GOOGL,-0.0051,1.515834
2024-03-06,GOOGL,-0.009572,1.491751
2024-03-07,GOOGL,0.022679,1.548261
2024-03-08,GOOGL,0.007665,1.567793
2024-03-11,GOOGL,0.01669,1.61065
2024-03-12,GOOGL,0.006029,1.626389
2024-03-13,GOOGL,0.009314,1.650851
2024-03-14,GOOGL,0.023678,1.713619
2024-03-15,GOOGL,-0.013417,1.677211
2024-03-18,GOOGL,0.04604,1.80047
2024-03-19,GOOGL,-0.004402,1.788144
2024-03-20,GOOGL,0.01163,1.820571
2024-03-21,GOOGL,-0.007664,1.798953
2024-03-22,GOOGL,0.021477,1.859067
2024-03-25,GOOGL,-0.004643,1.845793
2024-03-26,GOOGL,0.003998,1.85717
2024-03-27,GOOGL,0.001327,1.860963
2024-03-28,GOOGL,0.000398,1.8621
2024-04-01,GOOGL,0.030213,1.948572
2024-04-02,GOOGL,-0.005981,1.930937
2024-04-03,GOOGL,0.002329,1.937763
2024-04-04,GOOGL,-0.028337,1.854515
2024-04-05,GOOGL,0.013087,1.891873
2024-04-08,GOOGL,0.01541,1.936436
2024-04-09,GOOGL,0.011301,1.969621
2024-04-10,GOOGL,-0.002937,1.960898
2024-04-11,GOOGL,0.020943,2.022907
2024-04-12,GOOGL,-0.010539,1.991049
2024-04-15,GOOGL,-0.018196,1.936625
2024-04-16,GOOGL,-0.00297,1.927903
2024-04-17,GOOGL,0.00693,1.948193
2024-04-18,GOOGL,0.003473,1.958433
2024-04-19,GOOGL,-0.012307,1.922024
2024-04-22,GOOGL,0.014212,1.963553
2024-04-23,GOOGL,0.012669,2.0011
2024-04-24,GOOGL,0.005497,2.017598
2024-04-25,GOOGL,-0.01967,1.958243
2024-04-26,GOOGL,0.102244,2.260705
2024-04-29,GOOGL,-0.033731,2.150719
2024-04-30,GOOGL,-0.020283,2.086812
2024-05-01,GOOGL,0.006635,2.107294
2024-05-02,GOOGL,0.016843,2.159631
2024-05-03,GOOGL,0.003721,2.171389
2024-05-06,GOOGL,0.005142,2.187697
2024-05-07,GOOGL,0.018739,2.247431
2024-05-08,GOOGL,-0.01092,2.21197
2024-05-09,GOOGL,0.003424,2.222968
2024-05-10,GOOGL,-0.007708,2.198126
2024-05-13,GOOGL,0.002905,2.207418
2024-05-14,GOOGL,0.007095,2.230174
2024-05-15,GOOGL,0.012739,2.271324
2024-05-16,GOOGL,0.009681,2.302992
2024-05-17,GOOGL,0.010794,2.338643
2024-05-20,GOOGL,0.004885,2.354951
2024-05-21,GOOGL,0.005257,2.372587
2024-05-22,GOOGL,-0.008266,2.344711
2024-05-23,GOOGL,-0.016045,2.291046
2024-05-24,GOOGL,0.008297,2.318353
2024-05-28,GOOGL,0.008058,2.34509
2024-05-29,GOOGL,-0.002834,2.335609
2024-05-30,GOOGL,-0.021546,2.263739
2024-05-31,GOOGL,0.002266,2.271135
2024-06-03,GOOGL,0.003884,2.28384
2024-06-04,GOOGL,0.00358,2.295597
2024-06-05,GOOGL,0.009322,2.326317
2024-06-06,GOOGL,0.007525,2.351348
2024-06-07,GOOGL,-0.012844,2.308302
2024-06-10,GOOGL,0.004304,2.322541
2024-06-11,GOOGL,0.009199,2.353106
2024-06-12,GOOGL,0.006625,2.375319
2024-06-13,GOOGL,-0.014793,2.325388
2024-06-14,GOOGL,0.009306,2.356333
2024-06-17,GOOGL,0.002546,2.364878
2024-06-18,GOOGL,-0.012131,2.324059
2024-06-20,GOOGL,0.006911,2.347031
2024-06-21,GOOGL,0.018888,2.410251
2024-06-24,GOOGL,-0.002282,2.402467
2024-06-25,GOOGL,0.026839,2.493784
2024-06-26,GOOGL,-0.000815,2.490937
2024-06-27,GOOGL,0.008321,2.519983
2024-06-28,GOOGL,-0.017583,2.458093
2024-07-01,GOOGL,0.004612,2.47404
2024-07-02,GOOGL,0.012296,2.516756
2024-07-03,GOOGL,0.003131,2.527767
2024-07-05,GOOGL,0.025724,2.618515
2024-07-08,GOOGL,-0.008237,2.588709
2024-07-09,GOOGL,-0.000265,2.587759
2024-07-10,GOOGL,0.011642,2.629526
2024-07-11,GOOGL,-0.029344,2.523021
2024-07-12,GOOGL,-0.002694,2.513529
2024-07-15,GOOGL,0.007889,2.541246
2024-07-16,GOOGL,-0.013992,2.491696
2024-07-17,GOOGL,-0.015768,2.43664
2024-07-18,GOOGL,-0.018396,2.37342
2024-07-19,GOOGL,-0.000169,2.372851
2024-07-22,GOOGL,0.022571,2.44898
2024-07-23,GOOGL,0.000661,2.451258
2024-07-24,GOOGL,-0.050388,2.277357
2024-07-25,GOOGL,-0.030991,2.175788
2024-07-26,GOOGL,-0.001674,2.170472
2024-07-29,GOOGL,0.01515,2.218504
2024-07-30,GOOGL,0.004483,2.232933
2024-07-31,GOOGL,0.00734,2.256663
2024-08-01,GOOGL,-0.004547,2.241855
2024-08-02,GOOGL,-0.02401,2.164017
2024-08-05,GOOGL,-0.044462,2.023339
2024-08-06,GOOGL,-0.006028,2.005114
2024-08-07,GOOGL,0.004106,2.017454
2024-08-08,GOOGL,0.019441,2.076117
2024-08-09,GOOGL,0.010122,2.107252
2024-08-12,GOOGL,-0.008432,2.081053
2024-08-13,GOOGL,0.011523,2.116555
2024-08-14,GOOGL,-0.023087,2.044602
2024-08-15,GOOGL,0.005799,2.062258
2024-08-16,GOOGL,0.010291,2.093773
2024-08-19,GOOGL,0.022766,2.164207
2024-08-20,GOOGL,0.00306,2.173889
2024-08-21,GOOGL,-0.007955,2.14864
2024-08-22,GOOGL,-0.012361,2.109721
2024-08-23,GOOGL,0.011111,2.144273
2024-08-26,GOOGL,0.003261,2.154525
2024-08-27,GOOGL,-0.008907,2.126427
2024-08-28,GOOGL,-0.011112,2.091685
2024-08-29,GOOGL,-0.006571,2.071371
2024-08-30,GOOGL,0.00989,2.101747
2024-09-03,GOOGL,-0.036847,1.987458
2024-09-04,GOOGL,-0.005783,1.970182
2024-09-05,GOOGL,0.00505,1.98518
2024-09-06,GOOGL,-0.040193,1.865196
2024-09-09,GOOGL,-0.013336,1.826986
2024-09-10,GOOGL,-0.000336,1.826035
2024-09-11,GOOGL,0.016817,1.87356
2024-09-12,GOOGL,0.023353,1.940665
2024-09-13,GOOGL,0.017907,1.993323
2024-09-16,GOOGL,0.00381,2.004729
2024-09-17,GOOGL,0.007972,2.028682
2024-09-18,GOOGL,0.003075,2.037996
2024-09-19,GOOGL,0.01458,2.08229
2024-09-20,GOOGL,0.008943,2.109855
2024-09-23,GOOGL,-0.010636,2.076778
2024-09-24,GOOGL,0.002718,2.085142
2024-09-25,GOOGL,-0.004929,2.069934
2024-09-26,GOOGL,0.007678,2.093506
2024-09-27,GOOGL,0.007497,2.116698
2024-09-30,GOOGL,0.011589,2.152818
2024-10-01,GOOGL,0.006874,2.174489
2024-10-02,GOOGL,-0.006767,2.153008
2024-10-03,GOOGL,0.0,2.153008
2024-10-04,GOOGL,0.007235,2.17582
2024-10-07,GOOGL,-0.024422,2.098259
2024-10-08,GOOGL,0.00859,2.124873
2024-10-09,GOOGL,-0.01533,2.076968
2024-10-10,GOOGL,0.001359,2.08115
2024-10-11,GOOGL,0.007157,2.103202
2024-10-14,GOOGL,0.010536,2.135898
2024-10-15,GOOGL,0.003031,2.145404
2024-10-16,GOOGL,-0.001813,2.139701
2024-10-17,GOOGL,-0.013502,2.097308
2024-10-18,GOOGL,0.003008,2.106623
2024-10-21,GOOGL,0.003978,2.11898
2024-10-22,GOOGL,0.006522,2.139321
2024-10-23,GOOGL,-0.014291,2.094457
2024-10-24,GOOGL,-0.000369,2.093316
2024-10-25,GOOGL,0.015671,2.141792
2024-10-28,GOOGL,0.008773,2.169356
2024-10-29,GOOGL,0.017754,2.225626
2024-10-30,GOOGL,0.028171,2.316494
2024-10-31,GOOGL,-0.019202,2.25281
2024-11-01,GOOGL,0.001052,2.256232
2024-11-04,GOOGL,-0.011968,2.217262
2024-11-05,GOOGL,0.002954,2.226767
2024-11-06,GOOGL,0.039884,2.355465
2024-11-07,GOOGL,0.024021,2.436068
2024-11-08,GOOGL,-0.013278,2.390443
2024-11-11,GOOGL,0.011214,2.428463
2024-11-12,GOOGL,0.007042,2.452606
2024-11-13,GOOGL,-0.015086,2.400518
2024-11-14,GOOGL,-0.018448,2.337785
2024-11-15,GOOGL,-0.017599,2.279044
2024-11-18,GOOGL,0.016291,2.332463
2024-11-19,GOOGL,0.016087,2.38607
2024-11-20,GOOGL,-0.012014,2.34539
2024-11-21,GOOGL,-0.047448,2.186656
2024-11-22,GOOGL,-0.017121,2.132097
2024-11-25,GOOGL,0.017541,2.187035
2024-11-26,GOOGL,0.008768,2.21498
2024-11-27,GOOGL,0.00065,2.217071
2024-11-29,GOOGL,-0.001654,2.211749
2024-12-02,GOOGL,0.015034,2.260034
2024-12-03,GOOGL,-0.000875,2.257182
2024-12-04,GOOGL,0.017684,2.314783
2024-12-05,GOOGL,-0.009921,2.281896
2024-12-06,GOOGL,0.01199,2.321247
2024-12-09,GOOGL,0.004928,2.337614
2024-12-10,GOOGL,0.055882,2.524126
2024-12-11,GOOGL,0.055247,2.718822
2024-12-12,GOOGL,-0.017605,2.653352
2024-12-13,GOOGL,-0.011148,2.612624
2024-12-16,GOOGL,0.036034,2.742802
2024-12-17,GOOGL,-0.006305,2.719202
2024-12-18,GOOGL,-0.035923,2.585599
2024-12-19,GOOGL,0.000584,2.587692
2024-12-20,GOOGL,0.015384,2.642885
2024-12-23,GOOGL,0.016823,2.704168
2024-12-24,GOOGL,0.007604,2.732334
2024-12-26,GOOGL,-0.002601,2.722628
2024-12-27,GOOGL,-0.01452,2.668577
2024-12-30,GOOGL,-0.007885,2.63965
2019-01-03,JPM,-0.014212,-0.014212
2019-01-04,JPM,0.036865,0.02213
2019-01-07,JPM,0.000695,0.02284
2019-01-08,JPM,-0.001886,0.020912
2019-01-09,JPM,-0.00169,0.019186
2019-01-10,JPM,-0.0001,0.019084
2019-01-11,JPM,-0.004781,0.014212
2019-01-14,JPM,0.010309,0.024668
2019-01-15,JPM,0.007331,0.032179
2019-01-16,JPM,0.008065,0.040504
2019-01-17,JPM,0.004097,0.044767
2019-01-18,JPM,0.016226,0.06172
2019-01-22,JPM,-0.015776,0.04497
2019-01-23,JPM,-0.002526,0.042331
2019-01-24,JPM,0.000584,0.04294
2019-01-25,JPM,0.006327,0.049538
2019-01-28,JPM,0.004739,0.054512
2019-01-29,JPM,0.002792,0.057456
2019-01-30,JPM,0.002304,0.059892
2019-01-31,JPM,-0.008716,0.050655
2019-02-01,JPM,0.003671,0.054512
2019-02-04,JPM,0.003562,0.058268
2019-02-05,JPM,-0.004413,0.053599
2019-02-06,JPM,-0.000481,0.053091
2019-02-07,JPM,-0.01311,0.039285
2019-02-08,JPM,-0.009963,0.028931
2019-02-11,JPM,-0.004736,0.024058
2019-02-12,JPM,0.01705,0.041519
2019-02-13,JPM,0.004776,0.046493
2019-02-14,JPM,-0.006499,0.039691
2019-02-15,JPM,0.03056,0.071465
2019-02-19,JPM,-0.003505,0.067709
2019-02-20,JPM,0.004848,0.072886
2019-02-21,JPM,-0.002081,0.070653
2019-02-22,JPM,-0.004456,0.065882
2019-02-25,JPM,0.010476,0.077048
2019-02-26,JPM,-0.007634,0.068825
2019-02-27,JPM,-0.001235,0.067506
2019-02-28,JPM,-0.007607,0.059385
2019-03-01,JPM,0.000671,0.060095
2019-03-04,JPM,-0.002298,0.057659
2019-03-05,JPM,-0.000768,0.056847
2019-03-06,JPM,-0.003746,0.052888
2019-03-07,JPM,-0.007231,0.045275
2019-03-08,JPM,0.000389,0.045681
2019-03-11,JPM,0.013008,0.059283
2019-03-12,JPM,-0.002971,0.056136
2019-03-13,JPM,0.003364,0.059689
2019-03-14,JPM,0.0091,0.069333
2019-03-15,JPM,0.011487,0.081616
2019-03-18,JPM,0.006006,0.088113
2019-03-19,JPM,-0.003638,0.084154
2019-03-20,JPM,-0.021348,0.061009
2019-03-21,JPM,-0.015786,0.044259
2019-03-22,JPM,-0.030232,0.012689
2019-03-25,JPM,-0.00832,0.004264
2019-03-26,JPM,0.010007,0.014313
2019-03-27,JPM,-0.003403,0.010862
2019-03-28,JPM,0.011348,0.022333
2019-03-29,JPM,0.005163,0.027612
2019-04-01,JPM,0.033685,0.062227
2019-04-02,JPM,0.004778,0.067303
2019-04-03,JPM,0.001998,0.069435
2019-04-04,JPM,0.00966,0.079766
2019-04-05,JPM,-0.002368,0.077208
2019-04-08,JPM,0.003229,0.080686
2019-04-09,JPM,-0.007383,0.072708
2019-04-10,JPM,0.004481,0.077515
2019-04-11,JPM,0.008449,0.086619
2019-04-12,JPM,0.046879,0.137559
2019-04-15,JPM,-0.01142,0.124568
2019-04-16,JPM,0.010551,0.136434
2019-04-17,JPM,0.028803,0.169167
2019-04-18,JPM,-0.007349,0.160574
2019-04-22,JPM,0.001234,0.162006
2019-04-23,JPM,0.001232,0.163439
2019-04-24,JPM,-0.001671,0.161495
2019-04-25,JPM,0.000528,0.162109
2019-04-26,JPM,0.00757,0.170906
2019-04-29,JPM,0.014414,0.187783
2019-04-30,JPM,-0.000603,0.187067
2019-05-01,JPM,-0.007669,0.177964
2019-05-02,JPM,0.002171,0.180521
2019-05-03,JPM,0.006152,0.187783
2019-05-06,JPM,-0.00887,0.177247
2019-05-07,JPM,-0.016335,0.158017
2019-05-08,JPM,-0.0053,0.15188
2019-05-09,JPM,-0.000799,0.150959
2019-05-10,JPM,-8.8e-05,0.150857
2019-05-13,JPM,-0.027198,0.119556
2019-05-14,JPM,0.007949,0.128456
2019-05-15,JPM,-0.003807,0.124159
2019-05-16,JPM,0.01283,0.138582
2019-05-17,JPM,-0.004851,0.133059
2019-05-20,JPM,0.005236,0.138991
2019-05-21,JPM,0.003413,0.142878
2019-05-22,JPM,-0.008145,0.13357
2019-05-23,JPM,-0.019672,0.111271
2019-05-24,JPM,0.009849,0.122216
2019-05-28,JPM,-0.010847,0.110043
2019-05-29,JPM,-0.002764,0.106975
2019-05-30,JPM,-0.010719,0.095109
2019-05-31,JPM,-0.010275,0.083857
2019-06-03,JPM,0.004719,0.088972
2019-06-04,JPM,0.03081,0.122523
2019-06-05,JPM,0.003554,0.126512
2019-06-06,JPM,0.002179,0.128967
2019-06-07,JPM,-0.010963,0.11659
2019-06-10,JPM,0.01081,0.12866
2019-06-11,JPM,0.003081,0.132138
2019-06-12,JPM,-0.01274,0.117715
2019-06-13,JPM,0.002471,0.120477
2019-06-14,JPM,0.002556,0.123341
2019-06-17,JPM,-0.005463,0.117204
2019-06-18,JPM,0.013642,0.132445
2019-06-19,JPM,-0.007226,0.124262
2019-06-20,JPM,0.002547,0.127126
2019-06-21,JPM,-0.006806,0.119454
2019-06-24,JPM,-0.007127,0.111476
2019-06-25,JPM,-0.008283,0.102269
2019-06-26,JPM,0.006681,0.109634
2019-06-27,JPM,0.003319,0.113317
2019-06-28,JPM,0.027196,0.143594
2019-07-01,JPM,0.016816,0.162825
2019-07-02,JPM,0.001055,0.164052
2019-07-03,JPM,-0.001593,0.162198
2019-07-05,JPM,0.005939,0.1691
2019-07-08,JPM,-0.005463,0.162713
2019-07-09,JPM,0.004252,0.167658
2019-07-10,JPM,-0.002912,0.164258
2019-07-11,JPM,0.009556,0.175384
2019-07-12,JPM,0.010517,0.187745
2019-07-15,JPM,-0.012142,0.173324
2019-07-16,JPM,0.010711,0.185891
2019-07-17,JPM,-0.009816,0.17425
2019-07-18,JPM,0.005965,0.181255
2019-07-19,JPM,-0.009854,0.169615
2019-07-22,JPM,0.006429,0.177135
2019-07-23,JPM,0.01829,0.198665
2019-07-24,JPM,0.004039,0.203506
2019-07-25,JPM,-0.009587,0.191969
2019-07-26,JPM,0.004408,0.197223
2019-07-29,JPM,-0.003184,0.193411
2019-07-30,JPM,-0.002244,0.190733
2019-07-31,JPM,0.003547,0.194956
2019-08-01,JPM,-0.026379,0.163434
2019-08-02,JPM,-8.8e-05,0.163331
2019-08-05,JPM,-0.029753,0.128719
2019-08-06,JPM,0.007849,0.137578
2019-08-07,JPM,-0.021733,0.112854
2019-08-08,JPM,0.01694,0.131706
2019-08-09,JPM,-0.001092,0.13047
2019-08-12,JPM,-0.018772,0.109249
2019-08-13,JPM,0.015416,0.126349
2019-08-14,JPM,-0.041522,0.079581
2019-08-15,JPM,0.003817,0.083702
2019-08-16,JPM,0.023955,0.109661
2019-08-19,JPM,0.009005,0.119654
2019-08-20,JPM,-0.012697,0.105437
2019-08-21,JPM,0.002796,0.108528
2019-08-22,JPM,0.010315,0.119962
2019-08-23,JPM,-0.024834,0.092149
2019-08-26,JPM,0.008017,0.100905
2019-08-27,JPM,-0.010574,0.089264
2019-08-28,JPM,0.010025,0.100184
2019-08-29,JPM,0.022659,0.125113
2019-08-30,JPM,0.00586,0.131706
2019-09-03,JPM,-0.011833,0.118314
2019-09-04,JPM,0.012067,0.131809
2019-09-05,JPM,0.022754,0.157562
2019-09-06,JPM,0.002136,0.160035
2019-09-09,JPM,0.024776,0.188776
2019-09-10,JPM,0.012738,0.203918
2019-09-11,JPM,0.002738,0.207215
2019-09-12,JPM,0.006144,0.214632
2019-09-13,JPM,0.019676,0.238531
2019-09-16,JPM,-0.008899,0.227509
2019-09-17,JPM,-0.004951,0.221431
2019-09-18,JPM,0.010036,0.233689
2019-09-19,JPM,-0.003173,0.229775
2019-09-20,JPM,-0.00402,0.22483
2019-09-23,JPM,-0.000168,0.224624
2019-09-24,JPM,-0.013038,0.208657
2019-09-25,JPM,0.005711,0.215559
2019-09-26,JPM,-0.008221,0.205566
2019-09-27,JPM,0.005896,0.212674
2019-09-30,JPM,-0.000255,0.212366
2019-10-01,JPM,-0.018184,0.190321
2019-10-02,JPM,-0.019905,0.166627
2019-10-03,JPM,-0.001424,0.164966
2019-10-04,JPM,0.02166,0.190199
2019-10-07,JPM,-0.002181,0.187603
2019-10-08,JPM,-0.022296,0.161124
2019-10-09,JPM,0.007244,0.169535
2019-10-10,JPM,0.014028,0.185941
2019-10-11,JPM,0.016899,0.205983
2019-10-14,JPM,0.002669,0.209201
2019-10-15,JPM,0.030142,0.245649
2019-10-16,JPM,-0.002334,0.242741
2019-10-17,JPM,0.005598,0.249698
2019-10-18,JPM,0.001745,0.251879
2019-10-21,JPM,0.024801,0.282927
2019-10-22,JPM,0.010036,0.295803
2019-10-23,JPM,0.002645,0.29923
2019-10-24,JPM,-0.000719,0.298295
2019-10-25,JPM,0.007998,0.308679
2019-10-28,JPM,0.003808,0.313663
2019-10-29,JPM,-0.000632,0.312832
2019-10-30,JPM,-0.005537,0.305564
2019-10-31,JPM,-0.006442,0.297153
2019-11-01,JPM,0.023055,0.327058
2019-11-04,JPM,0.007981,0.33765
2019-11-05,JPM,0.002174,0.340557
2019-11-06,JPM,0.001549,0.342634
2019-11-07,JPM,0.005414,0.349903
2019-11-08,JPM,0.002923,0.353848
2019-11-11,JPM,-0.003528,0.349072
2019-11-12,JPM,-0.00585,0.34118
2019-11-13,JPM,-0.005265,0.334119
2019-11-14,JPM,0.000934,0.335366
2019-11-15,JPM,0.007232,0.345023
2019-11-18,JPM,0.008415,0.356341
2019-11-19,JPM,-0.000306,0.355925
2019-11-20,JPM,-0.007275,0.346061
2019-11-21,JPM,0.002314,0.349176
2019-11-22,JPM,0.006619,0.358106
2019-11-25,JPM,0.005352,0.365375
2019-11-26,JPM,0.001369,0.367244
2019-11-27,JPM,0.002962,0.371294
2019-11-29,JPM,-0.002272,0.368178
2019-12-02,JPM,-0.002201,0.365167
2019-12-03,JPM,-0.012855,0.347618
2019-12-04,JPM,0.019726,0.374201
2019-12-05,JPM,0.00544,0.381677
2019-12-06,JPM,0.01488,0.402237
2019-12-09,JPM,-0.004665,0.395696
2019-12-10,JPM,0.00067,0.39663
2019-12-11,JPM,-0.002379,0.393307
2019-12-12,JPM,0.028618,0.433181
2019-12-13,JPM,-0.008767,0.420617
2019-12-16,JPM,0.003874,0.42612
2019-12-17,JPM,0.006116,0.434843
2019-12-18,JPM,-0.001013,0.433389
2019-12-19,JPM,-0.004998,0.426225
2019-12-20,JPM,-0.000801,0.425082
2019-12-23,JPM,-0.000291,0.424667
2019-12-24,JPM,0.00277,0.428612
2019-12-26,JPM,0.010612,0.443773
2019-12-27,JPM,0.000719,0.444811
2019-12-30,JPM,-0.003665,0.439515
2019-12-31,JPM,0.005555,0.447511
2020-01-02,JPM,0.012123,0.46506
2020-01-03,JPM,-0.013196,0.445726
2020-01-06,JPM,-0.000795,0.444577
2020-01-07,JPM,-0.017001,0.420018
2020-01-08,JPM,0.007801,0.431096
2020-01-09,JPM,0.003651,0.436321
2020-01-10,JPM,-0.009968,0.422004
2020-01-13,JPM,0.008305,0.433813
2020-01-14,JPM,0.011662,0.450534
2020-01-15,JPM,-0.014986,0.428796
2020-01-16,JPM,0.003876,0.434335
2020-01-17,JPM,0.006922,0.444263
2020-01-21,JPM,-0.009841,0.43005
2020-01-22,JPM,-0.001169,0.428378
2020-01-23,JPM,-0.001025,0.426915
2020-01-24,JPM,-0.024828,0.391488
2020-01-27,JPM,-0.008412,0.379784
2020-01-28,JPM,0.018177,0.404865
2020-01-29,JPM,-0.001488,0.402775
2020-01-30,JPM,0.012367,0.420122
2020-01-31,JPM,-0.025977,0.383232
2020-02-03,JPM,0.007631,0.393787
2020-02-04,JPM,0.014396,0.413853
2020-02-05,JPM,0.017,0.437888
2020-02-06,JPM,0.000146,0.438098
2020-02-07,JPM,-0.003198,0.433499
2020-02-10,JPM,0.004156,0.439456
2020-02-11,JPM,0.001888,0.442173
2020-02-12,JPM,0.0,0.442173
2020-02-13,JPM,-0.00087,0.440919
2020-02-14,JPM,-0.003046,0.43653
2020-02-18,JPM,-0.01324,0.41751
2020-02-19,JPM,0.013639,0.436843
2020-02-20,JPM,0.0,0.436843
2020-02-21,JPM,-0.012219,0.419286
2020-02-24,JPM,-0.026876,0.381142
2020-02-25,JPM,-0.044643,0.319484
2020-02-26,JPM,0.00301,0.323455
2020-02-27,JPM,-0.041614,0.268381
2020-02-28,JPM,-0.043338,0.213411
2020-03-02,JPM,0.046593,0.269948
2020-03-03,JPM,-0.037525,0.222294
2020-03-04,JPM,0.024709,0.252496
2020-03-05,JPM,-0.049061,0.191047
2020-03-06,JPM,-0.05168,0.129493
2020-03-09,JPM,-0.135455,-0.023503
2020-03-10,JPM,0.077697,0.052369
2020-03-11,JPM,-0.047071,0.002833
2020-03-12,JPM,-0.08243,-0.079831
2020-03-13,JPM,0.180125,0.085915
2020-03-16,JPM,-0.149649,-0.076591
2020-03-17,JPM,0.061114,-0.020158
2020-03-18,JPM,-0.105269,-0.123305
2020-03-19,JPM,0.016808,-0.10857
2020-03-20,JPM,-0.021102,-0.127381
2020-03-23,JPM,-0.053533,-0.174095
2020-03-24,JPM,0.118942,-0.075859
2020-03-25,JPM,0.037318,-0.041373
2020-03-26,JPM,0.069661,0.025406
2020-03-27,JPM,-0.071239,-0.047643
2020-03-30,JPM,0.026007,-0.022875
2020-03-31,JPM,-0.037112,-0.059139
2020-04-01,JPM,-0.062979,-0.118393
2020-04-02,JPM,0.03734,-0.085474
2020-04-03,JPM,-0.029558,-0.112505
2020-04-06,JPM,0.064366,-0.055381
2020-04-07,JPM,0.01319,-0.042921
2020-04-08,JPM,0.04038,-0.004274
2020-04-09,JPM,0.089714,0.085056
2020-04-13,JPM,-0.044472,0.036801
2020-04-14,JPM,-0.027396,0.008396
2020-04-15,JPM,-0.049319,-0.041337
2020-04-16,JPM,-0.03811,-0.077871
2020-04-17,JPM,0.089889,0.005017
2020-04-20,JPM,-0.036457,-0.031623
2020-04-21,JPM,-0.029005,-0.05971
2020-04-22,JPM,0.003257,-0.056648
2020-04-23,JPM,0.00056,-0.05612
2020-04-24,JPM,0.014767,-0.042182
2020-04-27,JPM,0.043104,-0.000895
2020-04-28,JPM,0.007081,0.006179
2020-04-29,JPM,0.02697,0.033316
2020-04-30,JPM,-0.021459,0.011142
2020-05-01,JPM,-0.026211,-0.015361
2020-05-04,JPM,-0.011903,-0.027082
2020-05-05,JPM,-0.001519,-0.02856
2020-05-06,JPM,-0.018804,-0.046828
2020-05-07,JPM,0.010413,-0.036902
2020-05-08,JPM,0.016336,-0.021169
2020-05-11,JPM,-0.02945,-0.049995
2020-05-12,JPM,-0.032678,-0.081039
2020-05-13,JPM,-0.034471,-0.112717
2020-05-14,JPM,0.041533,-0.075865
2020-05-15,JPM,-0.01851,-0.092971
2020-05-18,JPM,0.052968,-0.044927
2020-05-19,JPM,-0.019679,-0.063722
2020-05-20,JPM,0.029999,-0.035635
2020-05-21,JPM,-0.012701,-0.047884
2020-05-22,JPM,-0.007763,-0.055275
2020-05-26,JPM,0.070973,0.011775
2020-05-27,JPM,0.057921,0.070379
2020-05-28,JPM,-0.014896,0.054434
2020-05-29,JPM,-0.025536,0.027508
2020-06-01,JPM,0.013257,0.04113
2020-06-02,JPM,0.003347,0.044615
2020-06-03,JPM,0.053977,0.101
2020-06-04,JPM,0.020812,0.123914
2020-06-05,JPM,0.045001,0.174491
2020-06-08,JPM,0.019959,0.197933
2020-06-09,JPM,-0.02565,0.167206
2020-06-10,JPM,-0.040528,0.119901
2020-06-11,JPM,-0.083443,0.026453
2020-06-12,JPM,0.027363,0.05454
2020-06-15,JPM,0.013818,0.069112
2020-06-16,JPM,0.008,0.077664
2020-06-17,JPM,-0.025279,0.050422
2020-06-18,JPM,-0.005428,0.04472
2020-06-19,JPM,-0.011421,0.032788
2020-06-22,JPM,-0.010837,0.021595
2020-06-23,JPM,0.012196,0.034055
2020-06-24,JPM,-0.033391,-0.000473
2020-06-25,JPM,0.034862,0.034372
2020-06-26,JPM,-0.054819,-0.022331
2020-06-29,JPM,0.004428,-0.018001
2020-06-30,JPM,0.011398,-0.006809
2020-07-01,JPM,-0.008505,-0.015256
2020-07-02,JPM,0.003248,-0.012057
2020-07-06,JPM,0.025254,0.012892
2020-07-07,JPM,-0.028211,-0.015682
2020-07-08,JPM,0.010615,-0.005234
2020-07-09,JPM,-0.021651,-0.026771
2020-07-10,JPM,0.054667,0.026433
2020-07-13,JPM,0.014335,0.041146
2020-07-14,JPM,0.005735,0.047117
2020-07-15,JPM,0.015477,0.063323
2020-07-16,JPM,0.002807,0.066308
2020-07-17,JPM,-0.018498,0.046584
2020-07-20,JPM,-0.008761,0.037415
2020-07-21,JPM,0.021686,0.059912
2020-07-22,JPM,-0.007243,0.052235
2020-07-23,JPM,0.002938,0.055327
2020-07-24,JPM,-0.007072,0.047863
2020-07-27,JPM,-0.014041,0.03315
2020-07-28,JPM,0.004334,0.037628
2020-07-29,JPM,0.02425,0.06279
2020-07-30,JPM,-0.026686,0.034429
2020-07-31,JPM,-0.003916,0.030377
2020-08-03,JPM,-0.005588,0.02462
2020-08-04,JPM,-0.005723,0.018756
2020-08-05,JPM,0.017373,0.036455
2020-08-06,JPM,0.000309,0.036775
2020-08-07,JPM,0.022007,0.059591
2020-08-10,JPM,0.012679,0.073026
2020-08-11,JPM,0.031598,0.106931
2020-08-12,JPM,-0.008476,0.097548
2020-08-13,JPM,-0.005537,0.091471
2020-08-14,JPM,0.000391,0.091897
2020-08-17,JPM,-0.026365,0.06311
2020-08-18,JPM,-0.013941,0.04829
2020-08-19,JPM,0.002339,0.050742
2020-08-20,JPM,-0.011974,0.038161
2020-08-21,JPM,-0.000514,0.037628
2020-08-24,JPM,0.028155,0.066842
2020-08-25,JPM,0.004397,0.071533
2020-08-26,JPM,-0.01403,0.056499
2020-08-27,JPM,0.032899,0.091258
2020-08-28,JPM,0.004104,0.095736
2020-08-31,JPM,-0.025105,0.068228
2020-09-01,JPM,-0.000499,0.067695
2020-09-02,JPM,0.015079,0.083794
2020-09-03,JPM,-0.003148,0.080382
2020-09-04,JPM,0.021613,0.103732
2020-09-08,JPM,-0.034776,0.065349
2020-09-09,JPM,0.009508,0.075478
2020-09-10,JPM,-0.010311,0.064389
2020-09-11,JPM,0.012421,0.07761
2020-09-14,JPM,0.013852,0.092537
2020-09-15,JPM,-0.031131,0.058525
2020-09-16,JPM,0.00423,0.063003
2020-09-17,JPM,-0.011434,0.050849
2020-09-18,JPM,-0.002131,0.04861
2020-09-21,JPM,-0.03091,0.016197
2020-09-22,JPM,-0.010912,0.005109
2020-09-23,JPM,-0.01623,-0.011204
2020-09-24,JPM,-0.000863,-0.012057
2020-09-25,JPM,0.008742,-0.003421
2020-09-28,JPM,0.02878,0.02526
2020-09-29,JPM,-0.008424,0.016624
2020-09-30,JPM,0.009648,0.026433
2020-10-01,JPM,0.007271,0.033896
2020-10-02,JPM,0.009487,0.043705
2020-10-05,JPM,0.021136,0.065765
2020-10-06,JPM,-0.010299,0.054789
2020-10-07,JPM,0.017445,0.07319
2020-10-08,JPM,0.020556,0.09525
2020-10-09,JPM,-0.005699,0.089009
2020-10-12,JPM,0.012253,0.102352
2020-10-13,JPM,-0.016205,0.084489
2020-10-14,JPM,-0.005557,0.078463
2020-10-15,JPM,0.014967,0.094605
2020-10-16,JPM,-0.002065,0.092345
2020-10-19,JPM,-0.016846,0.073943
2020-10-20,JPM,0.005711,0.080077
2020-10-21,JPM,-0.009963,0.069316
2020-10-22,JPM,0.035322,0.107087
2020-10-23,JPM,0.00904,0.117095
2020-10-26,JPM,-0.024757,0.089439
2020-10-27,JPM,-0.018866,0.068886
2020-10-28,JPM,-0.028088,0.038863
2020-10-29,JPM,0.006526,0.045642
2020-10-30,JPM,0.008954,0.055004
2020-11-02,JPM,0.022542,0.078786
2020-11-03,JPM,0.031521,0.11279
2020-11-04,JPM,-0.030558,0.078786
2020-11-05,JPM,0.040898,0.122906
2020-11-06,JPM,-0.013321,0.107948
2020-11-09,JPM,0.135393,0.257956
2020-11-10,JPM,-0.003251,0.253866
2020-11-11,JPM,-0.014933,0.235143
2020-11-12,JPM,-0.012284,0.21997
2020-11-13,JPM,0.006263,0.22761
2020-11-16,JPM,0.028226,0.26226
2020-11-17,JPM,-0.010145,0.249455
2020-11-18,JPM,-0.007407,0.2402
2020-11-19,JPM,0.00269,0.243536
2020-11-20,JPM,-0.008567,0.232883
2020-11-23,JPM,0.028803,0.268394
2020-11-24,JPM,0.046238,0.327041
2020-11-25,JPM,-0.010461,0.31316
2020-11-27,JPM,-0.006638,0.304443
2020-11-30,JPM,-0.027553,0.268501
2020-12-01,JPM,0.015779,0.288517
2020-12-02,JPM,0.019208,0.313267
2020-12-03,JPM,-0.006555,0.304658
2020-12-04,JPM,0.009073,0.316495
2020-12-07,JPM,-0.00376,0.311545
2020-12-08,JPM,0.000985,0.312837
2020-12-09,JPM,-0.007787,0.302614
2020-12-10,JPM,-0.006444,0.29422
2020-12-11,JPM,-0.005903,0.28658
2020-12-14,JPM,-0.010539,0.273021
2020-12-15,JPM,0.017075,0.294758
2020-12-16,JPM,0.002909,0.298525
2020-12-17,JPM,-0.008287,0.287764
2020-12-18,JPM,-0.00493,0.281415
2020-12-21,JPM,0.037538,0.329516
2020-12-22,JPM,-0.015216,0.309286
2020-12-23,JPM,0.027944,0.345873
2020-12-24,JPM,-0.004398,0.339954
2020-12-28,JPM,0.006585,0.348778
2020-12-29,JPM,-0.002632,0.345227
2020-12-30,JPM,0.0028,0.348993
2020-12-31,JPM,0.013641,0.367395
2021-01-04,JPM,-0.009444,0.354482
2021-01-05,JPM,0.005441,0.361852
2021-01-06,JPM,0.046956,0.425798
2021-01-07,JPM,0.032839,0.472621
2021-01-08,JPM,0.001104,0.474247
2021-01-11,JPM,0.014924,0.496248
2021-01-12,JPM,0.015719,0.519768
2021-01-13,JPM,0.000927,0.521177
2021-01-14,JPM,0.005843,0.530065
2021-01-15,JPM,-0.017922,0.502643
2021-01-19,JPM,-0.004328,0.49614
2021-01-20,JPM,-0.014996,0.473704
2021-01-21,JPM,-0.008384,0.461349
2021-01-22,JPM,-0.007714,0.450076
2021-01-25,JPM,-0.012482,0.431976
2021-01-26,JPM,-0.004087,0.426124
2021-01-27,JPM,-0.028272,0.385805
2021-01-28,JPM,0.017597,0.410191
2021-01-29,JPM,-0.011068,0.394584
2021-02-01,JPM,0.007383,0.40488
2021-02-02,JPM,0.030783,0.448126
2021-02-03,JPM,0.011451,0.464708
2021-02-04,JPM,0.023013,0.498416
2021-02-05,JPM,-0.001953,0.49549
2021-02-08,JPM,0.015654,0.518901
2021-02-09,JPM,-0.003996,0.512832
2021-02-10,JPM,0.000573,0.513699
2021-02-11,JPM,-0.002793,0.509471
2021-02-12,JPM,0.014217,0.530932
2021-02-16,JPM,0.024071,0.567782
2021-02-17,JPM,0.003111,0.57266
2021-02-18,JPM,0.003377,0.577971
2021-02-19,JPM,0.016691,0.604308
2021-02-22,JPM,0.009391,0.619373
2021-02-23,JPM,0.008032,0.63238
2021-02-24,JPM,0.017595,0.661102
2021-02-25,JPM,-0.013572,0.638557
2021-02-26,JPM,-0.026524,0.595096
2021-03-01,JPM,0.022627,0.631187
2021-03-02,JPM,-0.003256,0.625876
2021-03-03,JPM,0.019332,0.657308
2021-03-04,JPM,-0.015368,0.631838
2021-03-05,JPM,0.002325,0.635631
2021-03-08,JPM,0.013253,0.657308
2021-03-09,JPM,-0.007063,0.645603
2021-03-10,JPM,0.021735,0.68137
2021-03-11,JPM,-0.005222,0.67259
2021-03-12,JPM,0.011858,0.692424
2021-03-15,JPM,-0.004995,0.683971
2021-03-16,JPM,-0.011972,0.663811
2021-03-17,JPM,0.010293,0.680936
2021-03-18,JPM,0.016507,0.708682
2021-03-19,JPM,-0.015921,0.681478
2021-03-22,JPM,-0.026879,0.636281
2021-03-23,JPM,-0.010002,0.619915
2021-03-24,JPM,0.007761,0.632488
2021-03-25,JPM,0.012814,0.653406
2021-03-26,JPM,0.01665,0.680936
2021-03-29,JPM,-0.015539,0.654815
2021-03-30,JPM,0.01179,0.674325
2021-03-31,JPM,-0.014565,0.649937
2021-04-01,JPM,0.009723,0.665979
2021-04-05,JPM,0.005301,0.67481
2021-04-06,JPM,-0.00703,0.663036
2021-04-07,JPM,0.015668,0.689091
2021-04-08,JPM,0.001226,0.691163
2021-04-09,JPM,0.007478,0.703809
2021-04-12,JPM,-0.002112,0.700212
2021-04-13,JPM,-0.011927,0.679933
2021-04-14,JPM,-0.01869,0.648536
2021-04-15,JPM,0.006348,0.659001
2021-04-16,JPM,0.007426,0.671321
2021-04-19,JPM,-0.00424,0.664235
2021-04-20,JPM,-0.022142,0.627384
2021-04-21,JPM,0.008508,0.64123
2021-04-22,JPM,-0.021057,0.60667
2021-04-23,JPM,0.019135,0.637415
2021-04-26,JPM,0.002464,0.641449
2021-04-27,JPM,0.004583,0.648971
2021-04-28,JPM,0.006479,0.659655
2021-04-29,JPM,0.019445,0.691927
2021-04-30,JPM,-0.008893,0.676881
2021-05-03,JPM,-0.002925,0.671975
2021-05-04,JPM,0.013823,0.695088
2021-05-05,JPM,0.013121,0.717328
2021-05-06,JPM,0.020124,0.751889
2021-05-07,JPM,0.003423,0.757885
2021-05-10,JPM,-0.000124,0.757667
2021-05-11,JPM,-0.016623,0.728449
2021-05-12,JPM,-0.006875,0.716566
2021-05-13,JPM,0.025722,0.760719
2021-05-14,JPM,0.015542,0.788084
2021-05-17,JPM,0.004024,0.79528
2021-05-18,JPM,-0.014089,0.769987
2021-05-19,JPM,-0.007638,0.756468
2021-05-20,JPM,-0.001738,0.753415
2021-05-21,JPM,0.011378,0.773366
2021-05-24,JPM,0.00541,0.78296
2021-05-25,JPM,-0.010334,0.764536
2021-05-26,JPM,-0.000124,0.764317
2021-05-27,JPM,0.015572,0.791791
2021-05-28,JPM,-0.00067,0.790592
2021-06-01,JPM,0.01102,0.810325
2021-06-02,JPM,6e-05,0.810434
2021-06-03,JPM,0.000662,0.811633
2021-06-04,JPM,0.001625,0.814576
2021-06-07,JPM,-0.004686,0.806073
2021-06-08,JPM,-0.003984,0.798878
2021-06-09,JPM,-0.012485,0.776419
2021-06-10,JPM,-0.015589,0.748727
2021-06-11,JPM,-0.000685,0.747528
2021-06-14,JPM,-0.016969,0.717874
2021-06-15,JPM,-0.015168,0.691817
2021-06-16,JPM,0.007024,0.703701
2021-06-17,JPM,-0.028861,0.654531
2021-06-18,JPM,-0.025303,0.612667
2021-06-21,JPM,0.016969,0.640032
2021-06-22,JPM,-0.001463,0.637633
2021-06-23,JPM,0.006058,0.647554
2021-06-24,JPM,0.009198,0.662708
2021-06-25,JPM,0.010098,0.679497
2021-06-28,JPM,0.001818,0.68255
2021-06-29,JPM,-0.001231,0.680479
2021-06-30,JPM,0.009083,0.695742
2021-07-01,JPM,0.009901,0.712531
2021-07-02,JPM,-0.00096,0.710887
2021-07-06,JPM,-0.016792,0.682158
2021-07-07,JPM,0.001173,0.684132
2021-07-08,JPM,-0.017254,0.655074
2021-07-09,JPM,0.031999,0.708036
2021-07-12,JPM,0.014316,0.732488
2021-07-13,JPM,-0.014873,0.70672
2021-07-14,JPM,-0.003405,0.700909
2021-07-15,JPM,0.002192,0.704636
2021-07-16,JPM,-0.022835,0.665711
2021-07-19,JPM,-0.032519,0.611543
2021-07-20,JPM,0.018643,0.641587
2021-07-21,JPM,0.02104,0.676127
2021-07-22,JPM,-0.012626,0.654964
2021-07-23,JPM,-0.001921,0.651784
2021-07-26,JPM,0.006705,0.662859
2021-07-27,JPM,-0.001319,0.660666
2021-07-28,JPM,0.001651,0.663408
2021-07-29,JPM,0.008569,0.677662
2021-07-30,JPM,-0.007974,0.664285
2021-08-02,JPM,-0.004019,0.657596
2021-08-03,JPM,0.011378,0.676456
2021-08-04,JPM,-0.010792,0.658364
2021-08-05,JPM,0.012629,0.679307
2021-08-06,JPM,0.028404,0.727006
2021-08-09,JPM,-0.001079,0.725142
2021-08-10,JPM,0.012267,0.746304
2021-08-11,JPM,0.01193,0.767138
2021-08-12,JPM,0.003909,0.774046
2021-08-13,JPM,-0.011187,0.754199
2021-08-16,JPM,-0.006563,0.742686
2021-08-17,JPM,-0.012081,0.721632
2021-08-18,JPM,-0.009108,0.705952
2021-08-19,JPM,-0.008356,0.691698
2021-08-20,JPM,0.002852,0.696522
2021-08-23,JPM,0.012798,0.718234
2021-08-24,JPM,0.00619,0.72887
2021-08-25,JPM,0.020612,0.764506
2021-08-26,JPM,0.005158,0.773607
2021-08-27,JPM,0.008037,0.787862
2021-08-30,JPM,-0.016007,0.759243
2021-08-31,JPM,-0.003054,0.75387
2021-09-01,JPM,-0.001438,0.751348
2021-09-02,JPM,0.004633,0.759463
2021-09-03,JPM,-0.006045,0.748826
2021-09-07,JPM,-0.001756,0.745756
2021-09-08,JPM,-0.004459,0.73797
2021-09-09,JPM,0.004353,0.745536
2021-09-10,JPM,-0.011496,0.72547
2021-09-13,JPM,0.015887,0.752883
2021-09-14,JPM,-0.017453,0.722291
2021-09-15,JPM,0.006939,0.734242
2021-09-16,JPM,-0.000443,0.733475
2021-09-17,JPM,-0.002594,0.728979
2021-09-20,JPM,-0.029934,0.677224
2021-09-21,JPM,0.000131,0.677443
2021-09-22,JPM,0.019153,0.709571
2021-09-23,JPM,0.033802,0.767357
2021-09-24,JPM,0.01154,0.787752
2021-09-27,JPM,0.024166,0.830955
2021-09-28,JPM,-0.00539,0.821086
2021-09-29,JPM,-0.000783,0.819661
2021-09-30,JPM,-0.013619,0.794879
2021-10-01,JPM,0.021015,0.832599
2021-10-04,JPM,-0.001077,0.830626
2021-10-05,JPM,0.01633,0.86052
2021-10-06,JPM,0.002134,0.864492
2021-10-07,JPM,0.006331,0.876295
2021-10-08,JPM,0.000764,0.877728
2021-10-11,JPM,-0.021031,0.838238
2021-10-12,JPM,-0.007681,0.824118
2021-10-13,JPM,-0.026367,0.776021
2021-10-14,JPM,0.015342,0.803268
2021-10-15,JPM,0.019209,0.837907
2021-10-18,JPM,-0.00036,0.837245
2021-10-19,JPM,0.012128,0.859527
2021-10-20,JPM,0.013466,0.884568
2021-10-21,JPM,-0.007843,0.869786
2021-10-22,JPM,0.013451,0.894937
2021-10-25,JPM,-0.00489,0.885671
2021-10-26,JPM,0.002691,0.890746
2021-10-27,JPM,-0.020828,0.851364
2021-10-28,JPM,0.015075,0.879273
2021-10-29,JPM,-0.002759,0.874089
2021-11-01,JPM,-0.00053,0.873096
2021-11-02,JPM,0.003946,0.880487
2021-11-03,JPM,0.000352,0.881149
2021-11-04,JPM,-0.013136,0.856439
2021-11-05,JPM,-0.001426,0.853791
2021-11-08,JPM,0.00601,0.864932
2021-11-09,JPM,-0.007571,0.850813
2021-11-10,JPM,-0.000954,0.849047
2021-11-11,JPM,-5.9e-05,0.848938
2021-11-12,JPM,-0.004475,0.840664
2021-11-15,JPM,-0.001798,0.837355
2021-11-16,JPM,-0.007204,0.824118
2021-11-17,JPM,-0.005382,0.814299
2021-11-18,JPM,-0.008634,0.798635
2021-11-19,JPM,-0.013064,0.775139
2021-11-22,JPM,0.021315,0.812976
2021-11-23,JPM,0.023912,0.856328
2021-11-24,JPM,-0.007844,0.841768
2021-11-26,JPM,-0.030127,0.78628
2021-11-29,JPM,-0.004323,0.778558
2021-11-30,JPM,-0.014885,0.752084
2021-12-01,JPM,-0.005918,0.741714
2021-12-02,JPM,0.021027,0.778338
2021-12-03,JPM,-0.018113,0.746127
2021-12-06,JPM,0.011814,0.766755
2021-12-07,JPM,0.015048,0.793341
2021-12-08,JPM,-0.011441,0.772823
2021-12-09,JPM,-0.001555,0.770065
2021-12-10,JPM,-0.003989,0.763005
2021-12-13,JPM,-0.011888,0.742045
2021-12-14,JPM,0.007662,0.755393
2021-12-15,JPM,-0.007478,0.742266
2021-12-16,JPM,0.015638,0.769513
2021-12-17,JPM,-0.022754,0.729249
2021-12-20,JPM,-0.017989,0.698141
2021-12-21,JPM,0.013967,0.721859
2021-12-22,JPM,0.003908,0.728588
2021-12-23,JPM,0.003573,0.734764
2021-12-27,JPM,0.005723,0.744693
2021-12-28,JPM,0.003035,0.749987
2021-12-29,JPM,-0.000504,0.749106
2021-12-30,JPM,-0.000505,0.748223
2021-12-31,JPM,-0.00082,0.746789
2022-01-03,JPM,0.021156,0.783743
2022-01-04,JPM,0.037909,0.851364
2022-01-05,JPM,-0.018282,0.817517
2022-01-06,JPM,0.010624,0.836827
2022-01-07,JPM,0.009908,0.855026
2022-01-10,JPM,0.000957,0.856802
2022-01-11,JPM,0.001016,0.858689
2022-01-12,JPM,0.005672,0.869231
2022-01-13,JPM,-0.001247,0.866901
2022-01-14,JPM,-0.061463,0.752155
2022-01-18,JPM,-0.041928,0.67869
2022-01-19,JPM,-0.015469,0.652722
2022-01-20,JPM,-0.008527,0.638629
2022-01-21,JPM,-0.017473,0.609998
2022-01-24,JPM,-0.000896,0.608555
2022-01-25,JPM,0.010901,0.626089
2022-01-26,JPM,0.009486,0.641514
2022-01-27,JPM,-0.017645,0.61255
2022-01-28,JPM,0.008946,0.626977
2022-01-31,JPM,0.013573,0.64906
2022-02-01,JPM,0.01716,0.677358
2022-02-02,JPM,-0.008005,0.663931
2022-02-03,JPM,-0.00827,0.65017
2022-02-04,JPM,0.025959,0.693006
2022-02-07,JPM,0.003343,0.698665
2022-02-08,JPM,0.018815,0.730626
2022-02-09,JPM,0.004168,0.737839
2022-02-10,JPM,-0.004151,0.730626
2022-02-11,JPM,-0.013018,0.708098
2022-02-14,JPM,-0.00929,0.692229
2022-02-15,JPM,0.014624,0.716976
2022-02-16,JPM,0.00181,0.720083
2022-02-17,JPM,-0.023032,0.680466
2022-02-18,JPM,0.004689,0.688345
2022-02-22,JPM,-0.001775,0.685349
2022-02-23,JPM,-0.020939,0.650059
2022-02-24,JPM,-0.027843,0.604117
2022-02-25,JPM,0.023659,0.642069
2022-02-28,JPM,-0.041697,0.573599
2022-03-01,JPM,-0.037729,0.514228
2022-03-02,JPM,0.02074,0.545634
2022-03-03,JPM,-0.007108,0.534647
2022-03-04,JPM,-0.028129,0.491478
2022-03-07,JPM,-0.038616,0.433884
2022-03-08,JPM,-0.007043,0.423785
2022-03-09,JPM,0.040062,0.480825
2022-03-10,JPM,-0.01184,0.463291
2022-03-11,JPM,-0.022524,0.430332
2022-03-14,JPM,0.009931,0.444537
2022-03-15,JPM,0.017746,0.470172
2022-03-16,JPM,0.044686,0.535868
2022-03-17,JPM,0.012645,0.555288
2022-03-18,JPM,-0.000357,0.554733
2022-03-21,JPM,-0.003212,0.549739
2022-03-22,JPM,0.021267,0.582698
2022-03-23,JPM,-0.019913,0.551182
2022-03-24,JPM,0.00651,0.561281
2022-03-25,JPM,0.008742,0.57493
2022-03-28,JPM,-0.007399,0.563278
2022-03-29,JPM,0.002201,0.566718
2022-03-30,JPM,-0.004533,0.559616
2022-03-31,JPM,-0.030027,0.512786
2022-04-01,JPM,-0.007409,0.501577
2022-04-04,JPM,0.004434,0.508236
2022-04-05,JPM,-0.011637,0.490684
2022-04-06,JPM,-0.013874,0.470002
2022-04-07,JPM,-0.003042,0.46553
2022-04-08,JPM,0.018308,0.492361
2022-04-11,JPM,-0.00367,0.486883
2022-04-12,JPM,-0.010978,0.47056
2022-04-13,JPM,-0.032234,0.423159
2022-04-14,JPM,-0.00927,0.409967
2022-04-18,JPM,0.018554,0.436127
2022-04-19,JPM,0.020707,0.465865
2022-04-20,JPM,0.003508,0.471008
2022-04-21,JPM,-0.007752,0.459604
2022-04-22,JPM,-0.028722,0.417681
2022-04-25,JPM,-0.000315,0.417234
2022-04-26,JPM,-0.029581,0.375311
2022-04-27,JPM,-0.013006,0.357423
2022-04-28,JPM,0.015813,0.378888
2022-04-29,JPM,-0.032268,0.334393
2022-05-02,JPM,0.009132,0.346579
2022-05-03,JPM,0.02142,0.375422
2022-05-04,JPM,0.033081,0.420923
2022-05-05,JPM,-0.02502,0.385372
2022-05-06,JPM,-0.001614,0.383136
2022-05-09,JPM,-0.015034,0.362342
2022-05-10,JPM,-0.024372,0.329139
2022-05-11,JPM,-0.006308,0.320754
2022-05-12,JPM,-0.000846,0.319636
2022-05-13,JPM,0.008895,0.331375
2022-05-16,JPM,-0.006969,0.322096
2022-05-17,JPM,0.033147,0.36592
2022-05-18,JPM,-0.017106,0.342554
2022-05-19,JPM,-0.014822,0.322655
2022-05-20,JPM,-0.008199,0.31181
2022-05-23,JPM,0.061872,0.392974
2022-05-24,JPM,0.014125,0.41265
2022-05-25,JPM,0.006964,0.422488
2022-05-26,JPM,0.01729,0.447083
2022-05-27,JPM,0.014138,0.467542
2022-05-31,JPM,0.007313,0.478274
2022-06-01,JPM,-0.017545,0.452338
2022-06-02,JPM,0.016088,0.475703
2022-06-03,JPM,-0.013939,0.455133
2022-06-06,JPM,-0.003304,0.450325
2022-06-07,JPM,0.002621,0.454127
2022-06-08,JPM,-0.015915,0.430985
2022-06-09,JPM,-0.021016,0.400912
2022-06-10,JPM,-0.045966,0.336518
2022-06-13,JPM,-0.029779,0.296718
2022-06-14,JPM,-0.016639,0.275141
2022-06-15,JPM,0.011836,0.290234
2022-06-16,JPM,-0.017156,0.268099
2022-06-17,JPM,-0.003527,0.263627
2022-06-21,JPM,0.024772,0.294929
2022-06-22,JPM,-0.005612,0.287663
2022-06-23,JPM,-0.010939,0.273576
2022-06-24,JPM,0.029846,0.311587
2022-06-27,JPM,-0.008012,0.301078
2022-06-28,JPM,-0.004812,0.294817
2022-06-29,JPM,-0.00449,0.289004
2022-06-30,JPM,-0.023331,0.258931
2022-07-01,JPM,0.012788,0.27503
2022-07-05,JPM,-0.003804,0.27018
2022-07-06,JPM,-0.006482,0.261947
2022-07-07,JPM,0.025293,0.293865
2022-07-08,JPM,-0.003138,0.289805
2022-07-11,JPM,-0.013116,0.272887
2022-07-12,JPM,0.000975,0.274127
2022-07-13,JPM,-0.009383,0.262172
2022-07-14,JPM,-0.034939,0.218074
2022-07-15,JPM,0.045833,0.273902
2022-07-18,JPM,-0.01027,0.260819
2022-07-19,JPM,0.024778,0.29206
2022-07-20,JPM,-0.000174,0.291835
2022-07-21,JPM,0.00681,0.300632
2022-07-22,JPM,-0.004856,0.294316
2022-07-25,JPM,0.004009,0.299504
2022-07-26,JPM,-0.015622,0.279203
2022-07-27,JPM,0.016046,0.29973
2022-07-28,JPM,-0.003731,0.29488
2022-07-29,JPM,0.004791,0.301083
2022-08-01,JPM,-0.009969,0.288113
2022-08-02,JPM,-0.015585,0.268037
2022-08-03,JPM,0.010495,0.281346
2022-08-04,JPM,-0.011003,0.267248
2022-08-05,JPM,0.03026,0.305594
2022-08-08,JPM,-0.012181,0.289692
2022-08-09,JPM,0.009008,0.301309
2022-08-10,JPM,0.026088,0.335257
2022-08-11,JPM,0.014782,0.354994
2022-08-12,JPM,0.016564,0.377438
2022-08-15,JPM,0.002702,0.38116
2022-08-16,JPM,0.009554,0.394356
2022-08-17,JPM,-0.008412,0.382626
2022-08-18,JPM,-0.007749,0.371912
2022-08-19,JPM,-0.024745,0.337964
2022-08-22,JPM,-0.016522,0.315858
2022-08-23,JPM,-0.009857,0.302888
2022-08-24,JPM,0.002424,0.306046
2022-08-25,JPM,0.023748,0.337061
2022-08-26,JPM,-0.032729,0.293301
2022-08-29,JPM,-0.002442,0.290143
2022-08-30,JPM,0.000175,0.290369
2022-08-31,JPM,-0.005944,0.282699
2022-09-01,JPM,0.006858,0.291497
2022-09-02,JPM,-0.006986,0.282474
2022-09-06,JPM,0.000264,0.282812
2022-09-07,JPM,0.018991,0.307173
2022-09-08,JPM,0.023296,0.337625
2022-09-09,JPM,0.004806,0.344054
2022-09-12,JPM,0.011832,0.359956
2022-09-13,JPM,-0.034749,0.3127
2022-09-14,JPM,-0.00232,0.309655
2022-09-15,JPM,0.01507,0.329392
2022-09-16,JPM,-0.006702,0.320482
2022-09-19,JPM,0.009225,0.332663
2022-09-20,JPM,-0.019719,0.306384
2022-09-21,JPM,-0.028835,0.268714
2022-09-22,JPM,-0.011379,0.254277
2022-09-23,JPM,-0.018614,0.230931
2022-09-26,JPM,-0.021532,0.204427
2022-09-27,JPM,-0.008802,0.193825
2022-09-28,JPM,0.020217,0.217961
2022-09-29,JPM,-0.016946,0.197321
2022-09-30,JPM,-0.015637,0.178599
2022-10-03,JPM,0.030909,0.215028
2022-10-04,JPM,0.046784,0.271872
2022-10-05,JPM,-0.012347,0.256168
2022-10-06,JPM,-0.020382,0.230565
2022-10-07,JPM,-0.019974,0.205985
2022-10-10,JPM,-0.009342,0.194719
2022-10-11,JPM,-0.02886,0.16024
2022-10-12,JPM,0.016183,0.179016
2022-10-13,JPM,0.055593,0.244561
2022-10-14,JPM,0.016641,0.265272
2022-10-17,JPM,0.042,0.318413
2022-10-18,JPM,0.025721,0.352324
2022-10-19,JPM,-0.019606,0.32581
2022-10-20,JPM,-0.003262,0.321486
2022-10-21,JPM,0.052527,0.3909
2022-10-24,JPM,0.001227,0.392607
2022-10-25,JPM,0.002615,0.396248
2022-10-26,JPM,0.011491,0.412293
2022-10-27,JPM,0.003948,0.417869
2022-10-28,JPM,0.011878,0.434711
2022-10-31,JPM,-0.001587,0.432435
2022-11-01,JPM,0.018033,0.458266
2022-11-02,JPM,-0.009208,0.444838
2022-11-03,JPM,0.001812,0.447456
2022-11-04,JPM,0.027358,0.487056
2022-11-07,JPM,0.00528,0.494907
2022-11-08,JPM,0.000609,0.495818
2022-11-09,JPM,-0.013009,0.476359
2022-11-10,JPM,0.041159,0.537125
2022-11-11,JPM,0.001629,0.539629
2022-11-14,JPM,-0.010274,0.523811
2022-11-15,JPM,-0.007244,0.512773
2022-11-16,JPM,0.001354,0.514821
2022-11-17,JPM,-0.004357,0.508221
2022-11-18,JPM,0.009808,0.523014
2022-11-21,JPM,-0.005902,0.514025
2022-11-22,JPM,0.014957,0.53667
2022-11-23,JPM,0.010663,0.553056
2022-11-25,JPM,0.001905,0.556014
2022-11-28,JPM,-0.017478,0.528818
2022-11-29,JPM,0.01645,0.553967
2022-11-30,JPM,0.011863,0.572401
2022-12-01,JPM,-0.01404,0.550325
2022-12-02,JPM,-0.007927,0.538035
2022-12-05,JPM,-0.028041,0.494907
2022-12-06,JPM,0.001675,0.497411
2022-12-07,JPM,-0.000684,0.496387
2022-12-08,JPM,0.010494,0.51209
2022-12-09,JPM,-0.005418,0.503897
2022-12-12,JPM,0.015512,0.527225
2022-12-13,JPM,-0.000969,0.525745
2022-12-14,JPM,-0.004997,0.518122
2022-12-15,JPM,-0.024811,0.480456
2022-12-16,JPM,-0.006226,0.471238
2022-12-19,JPM,0.005956,0.480001
2022-12-20,JPM,0.004844,0.48717
2022-12-21,JPM,0.011248,0.503897
2022-12-22,JPM,-0.01135,0.486828
2022-12-23,JPM,0.004745,0.493883
2022-12-27,JPM,0.003504,0.499118
2022-12-28,JPM,0.005465,0.507311
2022-12-29,JPM,0.005738,0.515959
2022-12-30,JPM,0.006606,0.525973
2023-01-03,JPM,0.007606,0.53758
2023-01-04,JPM,0.009326,0.551919
2023-01-05,JPM,-0.000222,0.551574
2023-01-06,JPM,0.019135,0.581264
2023-01-09,JPM,-0.004132,0.57473
2023-01-10,JPM,0.008954,0.58883
2023-01-11,JPM,0.007431,0.600637
2023-01-12,JPM,-0.001003,0.599033
2023-01-13,JPM,0.025235,0.639384
2023-01-17,JPM,-0.015453,0.61405
2023-01-18,JPM,-0.030043,0.56556
2023-01-19,JPM,-0.013327,0.544696
2023-01-20,JPM,0.002449,0.548479
2023-01-23,JPM,0.016213,0.573584
2023-01-24,JPM,0.008596,0.587111
2023-01-25,JPM,0.004839,0.594791
2023-01-26,JPM,0.006182,0.60465
2023-01-27,JPM,0.002429,0.608548
2023-01-30,JPM,-0.008481,0.594906
2023-01-31,JPM,0.005966,0.60442
2023-02-01,JPM,-0.002644,0.600179
2023-02-02,JPM,-0.004656,0.592728
2023-02-03,JPM,0.015474,0.617374
2023-02-06,JPM,0.005883,0.626889
2023-02-07,JPM,0.01219,0.646721
2023-02-08,JPM,-0.007031,0.635142
2023-02-09,JPM,-0.015564,0.609694
2023-02-10,JPM,0.004415,0.616801
2023-02-13,JPM,0.010848,0.63434
2023-02-14,JPM,0.004419,0.641562
2023-02-15,JPM,0.00419,0.64844
2023-02-16,JPM,-0.013769,0.625743
2023-02-17,JPM,0.002961,0.630557
2023-02-21,JPM,-0.018349,0.600637
2023-02-22,JPM,-0.007663,0.588371
2023-02-23,JPM,0.008011,0.601096
2023-02-24,JPM,0.009021,0.61554
2023-02-27,JPM,0.008728,0.62964
2023-02-28,JPM,0.008371,0.643281
2023-03-01,JPM,-0.005581,0.634111
2023-03-02,JPM,-0.010382,0.617145
2023-03-03,JPM,0.01836,0.646835
2023-03-06,JPM,-0.005847,0.637206
2023-03-07,JPM,-0.029408,0.589059
2023-03-08,JPM,-0.005915,0.579659
2023-03-09,JPM,-0.054136,0.494142
2023-03-10,JPM,0.025395,0.532086
2023-03-13,JPM,-0.017957,0.504574
2023-03-14,JPM,0.025676,0.543206
2023-03-15,JPM,-0.047244,0.470298
2023-03-16,JPM,0.019414,0.498843
2023-03-17,JPM,-0.037782,0.442213
2023-03-20,JPM,0.010572,0.457459
2023-03-21,JPM,0.026821,0.49655
2023-03-22,JPM,-0.025814,0.457918
2023-03-23,JPM,-0.002673,0.454021
2023-03-24,JPM,-0.015216,0.431896
2023-03-27,JPM,0.028661,0.472935
2023-03-28,JPM,0.003035,0.477406
2023-03-29,JPM,0.002017,0.480386
2023-03-30,JPM,-0.00302,0.475916
2023-03-31,JPM,0.012117,0.493799
2023-04-03,JPM,-0.001151,0.492079
2023-04-04,JPM,-0.013368,0.472133
2023-04-05,JPM,0.001491,0.474328
2023-04-06,JPM,-0.001097,0.47271
2023-04-10,JPM,0.003295,0.477563
2023-04-11,JPM,0.004926,0.484841
2023-04-12,JPM,-0.000156,0.48461
2023-04-13,JPM,0.003813,0.490272
2023-04-14,JPM,0.075509,0.602801
2023-04-17,JPM,0.007929,0.61551
2023-04-18,JPM,0.011228,0.633649
2023-04-19,JPM,-0.001273,0.631569
2023-04-20,JPM,-0.002903,0.626833
2023-04-21,JPM,-0.001918,0.623713
2023-04-24,JPM,0.001352,0.625908
2023-04-25,JPM,-0.021744,0.590555
2023-04-26,JPM,-0.017724,0.562364
2023-04-27,JPM,0.013459,0.583392
2023-04-28,JPM,0.008683,0.59714
2023-05-01,JPM,0.021412,0.631339
2023-05-02,JPM,-0.016147,0.604997
2023-05-03,JPM,-0.021163,0.57103
2023-05-04,JPM,-0.013679,0.54954
2023-05-05,JPM,0.019535,0.57981
2023-05-08,JPM,0.002413,0.583623
2023-05-09,JPM,-0.004815,0.575998
2023-05-10,JPM,0.000513,0.576806
2023-05-11,JPM,-0.00315,0.571838
2023-05-12,JPM,-0.014333,0.549309
2023-05-15,JPM,0.008426,0.562364
2023-05-16,JPM,-0.006729,0.551851
2023-05-17,JPM,0.030747,0.599566
2023-05-18,JPM,0.007584,0.611697
2023-05-19,JPM,-0.002294,0.608
2023-05-22,JPM,-0.008262,0.594714
2023-05-23,JPM,-0.010433,0.578077
2023-05-24,JPM,-0.009151,0.563635
2023-05-25,JPM,0.002438,0.567448
2023-05-26,JPM,0.009361,0.582121
2023-05-30,JPM,0.003798,0.588129
2023-05-31,JPM,-0.012731,0.56791
2023-06-01,JPM,0.01378,0.589515
2023-06-02,JPM,0.021006,0.622905
2023-06-05,JPM,-0.009824,0.606961
2023-06-06,JPM,0.001797,0.609849
2023-06-07,JPM,0.009688,0.625446
2023-06-08,JPM,0.000285,0.625908
2023-06-09,JPM,0.00199,0.629143
2023-06-12,JPM,-7.1e-05,0.629028
2023-06-13,JPM,0.007234,0.640812
2023-06-14,JPM,-0.003732,0.634689
2023-06-15,JPM,0.011308,0.653174
2023-06-16,JPM,0.001188,0.655138
2023-06-20,JPM,-0.005095,0.646704
2023-06-21,JPM,-0.001473,0.644278
2023-06-22,JPM,-0.019252,0.612622
2023-06-23,JPM,-0.00523,0.604188
2023-06-26,JPM,0.002449,0.608116
2023-06-27,JPM,7.2e-05,0.608231
2023-06-28,JPM,-0.004382,0.601184
2023-06-29,JPM,0.034923,0.657102
2023-06-30,JPM,0.014014,0.680325
2023-07-03,JPM,0.008045,0.693842
2023-07-05,JPM,-0.006662,0.682558
2023-07-06,JPM,-0.009887,0.665923
2023-07-07,JPM,0.00789,0.679068
2023-07-10,JPM,0.005612,0.688491
2023-07-11,JPM,0.015639,0.714897
2023-07-12,JPM,0.004952,0.723389
2023-07-13,JPM,0.00486,0.731765
2023-07-14,JPM,0.006046,0.742234
2023-07-17,JPM,0.024104,0.784229
2023-07-18,JPM,0.001826,0.787486
2023-07-19,JPM,0.003839,0.794349
2023-07-20,JPM,0.012317,0.816451
2023-07-21,JPM,-0.007685,0.802492
2023-07-24,JPM,0.019683,0.837971
2023-07-25,JPM,-0.007468,0.824245
2023-07-26,JPM,0.005994,0.835179
2023-07-27,JPM,-0.011029,0.814939
2023-07-28,JPM,0.005705,0.825292
2023-07-31,JPM,0.006692,0.837506
2023-08-01,JPM,-0.004938,0.828433
2023-08-02,JPM,-0.011325,0.807727
2023-08-03,JPM,0.006113,0.818778
2023-08-04,JPM,-0.002111,0.814939
2023-08-07,JPM,0.004743,0.823547
2023-08-08,JPM,-0.005614,0.81331
2023-08-09,JPM,-0.013408,0.788998
2023-08-10,JPM,-0.001496,0.786322
2023-08-11,JPM,0.005796,0.796675
2023-08-14,JPM,0.002072,0.800398
2023-08-15,JPM,-0.025457,0.754565
2023-08-16,JPM,-0.004243,0.74712
2023-08-17,JPM,-0.010387,0.728973
2023-08-18,JPM,0.002287,0.732928
2023-08-21,JPM,0.003423,0.73886
2023-08-22,JPM,-0.020738,0.702799
2023-08-23,JPM,0.006763,0.714315
2023-08-24,JPM,-0.00095,0.712687
2023-08-25,JPM,-0.001223,0.710593
2023-08-28,JPM,0.003468,0.716526
2023-08-29,JPM,0.008132,0.730485
2023-08-30,JPM,-0.004033,0.723505
2023-08-31,JPM,-0.012351,0.702218
2023-09-01,JPM,0.003349,0.707918
2023-09-05,JPM,-0.011034,0.689072
2023-09-06,JPM,-0.001653,0.686281
2023-09-07,JPM,-0.008554,0.671856
2023-09-08,JPM,0.000765,0.673136
2023-09-11,JPM,0.00438,0.680464
2023-09-12,JPM,0.013014,0.702334
2023-09-13,JPM,0.000479,0.703148
2023-09-14,JPM,0.019397,0.736185
2023-09-15,JPM,-0.002948,0.731067
2023-09-18,JPM,0.002083,0.734673
2023-09-19,JPM,-0.001274,0.732462
2023-09-20,JPM,-0.00423,0.725134
2023-09-21,JPM,-0.007822,0.71164
2023-09-22,JPM,-0.009583,0.695238
2023-09-25,JPM,0.004941,0.703613
2023-09-26,JPM,-0.010379,0.685932
2023-09-27,JPM,0.005865,0.695819
2023-09-28,JPM,0.012416,0.716875
2023-09-29,JPM,-0.017413,0.686979
2023-10-02,JPM,-0.008619,0.672438
2023-10-03,JPM,-0.007373,0.660107
2023-10-04,JPM,0.004485,0.667552
2023-10-05,JPM,0.004216,0.674583
2023-10-06,JPM,0.015395,0.700364
2023-10-09,JPM,-0.002274,0.696497
2023-10-10,JPM,0.006079,0.706809
2023-10-11,JPM,0.003433,0.712669
2023-10-12,JPM,-0.002326,0.708684
2023-10-13,JPM,0.015019,0.734348
2023-10-16,JPM,-0.001013,0.73259
2023-10-17,JPM,-0.002164,0.72884
2023-10-18,JPM,-0.010981,0.709856
2023-10-19,JPM,-0.004249,0.702591
2023-10-20,JPM,-0.016106,0.675169
2023-10-23,JPM,-0.013641,0.652318
2023-10-24,JPM,0.001206,0.65431
2023-10-25,JPM,-0.005455,0.645287
2023-10-26,JPM,0.002564,0.649506
2023-10-27,JPM,-0.036019,0.590092
2023-10-30,JPM,0.01275,0.610365
2023-10-31,JPM,0.011934,0.629584
2023-11-01,JPM,-0.000863,0.628178
2023-11-02,JPM,0.017849,0.65724
2023-11-03,JPM,0.011172,0.675755
2023-11-06,JPM,0.007552,0.688411
2023-11-07,JPM,-0.000486,0.687591
2023-11-08,JPM,0.00493,0.695911
2023-11-09,JPM,-0.002971,0.690872
2023-11-10,JPM,0.014831,0.71595
2023-11-13,JPM,-0.004439,0.708333
2023-11-14,JPM,0.018247,0.739504
2023-11-15,JPM,0.008758,0.754739
2023-11-16,JPM,0.01142,0.774777
2023-11-17,JPM,0.009046,0.790831
2023-11-20,JPM,0.003075,0.796339
2023-11-21,JPM,-0.002087,0.79259
2023-11-22,JPM,0.002353,0.796808
2023-11-24,JPM,0.00137,0.799269
2023-11-27,JPM,-0.00228,0.795167
2023-11-28,JPM,0.002285,0.799269
2023-11-29,JPM,0.00508,0.808409
2023-11-30,JPM,0.011405,0.829034
2023-12-01,JPM,0.004869,0.83794
2023-12-04,JPM,0.007332,0.851416
2023-12-05,JPM,-0.000126,0.851182
2023-12-06,JPM,-0.010508,0.831729
2023-12-07,JPM,0.003071,0.837354
2023-12-08,JPM,0.011034,0.857628
2023-12-11,JPM,0.003659,0.864424
2023-12-12,JPM,0.008925,0.881065
2023-12-13,JPM,0.003364,0.887392
2023-12-14,JPM,0.018192,0.921728
2023-12-15,JPM,0.007561,0.936259
2023-12-18,JPM,0.006052,0.947978
2023-12-19,JPM,0.013355,0.973993
2023-12-20,JPM,-0.011279,0.951727
2023-12-21,JPM,0.005704,0.96286
2023-12-22,JPM,-0.000597,0.961688
2023-12-26,JPM,0.005914,0.973289
2023-12-27,JPM,0.005998,0.985125
2023-12-28,JPM,0.005313,0.995672
2023-12-29,JPM,-0.001174,0.993328
2024-01-02,JPM,0.01164,1.016531
2024-01-03,JPM,-0.004359,1.007742
2024-01-04,JPM,0.006636,1.021066
2024-01-05,JPM,0.005017,1.031206
2024-01-08,JPM,-0.001451,1.028258
2024-01-09,JPM,-0.007906,1.012223
2024-01-10,JPM,0.002109,1.016467
2024-01-11,JPM,-0.00421,1.007978
2024-01-12,JPM,-0.00734,0.993239
2024-01-16,JPM,-0.00627,0.980741
2024-01-17,JPM,-0.005357,0.97013
2024-01-18,JPM,0.001975,0.97402
2024-01-19,JPM,0.017262,1.008096
2024-01-22,JPM,-0.001174,1.005738
2024-01-23,JPM,-0.006584,0.992532
2024-01-24,JPM,0.008935,1.010336
2024-01-25,JPM,0.014311,1.039106
2024-01-26,JPM,-0.003816,1.031324
2024-01-29,JPM,0.002612,1.03663
2024-01-30,JPM,0.020495,1.078369
2024-01-31,JPM,-0.010836,1.055849
2024-02-01,JPM,-0.003613,1.04842
2024-02-02,JPM,0.005756,1.060211
2024-02-05,JPM,-0.001316,1.0575
2024-02-06,JPM,0.003438,1.064574
2024-02-07,JPM,0.001884,1.068465
2024-02-08,JPM,-0.003591,1.061037
2024-02-09,JPM,0.001201,1.063512
2024-02-12,JPM,0.004457,1.07271
2024-02-13,JPM,-0.008704,1.05467
2024-02-14,JPM,0.010157,1.075539
2024-02-15,JPM,0.021814,1.120816
2024-02-16,JPM,-0.00467,1.110912
2024-02-20,JPM,0.00391,1.119165
2024-02-21,JPM,0.00651,1.132961
2024-02-22,JPM,0.011996,1.158547
2024-02-23,JPM,0.005026,1.169395
2024-02-26,JPM,-0.003424,1.161966
2024-02-27,JPM,0.000491,1.163027
2024-02-28,JPM,0.005069,1.173993
2024-02-29,JPM,0.009112,1.193801
2024-03-01,JPM,-0.004138,1.184722
2024-03-04,JPM,0.007502,1.201112
2024-03-05,JPM,0.010017,1.223161
2024-03-06,JPM,0.005197,1.234715
2024-03-07,JPM,-0.008758,1.215143
2024-03-08,JPM,0.001863,1.21927
2024-03-11,JPM,0.000372,1.220095
2024-03-12,JPM,0.008232,1.238371
2024-03-13,JPM,0.008112,1.256529
2024-03-14,JPM,-0.017818,1.216322
2024-03-15,JPM,0.012396,1.243795
2024-03-18,JPM,0.012401,1.271621
2024-03-19,JPM,0.005865,1.284944
2024-03-20,JPM,0.013107,1.314893
2024-03-21,JPM,0.013905,1.347082
2024-03-22,JPM,-0.012258,1.318313
2024-03-25,JPM,-0.009155,1.297089
2024-03-26,JPM,0.004671,1.307819
2024-03-27,JPM,0.019364,1.352506
2024-03-28,JPM,0.003909,1.361703
2024-04-01,JPM,-0.00679,1.345667
2024-04-02,JPM,-0.000402,1.344724
2024-04-03,JPM,-0.002816,1.338121
2024-04-04,JPM,-0.007608,1.320332
2024-04-05,JPM,0.0092,1.341679
2024-04-08,JPM,0.005217,1.353894
2024-04-09,JPM,-0.006701,1.338121
2024-04-10,JPM,-0.008521,1.318197
2024-04-11,JPM,-0.000205,1.317722
2024-04-12,JPM,-0.064678,1.167817
2024-04-15,JPM,0.000547,1.169003
2024-04-16,JPM,-0.011428,1.144217
2024-04-17,JPM,-0.003982,1.135678
2024-04-18,JPM,0.006497,1.149554
2024-04-19,JPM,0.025103,1.203515
2024-04-22,JPM,0.019429,1.246327
2024-04-23,JPM,0.014413,1.278705
2024-04-24,JPM,0.004892,1.289853
2024-04-25,JPM,0.001502,1.293292
2024-04-26,JPM,0.000621,1.294715
2024-04-29,JPM,-0.001085,1.292224
2024-04-30,JPM,-0.007968,1.273961
2024-05-01,JPM,0.000626,1.275384
2024-05-02,JPM,-0.001042,1.273012
2024-05-03,JPM,-0.006,1.259373
2024-05-06,JPM,0.007821,1.277044
2024-05-07,JPM,-0.001302,1.274079
2024-05-08,JPM,0.020339,1.320332
2024-05-09,JPM,0.009456,1.342272
2024-05-10,JPM,0.00643,1.357334
2024-05-13,JPM,-0.000201,1.356859
2024-05-14,JPM,0.013989,1.389829
2024-05-15,JPM,0.002977,1.396945
2024-05-16,JPM,0.001781,1.401214
2024-05-17,JPM,0.011459,1.428729
2024-05-20,JPM,-0.044973,1.319502
2024-05-21,JPM,0.020145,1.366229
2024-05-22,JPM,-0.006065,1.351878
2024-05-23,JPM,-0.007009,1.335393
2024-05-24,JPM,0.019247,1.380342
2024-05-28,JPM,-0.006029,1.365991
2024-05-29,JPM,-0.006967,1.349507
2024-05-30,JPM,0.006158,1.363975
2024-05-31,JPM,0.016555,1.403112
2024-06-03,JPM,-0.003997,1.393506
2024-06-04,JPM,-0.01318,1.361959
2024-06-05,JPM,-0.00954,1.339425
2024-06-06,JPM,-0.001774,1.335275
2024-06-07,JPM,0.015438,1.371328
2024-06-10,JPM,-0.0017,1.367296
2024-06-11,JPM,-0.026301,1.305033
2024-06-12,JPM,-0.014561,1.27147
2024-06-13,JPM,0.011121,1.296731
2024-06-14,JPM,0.00062,1.298154
2024-06-17,JPM,0.006193,1.312386
2024-06-18,JPM,0.01036,1.336342
2024-06-20,JPM,0.008477,1.356148
2024-06-21,JPM,-0.011929,1.328041
2024-06-24,JPM,0.013143,1.358639
2024-06-25,JPM,-0.004073,1.349032
2024-06-26,JPM,-0.003231,1.341442
2024-06-27,JPM,0.008813,1.362078
2024-06-28,JPM,0.015514,1.398723
2024-07-01,JPM,0.015772,1.436556
2024-07-02,JPM,0.016452,1.476641
2024-07-03,JPM,-0.000671,1.474981
2024-07-05,JPM,-0.01325,1.442186
2024-07-08,JPM,0.001856,1.446718
2024-07-09,JPM,0.01199,1.476054
2024-07-10,JPM,0.000819,1.478081
2024-07-11,JPM,-0.001684,1.473907
2024-07-12,JPM,-0.012099,1.443975
2024-07-15,JPM,0.024934,1.504913
2024-07-16,JPM,0.016996,1.547487
2024-07-17,JPM,0.015214,1.586244
2024-07-18,JPM,-0.03177,1.504079
2024-07-19,JPM,-0.000952,1.501694
2024-07-22,JPM,0.002383,1.507656
2024-07-23,JPM,0.000238,1.508253
2024-07-24,JPM,-0.008273,1.487503
2024-07-25,JPM,0.000383,1.488457
2024-07-26,JPM,0.017108,1.53103
2024-07-29,JPM,-0.006549,1.514454
2024-07-30,JPM,0.020583,1.56621
2024-07-31,JPM,-0.011107,1.537708
2024-08-01,JPM,-0.022744,1.47999
2024-08-02,JPM,-0.042412,1.374808
2024-08-05,JPM,-0.021291,1.324245
2024-08-06,JPM,0.027912,1.389119
2024-08-07,JPM,0.0003,1.389834
2024-08-08,JPM,0.018263,1.433481
2024-08-09,JPM,0.008527,1.454231
2024-08-12,JPM,0.001895,1.458882
2024-08-13,JPM,0.008487,1.479751
2024-08-14,JPM,0.011061,1.507179
2024-08-15,JPM,0.006231,1.522802
2024-08-16,JPM,0.011439,1.551661
2024-08-19,JPM,0.006917,1.56931
2024-08-20,JPM,-0.004317,1.55822
2024-08-21,JPM,0.000373,1.559174
2024-08-22,JPM,0.00946,1.583382
2024-08-23,JPM,0.007755,1.603417
2024-08-26,JPM,0.003939,1.613673
2024-08-27,JPM,0.004608,1.625717
2024-08-28,JPM,0.005041,1.638954
2024-08-29,JPM,0.004157,1.649925
2024-08-30,JPM,0.011656,1.680812
2024-09-03,JPM,-0.020018,1.627148
2024-09-04,JPM,-0.004403,1.61558
2024-09-05,JPM,-0.007751,1.595307
2024-09-06,JPM,-0.023756,1.533654
2024-09-09,JPM,0.020474,1.585529
2024-09-10,JPM,-0.051889,1.451369
2024-09-11,JPM,0.008124,1.471284
2024-09-12,JPM,-0.00304,1.463772
2024-09-13,JPM,-0.011036,1.436582
2024-09-16,JPM,0.017326,1.478797
2024-09-17,JPM,0.006687,1.495373
2024-09-18,JPM,-0.00822,1.474862
2024-09-19,JPM,0.014215,1.510041
2024-09-20,JPM,0.002898,1.517316
2024-09-23,JPM,0.001658,1.52149
2024-09-24,JPM,0.000709,1.523279
2024-09-25,JPM,-0.006617,1.506583
2024-09-26,JPM,-0.001951,1.501694
2024-09-27,JPM,0.003432,1.51028
2024-09-30,JPM,0.00171,1.514573
2024-10-01,JPM,-0.018116,1.469018
2024-10-02,JPM,0.001208,1.472
2024-10-03,JPM,-0.009938,1.447434
2024-10-04,JPM,0.035494,1.534302
2024-10-07,JPM,-0.001373,1.530822
2024-10-08,JPM,-0.000853,1.528663
2024-10-09,JPM,0.012669,1.560699
2024-10-10,JPM,-0.002718,1.553739
2024-10-11,JPM,0.0444,1.667124
2024-10-14,JPM,-0.003644,1.657405
2024-10-15,JPM,0.004109,1.668324
2024-10-16,JPM,0.005621,1.683322
2024-10-17,JPM,0.003488,1.692681
2024-10-18,JPM,0.004233,1.704079
2024-10-21,JPM,-0.010516,1.675643
2024-10-22,JPM,0.005022,1.689081
2024-10-23,JPM,-0.003168,1.680562
2024-10-24,JPM,0.007028,1.6994
2024-10-25,JPM,-0.011868,1.667364
2024-10-28,JPM,0.014349,1.705639
2024-10-29,JPM,-0.01153,1.674443
2024-10-30,JPM,0.006774,1.692561
2024-10-31,JPM,-0.011096,1.662685
2024-11-01,JPM,0.004596,1.674923
2024-11-04,JPM,-0.014174,1.637008
2024-11-05,JPM,0.007781,1.657526
2024-11-06,JPM,0.115445,1.964324
2024-11-07,JPM,-0.043228,1.836182
2024-11-08,JPM,0.002538,1.843381
2024-11-11,JPM,0.009748,1.871097
2024-11-12,JPM,0.001128,1.874337
2024-11-13,JPM,0.006679,1.893534
2024-11-14,JPM,0.002944,1.902053
2024-11-15,JPM,0.014223,1.943327
2024-11-18,JPM,-0.001141,1.939968
2024-11-19,JPM,-0.007917,1.916691
2024-11-20,JPM,-0.009503,1.888974
2024-11-21,JPM,0.01653,1.936728
2024-11-22,JPM,0.015484,1.982202
2024-11-25,JPM,0.007001,2.003079
2024-11-26,JPM,-0.001278,1.99924
2024-11-27,JPM,-0.00072,1.99708
2024-11-29,JPM,-0.00028,1.99624
2024-12-02,JPM,-0.013896,1.954606
2024-12-03,JPM,-0.005807,1.937448
2024-12-04,JPM,-0.0058,1.92041
2024-12-05,JPM,0.008546,1.945367
2024-12-06,JPM,0.007658,1.967924
2024-12-09,JPM,-0.014352,1.925329
2024-12-10,JPM,-0.003896,1.913931
2024-12-11,JPM,0.002759,1.92197
2024-12-12,JPM,-0.008213,1.897973
2024-12-13,JPM,-0.006583,1.878896
2024-12-16,JPM,-0.0015,1.874576
2024-12-17,JPM,-0.005092,1.859938
2024-12-18,JPM,-0.033521,1.764071
2024-12-19,JPM,0.011243,1.795147
2024-12-20,JPM,0.019918,1.85082
2024-12-23,JPM,0.003325,1.860299
2024-12-24,JPM,0.016444,1.907332
2024-12-26,JPM,0.003425,1.917291
2024-12-27,JPM,-0.008102,1.893654
2024-12-30,JPM,-0.007671,1.871457
2019-01-03,JNJ,-0.01589,-0.01589
2019-01-04,JNJ,0.016783,0.000626
2019-01-07,JNJ,-0.006415,-0.005793
2019-01-08,JNJ,0.023226,0.017299
2019-01-09,JNJ,-0.007925,0.009237
2019-01-10,JNJ,0.00605,0.015342
2019-01-11,JNJ,0.000308,0.015656
2019-01-14,JNJ,-0.011329,0.004149
2019-01-15,JNJ,0.008419,0.012603
2019-01-16,JNJ,-0.010204,0.00227
2019-01-17,JNJ,0.008201,0.010489
2019-01-18,JNJ,0.012395,0.023014
2019-01-22,JNJ,-0.014462,0.008219
2019-01-23,JNJ,0.0,0.008219
2019-01-24,JNJ,-0.013742,-0.005636
2019-01-25,JNJ,0.009447,0.003757
2019-01-28,JNJ,0.005927,0.009707
2019-01-29,JNJ,0.010388,0.020196
2019-01-30,JNJ,0.010051,0.03045
2019-01-31,JNJ,0.010939,0.041722
2019-02-01,JNJ,0.008416,0.050489
2019-02-04,JNJ,-0.009836,0.040156
2019-02-05,JNJ,0.0,0.040156
2019-02-06,JNJ,0.000903,0.041096
2019-02-07,JNJ,-0.007143,0.033659
2019-02-08,JNJ,0.002651,0.036399
2019-02-11,JNJ,-0.003021,0.033268
2019-02-12,JNJ,0.016364,0.050176
2019-02-13,JNJ,0.002162,0.052446
2019-02-14,JNJ,-0.001042,0.05135
2019-02-15,JNJ,0.015413,0.067554
2019-02-19,JNJ,-0.005059,0.062153
2019-02-20,JNJ,0.004864,0.067319
2019-02-21,JNJ,-0.006821,0.060039
2019-02-22,JNJ,0.008713,0.069276
2019-02-25,JNJ,0.003685,0.073216
2019-02-26,JNJ,-0.000661,0.072506
2019-02-27,JNJ,-0.001763,0.070615
2019-02-28,JNJ,0.005668,0.076683
2019-03-01,JNJ,0.012514,0.090157
2019-03-04,JNJ,0.000939,0.091181
2019-03-05,JNJ,0.002095,0.093467
2019-03-06,JNJ,0.002306,0.095988
2019-03-07,JNJ,-0.006111,0.08929
2019-03-08,JNJ,-0.001302,0.087872
2019-03-11,JNJ,0.003622,0.091812
2019-03-12,JNJ,0.004474,0.096697
2019-03-13,JNJ,0.001652,0.098509
2019-03-14,JNJ,-0.00997,0.087557
2019-03-15,JNJ,-0.003043,0.084248
2019-03-18,JNJ,-0.003125,0.080859
2019-03-19,JNJ,0.009259,0.090866
2019-03-20,JNJ,-0.008307,0.081805
2019-03-21,JNJ,0.0059,0.088188
2019-03-22,JNJ,-0.008617,0.07881
2019-03-25,JNJ,-0.002191,0.076446
2019-03-26,JNJ,0.014348,0.091891
2019-03-27,JNJ,0.000938,0.092915
2019-03-28,JNJ,0.001298,0.094333
2019-03-29,JNJ,0.006552,0.101504
2019-04-01,JNJ,-0.005795,0.095121
2019-04-02,JNJ,-0.009138,0.085114
2019-04-03,JNJ,-0.003921,0.080859
2019-04-04,JNJ,-0.011664,0.068252
2019-04-05,JNJ,0.004499,0.073058
2019-04-08,JNJ,-0.000294,0.072743
2019-04-09,JNJ,-0.004187,0.068252
2019-04-10,JNJ,7.4e-05,0.06833
2019-04-11,JNJ,-0.002729,0.065415
2019-04-12,JNJ,0.005695,0.071482
2019-04-15,JNJ,0.003971,0.075737
2019-04-16,JNJ,0.010987,0.087557
2019-04-17,JNJ,0.003623,0.091497
2019-04-18,JNJ,-0.007219,0.083617
2019-04-22,JNJ,0.002254,0.08606
2019-04-23,JNJ,0.015019,0.102371
2019-04-24,JNJ,-0.005004,0.096855
2019-04-25,JNJ,0.003233,0.100401
2019-04-26,JNJ,0.005299,0.106232
2019-04-29,JNJ,-0.003918,0.101898
2019-04-30,JNJ,0.009725,0.112614
2019-05-01,JNJ,0.005311,0.118524
2019-05-02,JNJ,-0.00472,0.113245
2019-05-03,JNJ,0.005167,0.118997
2019-05-06,JNJ,0.000564,0.119627
2019-05-07,JNJ,-0.01492,0.102922
2019-05-08,JNJ,-0.001286,0.101504
2019-05-09,JNJ,-0.007583,0.093151
2019-05-10,JNJ,0.002306,0.095673
2019-05-13,JNJ,-0.013304,0.081096
2019-05-14,JNJ,-0.00277,0.078101
2019-05-15,JNJ,0.000658,0.07881
2019-05-16,JNJ,0.009495,0.089054
2019-05-17,JNJ,0.002894,0.092206
2019-05-20,JNJ,-0.001371,0.090709
2019-05-21,JNJ,-0.002167,0.088345
2019-05-22,JNJ,0.004634,0.093388
2019-05-23,JNJ,0.007423,0.101504
2019-05-24,JNJ,7.2e-05,0.101583
2019-05-28,JNJ,-0.01282,0.087461
2019-05-29,JNJ,-0.041876,0.041922
2019-05-30,JNJ,0.005939,0.04811
2019-05-31,JNJ,-0.007266,0.040494
2019-06-03,JNJ,0.002211,0.042795
2019-06-04,JNJ,0.017422,0.060963
2019-06-05,JNJ,0.004861,0.06612
2019-06-06,JNJ,0.017115,0.084367
2019-06-07,JNJ,0.013682,0.099203
2019-06-10,JNJ,0.003392,0.102932
2019-06-11,JNJ,0.005467,0.108961
2019-06-12,JNJ,0.013593,0.124036
2019-06-13,JNJ,-0.006847,0.11634
2019-06-14,JNJ,-0.004407,0.11142
2019-06-17,JNJ,-0.004639,0.106264
2019-06-18,JNJ,0.005666,0.112532
2019-06-19,JNJ,0.001568,0.114277
2019-06-20,JNJ,0.012532,0.12824
2019-06-21,JNJ,-0.000844,0.127288
2019-06-24,JNJ,0.006827,0.134984
2019-06-25,JNJ,0.008248,0.144345
2019-06-26,JNJ,-0.016569,0.125384
2019-06-27,JNJ,-0.008178,0.116181
2019-06-28,JNJ,-0.010022,0.104995
2019-07-01,JNJ,0.000574,0.105629
2019-07-02,JNJ,0.004808,0.110945
2019-07-03,JNJ,0.015068,0.127685
2019-07-05,JNJ,-0.011045,0.115229
2019-07-08,JNJ,0.002846,0.118403
2019-07-09,JNJ,0.003121,0.121893
2019-07-10,JNJ,-0.001415,0.120306
2019-07-11,JNJ,-0.00779,0.11158
2019-07-12,JNJ,-0.041467,0.065485
2019-07-15,JNJ,0.003052,0.068738
2019-07-16,JNJ,-0.016405,0.051205
2019-07-17,JNJ,-0.00483,0.046127
2019-07-18,JNJ,0.001593,0.047793
2019-07-19,JNJ,-0.013326,0.03383
2019-07-22,JNJ,-0.012816,0.020581
2019-07-23,JNJ,0.001555,0.022168
2019-07-24,JNJ,0.007296,0.029625
2019-07-25,JNJ,0.010325,0.040256
2019-07-26,JNJ,-0.002974,0.037162
2019-07-29,JNJ,0.017517,0.05533
2019-07-30,JNJ,-0.007067,0.047873
2019-07-31,JNJ,-0.014082,0.033116
2019-08-01,JNJ,0.000538,0.033672
2019-08-02,JNJ,0.005986,0.03986
2019-08-05,JNJ,-0.006943,0.03264
2019-08-06,JNJ,0.004687,0.03748
2019-08-07,JNJ,-0.004282,0.033037
2019-08-08,JNJ,0.011289,0.044699
2019-08-09,JNJ,0.002734,0.047555
2019-08-12,JNJ,-0.000833,0.046682
2019-08-13,JNJ,0.011294,0.058504
2019-08-14,JNJ,-0.023684,0.033433
2019-08-15,JNJ,0.002149,0.035655
2019-08-16,JNJ,0.006282,0.042161
2019-08-19,JNJ,0.006775,0.049221
2019-08-20,JNJ,-0.012476,0.036131
2019-08-21,JNJ,0.007121,0.043509
2019-08-22,JNJ,-0.001977,0.041447
2019-08-23,JNJ,-0.026967,0.013361
2019-08-26,JNJ,0.008045,0.021514
2019-08-27,JNJ,0.014397,0.036221
2019-08-28,JNJ,-0.007405,0.028548
2019-08-29,JNJ,-0.003419,0.025031
2019-08-30,JNJ,0.000936,0.02599
2019-09-03,JNJ,0.00296,0.029028
2019-09-04,JNJ,0.000932,0.029987
2019-09-05,JNJ,-0.002173,0.027749
2019-09-06,JNJ,-0.002878,0.024791
2019-09-09,JNJ,-0.009828,0.01472
2019-09-10,JNJ,0.020481,0.035502
2019-09-11,JNJ,0.012505,0.048451
2019-09-12,JNJ,-0.005642,0.042536
2019-09-13,JNJ,0.002684,0.045334
2019-09-16,JNJ,-0.009482,0.035422
2019-09-17,JNJ,0.001004,0.036461
2019-09-18,JNJ,0.005707,0.042376
2019-09-19,JNJ,-0.0023,0.039978
2019-09-20,JNJ,0.011836,0.052287
2019-09-23,JNJ,0.000684,0.053007
2019-09-24,JNJ,-0.001442,0.051488
2019-09-25,JNJ,-0.004257,0.047012
2019-09-26,JNJ,-0.016337,0.029907
2019-09-27,JNJ,-0.00194,0.027909
2019-09-30,JNJ,0.006065,0.034143
2019-10-01,JNJ,0.004715,0.039019
2019-10-02,JNJ,0.015463,0.055085
2019-10-03,JNJ,-0.006136,0.048611
2019-10-04,JNJ,0.018828,0.068354
2019-10-07,JNJ,-0.003741,0.064357
2019-10-08,JNJ,-0.009913,0.053806
2019-10-09,JNJ,-0.019873,0.032865
2019-10-10,JNJ,-0.001238,0.031586
2019-10-11,JNJ,0.017589,0.04973
2019-10-14,JNJ,-0.004645,0.044854
2019-10-15,JNJ,0.016218,0.061799
2019-10-16,JNJ,0.01754,0.080423
2019-10-17,JNJ,0.007398,0.088416
2019-10-18,JNJ,-0.062201,0.020715
2019-10-21,JNJ,0.002506,0.023273
2019-10-22,JNJ,0.009217,0.032705
2019-10-23,JNJ,0.005418,0.0383
2019-10-24,JNJ,-0.018476,0.019116
2019-10-25,JNJ,0.006667,0.025911
2019-10-28,JNJ,0.006467,0.032545
2019-10-29,JNJ,-0.000464,0.032065
2019-10-30,JNJ,0.02881,0.061799
2019-10-31,JNJ,-0.006022,0.055405
2019-11-01,JNJ,-0.006362,0.048691
2019-11-04,JNJ,-0.007393,0.040937
2019-11-05,JNJ,0.001459,0.042456
2019-11-06,JNJ,0.004141,0.046773
2019-11-07,JNJ,0.003589,0.050529
2019-11-08,JNJ,0.011946,0.063078
2019-11-11,JNJ,-0.007669,0.054925
2019-11-12,JNJ,-0.004773,0.04989
2019-11-13,JNJ,-0.000609,0.04925
2019-11-14,JNJ,-0.002361,0.046773
2019-11-15,JNJ,0.030391,0.078585
2019-11-18,JNJ,-0.000815,0.077706
2019-11-19,JNJ,-7.4e-05,0.077626
2019-11-20,JNJ,0.008307,0.086578
2019-11-21,JNJ,0.003678,0.090574
2019-11-22,JNJ,0.011947,0.103603
2019-11-25,JNJ,0.000437,0.104086
2019-11-26,JNJ,-7.3e-05,0.104006
2019-11-27,JNJ,0.004228,0.108674
2019-11-29,JNJ,-0.001887,0.106581
2019-12-02,JNJ,-0.000946,0.105535
2019-12-03,JNJ,-0.001456,0.103925
2019-12-04,JNJ,0.016186,0.121793
2019-12-05,JNJ,0.001291,0.123241
2019-12-06,JNJ,0.005876,0.129841
2019-12-09,JNJ,0.000855,0.130807
2019-12-10,JNJ,-0.00363,0.126702
2019-12-11,JNJ,0.007072,0.13467
2019-12-12,JNJ,0.002554,0.137568
2019-12-13,JNJ,0.000283,0.13789
2019-12-16,JNJ,0.0029,0.141189
2019-12-17,JNJ,0.012483,0.155435
2019-12-18,JNJ,-0.002577,0.152457
2019-12-19,JNJ,0.015085,0.169842
2019-12-20,JNJ,0.004885,0.175557
2019-12-23,JNJ,0.002601,0.178614
2019-12-24,JNJ,-0.003482,0.17451
2019-12-26,JNJ,-0.000685,0.173705
2019-12-27,JNJ,-0.000549,0.173061
2019-12-30,JNJ,-0.003087,0.169439
2019-12-31,JNJ,0.003923,0.174027
2020-01-02,JNJ,0.000685,0.174831
2020-01-03,JNJ,-0.011577,0.16123
2020-01-06,JNJ,-0.001247,0.159782
2020-01-07,JNJ,0.006107,0.166864
2020-01-08,JNJ,-0.000138,0.166703
2020-01-09,JNJ,0.002966,0.170164
2020-01-10,JNJ,-0.00227,0.167508
2020-01-13,JNJ,0.004412,0.172659
2020-01-14,JNJ,0.005628,0.179259
2020-01-15,JNJ,0.003344,0.183202
2020-01-16,JNJ,0.008095,0.19278
2020-01-17,JNJ,0.006545,0.200587
2020-01-21,JNJ,0.00067,0.201392
2020-01-22,JNJ,-0.006833,0.193183
2020-01-23,JNJ,0.001888,0.195436
2020-01-24,JNJ,-0.001414,0.193746
2020-01-27,JNJ,0.002899,0.197207
2020-01-28,JNJ,0.005042,0.203243
2020-01-29,JNJ,0.006957,0.211613
2020-01-30,JNJ,-0.001196,0.210165
2020-01-31,JNJ,-0.00991,0.198172
2020-02-03,JNJ,0.008733,0.208636
2020-02-04,JNJ,0.009523,0.220145
2020-02-05,JNJ,0.015765,0.239381
2020-02-06,JNJ,-0.002987,0.235678
2020-02-07,JNJ,-0.010682,0.222479
2020-02-10,JNJ,-0.000198,0.222237
2020-02-11,JNJ,0.000856,0.223284
2020-02-12,JNJ,-0.005922,0.21604
2020-02-13,JNJ,-0.006619,0.207991
2020-02-14,JNJ,0.000267,0.208313
2020-02-18,JNJ,-0.006594,0.200346
2020-02-19,JNJ,-0.001341,0.198736
2020-02-20,JNJ,-0.003827,0.194148
2020-02-21,JNJ,0.010514,0.206704
2020-02-24,JNJ,-0.020606,0.181838
2020-02-25,JNJ,-0.008636,0.171632
2020-02-26,JNJ,-0.006706,0.163775
2020-02-27,JNJ,-0.031737,0.12684
2020-02-28,JNJ,-0.033353,0.089257
2020-03-02,JNJ,0.041196,0.13413
2020-03-03,JNJ,-0.031638,0.098248
2020-03-04,JNJ,0.05819,0.162155
2020-03-05,JNJ,-0.010245,0.150248
2020-03-06,JNJ,0.000141,0.150411
2020-03-09,JNJ,-0.039358,0.105132
2020-03-10,JNJ,0.038112,0.147252
2020-03-11,JNJ,-0.069472,0.06755
2020-03-12,JNJ,-0.048483,0.015792
2020-03-13,JNJ,0.070808,0.087718
2020-03-16,JNJ,-0.053317,0.029724
2020-03-17,JNJ,0.074412,0.106348
2020-03-18,JNJ,-0.011934,0.093145
2020-03-19,JNJ,-0.05861,0.029076
2020-03-20,JNJ,-0.056356,-0.028919
2020-03-23,JNJ,-0.072984,-0.099792
2020-03-24,JNJ,0.072341,-0.034669
2020-03-25,JNJ,0.001846,-0.032888
2020-03-26,JNJ,0.06005,0.025188
2020-03-27,JNJ,-0.026942,-0.002432
2020-03-30,JNJ,0.079977,0.07735
2020-03-31,JNJ,-0.014134,0.062123
2020-04-01,JNJ,-0.017692,0.043331
2020-04-02,JNJ,0.033693,0.078484
2020-04-03,JNJ,0.00766,0.086746
2020-04-06,JNJ,0.041664,0.132024
2020-04-07,JNJ,-0.016314,0.113556
2020-04-08,JNJ,0.042043,0.160373
2020-04-09,JNJ,-0.01417,0.143931
2020-04-13,JNJ,-0.010338,0.132105
2020-04-14,JNJ,0.044788,0.182809
2020-04-15,JNJ,0.011162,0.196012
2020-04-16,JNJ,0.013613,0.212293
2020-04-17,JNJ,0.015701,0.231327
2020-04-20,JNJ,-0.002302,0.228492
2020-04-21,JNJ,-0.013121,0.212374
2020-04-22,JNJ,0.022114,0.239183
2020-04-23,JNJ,0.016472,0.259595
2020-04-24,JNJ,-0.00418,0.25433
2020-04-27,JNJ,-0.003681,0.249713
2020-04-28,JNJ,-0.018796,0.226224
2020-04-29,JNJ,-0.007596,0.216909
2020-04-30,JNJ,-0.001331,0.21529
2020-05-01,JNJ,-0.011664,0.201115
2020-05-04,JNJ,-0.000135,0.200953
2020-05-05,JNJ,0.008296,0.210915
2020-05-06,JNJ,-0.009498,0.199414
2020-05-07,JNJ,-0.003309,0.195445
2020-05-08,JNJ,0.00752,0.204436
2020-05-11,JNJ,0.002757,0.207757
2020-05-12,JNJ,-0.013212,0.1918
2020-05-13,JNJ,-6.8e-05,0.191719
2020-05-14,JNJ,0.003466,0.19585
2020-05-15,JNJ,0.018965,0.218529
2020-05-18,JNJ,0.000532,0.219178
2020-05-19,JNJ,-0.009966,0.207028
2020-05-20,JNJ,-0.008992,0.196174
2020-05-21,JNJ,-0.006568,0.188318
2020-05-22,JNJ,-0.009129,0.17747
2020-05-26,JNJ,0.001316,0.17902
2020-05-27,JNJ,0.002283,0.181711
2020-05-28,JNJ,0.014356,0.198675
2020-05-29,JNJ,0.012111,0.213193
2020-06-01,JNJ,-0.010487,0.20047
2020-06-02,JNJ,0.007202,0.209115
2020-06-03,JNJ,0.002698,0.212377
2020-06-04,JNJ,-0.012916,0.196718
2020-06-05,JNJ,0.003885,0.201367
2020-06-08,JNJ,-0.003598,0.197044
2020-06-09,JNJ,-0.005519,0.190438
2020-06-10,JNJ,0.012606,0.205445
2020-06-11,JNJ,-0.046888,0.148924
2020-06-12,JNJ,0.009087,0.159364
2020-06-15,JNJ,-0.006332,0.152023
2020-06-16,JNJ,0.022726,0.178204
2020-06-17,JNJ,-0.003046,0.174615
2020-06-18,JNJ,-0.004235,0.16964
2020-06-19,JNJ,0.002928,0.173066
2020-06-22,JNJ,-0.003059,0.169477
2020-06-23,JNJ,-0.003696,0.165155
2020-06-24,JNJ,-0.02128,0.140361
2020-06-25,JNJ,-0.001073,0.139137
2020-06-26,JNJ,-0.013317,0.123967
2020-06-29,JNJ,0.008925,0.133999
2020-06-30,JNJ,0.011436,0.146967
2020-07-01,JNJ,-0.001778,0.144928
2020-07-02,JNJ,0.004203,0.14974
2020-07-06,JNJ,0.014258,0.166133
2020-07-07,JNJ,-0.000909,0.165073
2020-07-08,JNJ,0.00294,0.168498
2020-07-09,JNJ,-0.005444,0.162137
2020-07-10,JNJ,-0.000842,0.161158
2020-07-13,JNJ,0.019948,0.184321
2020-07-14,JNJ,0.018663,0.206423
2020-07-15,JNJ,0.002299,0.209196
2020-07-16,JNJ,0.006677,0.21727
2020-07-17,JNJ,0.00067,0.218086
2020-07-20,JNJ,0.001674,0.220126
2020-07-21,JNJ,0.000936,0.221267
2020-07-22,JNJ,0.001803,0.223469
2020-07-23,JNJ,-0.002666,0.220207
2020-07-24,JNJ,-0.009959,0.208055
2020-07-27,JNJ,-0.006346,0.200388
2020-07-28,JNJ,-0.002378,0.197534
2020-07-29,JNJ,-0.001975,0.195168
2020-07-30,JNJ,0.002047,0.197615
2020-07-31,JNJ,-0.007355,0.188807
2020-08-03,JNJ,0.010908,0.201774
2020-08-04,JNJ,-0.000882,0.200714
2020-08-05,JNJ,0.008015,0.210338
2020-08-06,JNJ,-0.005728,0.203406
2020-08-07,JNJ,0.007116,0.211969
2020-08-10,JNJ,-0.003835,0.207321
2020-08-11,JNJ,-0.007161,0.198675
2020-08-12,JNJ,0.018303,0.220615
2020-08-13,JNJ,-0.011092,0.207076
2020-08-14,JNJ,0.001622,0.209034
2020-08-17,JNJ,0.005059,0.21515
2020-08-18,JNJ,0.007383,0.224122
2020-08-19,JNJ,0.001999,0.226568
2020-08-20,JNJ,0.006849,0.234969
2020-08-21,JNJ,0.00885,0.245898
2020-08-24,JNJ,0.002636,0.249182
2020-08-25,JNJ,-0.000591,0.248443
2020-08-26,JNJ,0.001578,0.250414
2020-08-27,JNJ,0.004465,0.255997
2020-08-28,JNJ,0.004314,0.261415
2020-08-31,JNJ,-0.001497,0.259527
2020-09-01,JNJ,-0.01232,0.24401
2020-09-02,JNJ,0.015245,0.262975
2020-09-03,JNJ,-0.027823,0.227836
2020-09-04,JNJ,-0.006419,0.219954
2020-09-08,JNJ,-0.008951,0.209034
2020-09-09,JNJ,0.016569,0.229067
2020-09-10,JNJ,-0.018637,0.206161
2020-09-11,JNJ,0.005922,0.213304
2020-09-14,JNJ,0.003857,0.217984
2020-09-15,JNJ,0.00364,0.222417
2020-09-16,JNJ,-0.003291,0.218394
2020-09-17,JNJ,-0.008288,0.208295
2020-09-18,JNJ,0.013658,0.224798
2020-09-21,JNJ,-0.02735,0.1913
2020-09-22,JNJ,-0.006133,0.183993
2020-09-23,JNJ,0.001595,0.185881
2020-09-24,JNJ,0.001592,0.18777
2020-09-25,JNJ,0.006843,0.195898
2020-09-28,JNJ,0.009955,0.207803
2020-09-29,JNJ,-0.00034,0.207392
2020-09-30,JNJ,0.012376,0.222335
2020-10-01,JNJ,-0.010478,0.209527
2020-10-02,JNJ,-0.007331,0.20066
2020-10-05,JNJ,0.013608,0.216998
2020-10-06,JNJ,-0.01329,0.200824
2020-10-07,JNJ,0.011076,0.214125
2020-10-08,JNJ,0.00683,0.222417
2020-10-09,JNJ,0.013969,0.239494
2020-10-12,JNJ,0.005763,0.246637
2020-10-13,JNJ,-0.022919,0.218065
2020-10-14,JNJ,-0.001752,0.215931
2020-10-15,JNJ,-0.006145,0.20846
2020-10-16,JNJ,0.006183,0.215931
2020-10-19,JNJ,-0.025524,0.184896
2020-10-20,JNJ,0.001594,0.186784
2020-10-21,JNJ,-0.004289,0.181694
2020-10-22,JNJ,0.00799,0.191136
2020-10-23,JNJ,0.001103,0.19245
2020-10-26,JNJ,-0.008744,0.182023
2020-10-27,JNJ,-0.005696,0.17529
2020-10-28,JNJ,-0.033462,0.135963
2020-10-29,JNJ,-0.008456,0.126358
2020-10-30,JNJ,-0.000583,0.125701
2020-11-02,JNJ,0.011524,0.138673
2020-11-03,JNJ,-0.00137,0.137113
2020-11-04,JNJ,0.006498,0.144502
2020-11-05,JNJ,0.002582,0.147458
2020-11-06,JNJ,0.017816,0.167901
2020-11-09,JNJ,0.026925,0.199346
2020-11-10,JNJ,0.01506,0.217409
2020-11-11,JNJ,-0.003237,0.213468
2020-11-12,JNJ,0.003383,0.217573
2020-11-13,JNJ,0.010789,0.230709
2020-11-16,JNJ,0.006338,0.238509
2020-11-17,JNJ,-0.009944,0.226193
2020-11-18,JNJ,-0.013257,0.209937
2020-11-19,JNJ,-0.001561,0.208049
2020-11-20,JNJ,-0.005301,0.201645
2020-11-23,JNJ,-0.010183,0.189409
2020-11-24,JNJ,0.0,0.189409
2020-11-25,JNJ,-0.00132,0.187839
2020-11-27,JNJ,0.002227,0.190484
2020-11-30,JNJ,0.004722,0.196106
2020-12-01,JNJ,0.019146,0.219006
2020-12-02,JNJ,0.004679,0.22471
2020-12-03,JNJ,0.005806,0.231821
2020-12-04,JNJ,0.008524,0.24232
2020-12-07,JNJ,-0.008651,0.231572
2020-12-08,JNJ,0.017319,0.252902
2020-12-09,JNJ,0.010227,0.265716
2020-12-10,JNJ,-0.005552,0.258689
2020-12-11,JNJ,0.004598,0.264476
2020-12-14,JNJ,-0.025368,0.232399
2020-12-15,JNJ,0.010062,0.2448
2020-12-16,JNJ,-0.005977,0.23736
2020-12-17,JNJ,0.026391,0.270015
2020-12-18,JNJ,0.005794,0.277373
2020-12-21,JNJ,-0.009643,0.265055
2020-12-22,JNJ,-0.001961,0.262575
2020-12-23,JNJ,-0.005107,0.256126
2020-12-24,JNJ,0.003488,0.260508
2020-12-28,JNJ,0.004722,0.26646
2020-12-29,JNJ,0.006202,0.274314
2020-12-30,JNJ,0.012392,0.290105
2020-12-31,JNJ,0.008523,0.3011
2021-01-04,JNJ,-0.005592,0.293825
2021-01-05,JNJ,0.011757,0.309037
2021-01-06,JNJ,0.00941,0.321355
2021-01-07,JNJ,0.003379,0.325819
2021-01-08,JNJ,-0.002058,0.323091
2021-01-11,JNJ,-0.004186,0.317552
2021-01-12,JNJ,-0.00778,0.307301
2021-01-13,JNJ,-0.001518,0.305317
2021-01-14,JNJ,0.01748,0.328134
2021-01-15,JNJ,-0.002179,0.32524
2021-01-19,JNJ,0.015471,0.345743
2021-01-20,JNJ,-0.002457,0.342437
2021-01-21,JNJ,-0.004003,0.337063
2021-01-22,JNJ,0.011253,0.352109
2021-01-25,JNJ,0.014858,0.372198
2021-01-26,JNJ,0.027112,0.409401
2021-01-27,JNJ,-0.015251,0.387906
2021-01-28,JNJ,0.007625,0.398488
2021-01-29,JNJ,-0.035647,0.348637
2021-02-01,JNJ,-0.002575,0.345165
2021-02-02,JNJ,-0.008973,0.333094
2021-02-03,JNJ,-0.004651,0.326894
2021-02-04,JNJ,0.009284,0.339212
2021-02-05,JNJ,0.015186,0.35955
2021-02-08,JNJ,0.002858,0.363435
2021-02-09,JNJ,0.008186,0.374596
2021-02-10,JNJ,0.003248,0.37906
2021-02-11,JNJ,-0.004496,0.37286
2021-02-12,JNJ,0.003131,0.377159
2021-02-16,JNJ,-0.009065,0.364675
2021-02-17,JNJ,0.003574,0.369553
2021-02-18,JNJ,0.000483,0.370215
2021-02-19,JNJ,-0.016653,0.347397
2021-02-22,JNJ,-0.000617,0.346565
2021-02-23,JNJ,-0.008834,0.334669
2021-02-24,JNJ,0.013401,0.352555
2021-02-25,JNJ,0.001045,0.353968
2021-02-26,JNJ,-0.026419,0.318198
2021-03-01,JNJ,0.005427,0.325352
2021-03-02,JNJ,-0.001883,0.322856
2021-03-03,JNJ,-0.017608,0.299564
2021-03-04,JNJ,-0.020164,0.27336
2021-03-05,JNJ,0.019795,0.298565
2021-03-08,JNJ,0.008328,0.30938
2021-03-09,JNJ,0.001906,0.311875
2021-03-10,JNJ,0.009195,0.323938
2021-03-11,JNJ,-6.3e-05,0.323854
2021-03-12,JNJ,0.002891,0.327681
2021-03-15,JNJ,0.005138,0.334503
2021-03-16,JNJ,0.005922,0.342406
2021-03-17,JNJ,-0.003718,0.337414
2021-03-18,JNJ,-0.001866,0.334918
2021-03-19,JNJ,-0.00268,0.331341
2021-03-22,JNJ,0.002874,0.335168
2021-03-23,JNJ,-0.000934,0.33392
2021-03-24,JNJ,0.009729,0.346898
2021-03-25,JNJ,0.000371,0.347397
2021-03-26,JNJ,0.018275,0.37202
2021-03-29,JNJ,0.00673,0.381254
2021-03-30,JNJ,-0.006203,0.372686
2021-03-31,JNJ,-0.004,0.367196
2021-04-01,JNJ,-0.009249,0.354551
2021-04-05,JNJ,0.003685,0.359542
2021-04-06,JNJ,-0.000245,0.359209
2021-04-07,JNJ,0.001347,0.361039
2021-04-08,JNJ,-0.003911,0.355716
2021-04-09,JNJ,-0.010554,0.341407
2021-04-12,JNJ,0.002419,0.344651
2021-04-13,JNJ,-0.013363,0.326683
2021-04-14,JNJ,0.002759,0.330343
2021-04-15,JNJ,0.002939,0.334253
2021-04-16,JNJ,0.011535,0.349643
2021-04-19,JNJ,0.002773,0.353386
2021-04-20,JNJ,0.023296,0.384915
2021-04-21,JNJ,0.000661,0.385829
2021-04-22,JNJ,-0.008464,0.3741
2021-04-23,JNJ,0.002058,0.376928
2021-04-26,JNJ,-0.008458,0.365282
2021-04-27,JNJ,-0.005727,0.357463
2021-04-28,JNJ,-0.007354,0.34748
2021-04-29,JNJ,0.013706,0.365948
2021-04-30,JNJ,-0.008953,0.353719
2021-05-03,JNJ,0.01524,0.37435
2021-05-04,JNJ,0.015495,0.395646
2021-05-05,JNJ,-0.004172,0.389823
2021-05-06,JNJ,0.00401,0.395396
2021-05-07,JNJ,0.004531,0.401718
2021-05-10,JNJ,0.010504,0.416443
2021-05-11,JNJ,-0.008164,0.40488
2021-05-12,JNJ,-0.004026,0.399223
2021-05-13,JNJ,0.010464,0.413864
2021-05-14,JNJ,0.001529,0.416027
2021-05-17,JNJ,0.000999,0.417441
2021-05-18,JNJ,0.000352,0.41794
2021-05-19,JNJ,-0.002171,0.414862
2021-05-20,JNJ,0.005821,0.423098
2021-05-21,JNJ,-0.000643,0.422183
2021-05-24,JNJ,0.003826,0.427624
2021-05-25,JNJ,-0.002756,0.42369
2021-05-26,JNJ,-0.005938,0.415235
2021-05-27,JNJ,-0.001538,0.413059
2021-05-28,JNJ,0.002607,0.416742
2021-06-01,JNJ,-0.021979,0.385603
2021-06-02,JNJ,0.004048,0.391211
2021-06-03,JNJ,-0.000963,0.389872
2021-06-04,JNJ,-0.000422,0.389286
2021-06-07,JNJ,-0.006809,0.379827
2021-06-08,JNJ,-0.008796,0.36769
2021-06-09,JNJ,0.013465,0.386105
2021-06-10,JNJ,0.008998,0.398577
2021-06-11,JNJ,-0.012688,0.380831
2021-06-14,JNJ,0.002486,0.384263
2021-06-15,JNJ,-0.005321,0.376897
2021-06-16,JNJ,-0.000365,0.376395
2021-06-17,JNJ,0.004804,0.383008
2021-06-18,JNJ,-0.01961,0.355887
2021-06-21,JNJ,0.011483,0.371456
2021-06-22,JNJ,-0.001343,0.369615
2021-06-23,JNJ,-0.006051,0.361328
2021-06-24,JNJ,0.00455,0.367522
2021-06-25,JNJ,0.005142,0.374554
2021-06-28,JNJ,-0.001157,0.372963
2021-06-29,JNJ,6.1e-05,0.373046
2021-06-30,JNJ,0.004329,0.37899
2021-07-01,JNJ,0.007406,0.389202
2021-07-02,JNJ,0.018197,0.414482
2021-07-06,JNJ,-0.005977,0.406027
2021-07-07,JNJ,0.008573,0.418081
2021-07-08,JNJ,-0.001948,0.415319
2021-07-09,JNJ,0.003962,0.420927
2021-07-12,JNJ,-0.001591,0.418667
2021-07-13,JNJ,-0.001239,0.416909
2021-07-14,JNJ,0.006794,0.426536
2021-07-15,JNJ,-0.012029,0.409376
2021-07-16,JNJ,-0.001604,0.407115
2021-07-19,JNJ,-0.007257,0.396904
2021-07-20,JNJ,0.009408,0.410045
2021-07-21,JNJ,0.006174,0.418751
2021-07-22,JNJ,0.002891,0.422852
2021-07-23,JNJ,0.010648,0.438003
2021-07-26,JNJ,0.000466,0.438673
2021-07-27,JNJ,0.004596,0.445286
2021-07-28,JNJ,-0.00278,0.441268
2021-07-29,JNJ,0.0,0.441268
2021-07-30,JNJ,0.000116,0.441436
2021-08-02,JNJ,0.000406,0.442021
2021-08-03,JNJ,0.012307,0.459767
2021-08-04,JNJ,-0.005906,0.451145
2021-08-05,JNJ,0.001904,0.453908
2021-08-06,JNJ,-0.003339,0.449053
2021-08-09,JNJ,0.003466,0.454075
2021-08-10,JNJ,0.000345,0.454577
2021-08-11,JNJ,0.000173,0.454829
2021-08-12,JNJ,0.008055,0.466547
2021-08-13,JNJ,0.005993,0.475337
2021-08-16,JNJ,0.009021,0.488646
2021-08-17,JNJ,0.009165,0.50229
2021-08-18,JNJ,-0.012704,0.483205
2021-08-19,JNJ,0.007788,0.494757
2021-08-20,JNJ,0.004872,0.502039
2021-08-23,JNJ,-0.004317,0.495555
2021-08-24,JNJ,-0.012499,0.476862
2021-08-25,JNJ,-0.006614,0.467094
2021-08-26,JNJ,-0.005338,0.459263
2021-08-27,JNJ,-0.002135,0.456148
2021-08-30,JNJ,0.004221,0.462295
2021-08-31,JNJ,-0.003052,0.457832
2021-09-01,JNJ,0.003523,0.462968
2021-09-02,JNJ,0.006849,0.472989
2021-09-03,JNJ,0.000629,0.473915
2021-09-07,JNJ,-0.015539,0.451012
2021-09-08,JNJ,-0.002438,0.447475
2021-09-09,JNJ,-0.02228,0.415224
2021-09-10,JNJ,-0.006545,0.405962
2021-09-13,JNJ,-0.007007,0.39611
2021-09-14,JNJ,-0.006031,0.38769
2021-09-15,JNJ,0.003762,0.39291
2021-09-16,JNJ,-0.001209,0.391226
2021-09-17,JNJ,-0.002845,0.387268
2021-09-20,JNJ,-0.005706,0.379353
2021-09-21,JNJ,0.004395,0.385416
2021-09-22,JNJ,-0.003647,0.380364
2021-09-23,JNJ,0.005673,0.388195
2021-09-24,JNJ,-0.003033,0.383985
2021-09-27,JNJ,-0.00724,0.373964
2021-09-28,JNJ,-0.002206,0.370933
2021-09-29,JNJ,0.007432,0.381122
2021-09-30,JNJ,-0.015364,0.359902
2021-10-01,JNJ,-0.006378,0.351229
2021-10-04,JNJ,-0.007789,0.340704
2021-10-05,JNJ,0.002261,0.343735
2021-10-06,JNJ,0.002067,0.346513
2021-10-07,JNJ,0.008943,0.358555
2021-10-08,JNJ,-0.002541,0.355102
2021-10-11,JNJ,-0.004225,0.349376
2021-10-12,JNJ,-0.015975,0.32782
2021-10-13,JNJ,0.009575,0.340535
2021-10-14,JNJ,0.005716,0.348198
2021-10-15,JNJ,0.007432,0.358218
2021-10-18,JNJ,-0.007316,0.348282
2021-10-19,JNJ,0.02342,0.379858
2021-10-20,JNJ,-0.000549,0.379101
2021-10-21,JNJ,-0.00232,0.375901
2021-10-22,JNJ,0.001958,0.378595
2021-10-25,JNJ,0.002199,0.381627
2021-10-26,JNJ,0.010178,0.395689
2021-10-27,JNJ,-0.012127,0.378764
2021-10-28,JNJ,-0.005435,0.37127
2021-10-29,JNJ,0.000184,0.371522
2021-11-01,JNJ,0.000859,0.372701
2021-11-02,JNJ,0.015765,0.394342
2021-11-03,JNJ,-0.003201,0.389879
2021-11-04,JNJ,-0.002787,0.386005
2021-11-05,JNJ,-0.007108,0.376154
2021-11-08,JNJ,-0.003427,0.371438
2021-11-09,JNJ,-0.00221,0.368407
2021-11-10,JNJ,0.01083,0.383226
2021-11-11,JNJ,-0.007366,0.373038
2021-11-12,JNJ,0.011959,0.389458
2021-11-15,JNJ,-0.00903,0.376911
2021-11-16,JNJ,-0.005198,0.369754
2021-11-17,JNJ,0.00375,0.374891
2021-11-18,JNJ,-0.00539,0.367481
2021-11-19,JNJ,0.003017,0.371606
2021-11-22,JNJ,-0.013162,0.353553
2021-11-23,JNJ,0.006199,0.361944
2021-11-24,JNJ,-0.002801,0.35813
2021-11-26,JNJ,-0.00649,0.349315
2021-11-29,JNJ,0.003455,0.353977
2021-11-30,JNJ,-0.023912,0.321601
2021-12-01,JNJ,0.013788,0.339823
2021-12-02,JNJ,-0.006263,0.331432
2021-12-03,JNJ,0.014578,0.350841
2021-12-06,JNJ,0.022337,0.381014
2021-12-07,JNJ,0.002578,0.384574
2021-12-08,JNJ,0.005999,0.39288
2021-12-09,JNJ,0.009492,0.406102
2021-12-10,JNJ,-0.002471,0.402627
2021-12-13,JNJ,0.017886,0.427715
2021-12-14,JNJ,0.010923,0.44331
2021-12-15,JNJ,0.004991,0.450514
2021-12-16,JNJ,0.010927,0.466364
2021-12-17,JNJ,-0.027628,0.42585
2021-12-20,JNJ,-0.002853,0.421782
2021-12-21,JNJ,-0.003219,0.417205
2021-12-22,JNJ,0.004306,0.423307
2021-12-23,JNJ,0.001906,0.42602
2021-12-27,JNJ,0.00844,0.438055
2021-12-28,JNJ,0.004008,0.443819
2021-12-29,JNJ,0.007044,0.45399
2021-12-30,JNJ,0.00443,0.460431
2021-12-31,JNJ,-0.007196,0.449921
2022-01-03,JNJ,0.002747,0.453904
2022-01-04,JNJ,-0.002681,0.450006
2022-01-05,JNJ,0.006664,0.459668
2022-01-06,JNJ,-0.003426,0.454667
2022-01-07,JNJ,0.013517,0.474331
2022-01-10,JNJ,-0.004944,0.467042
2022-01-11,JNJ,-0.01063,0.451447
2022-01-12,JNJ,-0.008526,0.439072
2022-01-13,JNJ,-0.006066,0.430342
2022-01-14,JNJ,-0.005452,0.422545
2022-01-18,JNJ,-0.004409,0.416273
2022-01-19,JNJ,-0.003112,0.411866
2022-01-20,JNJ,-0.007984,0.400593
2022-01-21,JNJ,-0.0023,0.397372
2022-01-24,JNJ,-0.011524,0.381269
2022-01-25,JNJ,0.028594,0.420765
2022-01-26,JNJ,0.004474,0.427122
2022-01-27,JNJ,0.013125,0.445853
2022-01-28,JNJ,0.007034,0.456023
2022-01-31,JNJ,0.002911,0.460261
2022-02-01,JNJ,-0.008184,0.448311
2022-02-02,JNJ,0.01106,0.46433
2022-02-03,JNJ,-5.8e-05,0.464245
2022-02-04,JNJ,-0.006541,0.454667
2022-02-07,JNJ,-0.003321,0.449836
2022-02-08,JNJ,0.002631,0.453651
2022-02-09,JNJ,-0.000117,0.453481
2022-02-10,JNJ,-0.012071,0.435936
2022-02-11,JNJ,-0.010093,0.421443
2022-02-14,JNJ,-0.012581,0.40356
2022-02-15,JNJ,0.010326,0.418053
2022-02-16,JNJ,-0.000598,0.417205
2022-02-17,JNJ,-0.0061,0.40856
2022-02-18,JNJ,-0.010719,0.393462
2022-02-22,JNJ,-0.01359,0.374525
2022-02-23,JNJ,0.000496,0.375208
2022-02-24,JNJ,-0.019104,0.348935
2022-02-25,JNJ,0.049703,0.415981
2022-02-28,JNJ,-0.008614,0.403783
2022-03-01,JNJ,-0.003463,0.398922
2022-03-02,JNJ,0.012439,0.416322
2022-03-03,JNJ,0.014695,0.437135
2022-03-04,JNJ,0.005936,0.445666
2022-03-07,JNJ,0.016108,0.468953
2022-03-08,JNJ,-0.020266,0.439183
2022-03-09,JNJ,0.003793,0.444642
2022-03-10,JNJ,0.001772,0.447201
2022-03-11,JNJ,-0.001827,0.444557
2022-03-14,JNJ,0.013817,0.464517
2022-03-15,JNJ,0.025919,0.502476
2022-03-16,JNJ,-0.009197,0.488657
2022-03-17,JNJ,0.013065,0.508105
2022-03-18,JNJ,-0.011086,0.491386
2022-03-21,JNJ,0.005662,0.499831
2022-03-22,JNJ,-0.00472,0.492751
2022-03-23,JNJ,-0.003772,0.487121
2022-03-24,JNJ,0.005162,0.494799
2022-03-25,JNJ,0.009587,0.509129
2022-03-28,JNJ,0.005144,0.516891
2022-03-29,JNJ,-0.000506,0.516124
2022-03-30,JNJ,0.010409,0.531904
2022-03-31,JNJ,-0.013141,0.511773
2022-04-01,JNJ,0.005417,0.519962
2022-04-04,JNJ,-0.009653,0.50529
2022-04-05,JNJ,0.00646,0.515015
2022-04-06,JNJ,0.026012,0.554423
2022-04-07,JNJ,-0.002579,0.550414
2022-04-08,JNJ,0.001981,0.553485
2022-04-11,JNJ,-0.012519,0.534037
2022-04-12,JNJ,0.000333,0.534548
2022-04-13,JNJ,0.004225,0.541031
2022-04-14,JNJ,-0.004207,0.534548
2022-04-18,JNJ,-0.012451,0.515441
2022-04-19,JNJ,0.030508,0.561674
2022-04-20,JNJ,0.004424,0.568583
2022-04-21,JNJ,-0.002882,0.564062
2022-04-22,JNJ,-0.009926,0.548538
2022-04-25,JNJ,0.024622,0.586667
2022-04-26,JNJ,-0.00715,0.575322
2022-04-27,JNJ,-0.01397,0.553314
2022-04-28,JNJ,0.007468,0.564915
2022-04-29,JNJ,-0.016352,0.539325
2022-05-02,JNJ,-0.010086,0.5238
2022-05-03,JNJ,-0.001959,0.520815
2022-05-04,JNJ,0.010713,0.537107
2022-05-05,JNJ,-0.01909,0.507764
2022-05-06,JNJ,-0.002207,0.504437
2022-05-09,JNJ,0.005443,0.512626
2022-05-10,JNJ,-0.001354,0.510578
2022-05-11,JNJ,-0.005421,0.50239
2022-05-12,JNJ,0.009879,0.517232
2022-05-13,JNJ,-0.005734,0.508532
2022-05-16,JNJ,0.006955,0.519024
2022-05-17,JNJ,0.004155,0.525336
2022-05-18,JNJ,-0.018566,0.497016
2022-05-19,JNJ,-0.008889,0.483709
2022-05-20,JNJ,0.017477,0.50964
2022-05-23,JNJ,0.020415,0.54046
2022-05-24,JNJ,0.010923,0.557287
2022-05-25,JNJ,-0.009812,0.542006
2022-05-26,JNJ,-0.000891,0.540632
2022-05-27,JNJ,0.009083,0.554625
2022-05-31,JNJ,-0.008614,0.541233
2022-06-01,JNJ,-0.010137,0.525609
2022-06-02,JNJ,-0.003151,0.520801
2022-06-03,JNJ,-0.004121,0.514534
2022-06-06,JNJ,-0.000114,0.514362
2022-06-07,JNJ,0.010998,0.531017
2022-06-08,JNJ,-0.005944,0.521917
2022-06-09,JNJ,-0.020138,0.491269
2022-06-10,JNJ,-0.006678,0.481311
2022-06-13,JNJ,-0.010084,0.466373
2022-06-14,JNJ,-0.015339,0.443881
2022-06-15,JNJ,0.010702,0.459334
2022-06-16,JNJ,0.000529,0.460106
2022-06-17,JNJ,-0.003645,0.454784
2022-06-21,JNJ,0.020949,0.48526
2022-06-22,JNJ,0.01578,0.508697
2022-06-23,JNJ,0.022306,0.542349
2022-06-24,JNJ,0.014639,0.564927
2022-06-27,JNJ,-0.000933,0.563467
2022-06-28,JNJ,-0.028443,0.518998
2022-06-29,JNJ,0.000283,0.519427
2022-06-30,JNJ,0.002938,0.523892
2022-07-01,JNJ,0.011323,0.541147
2022-07-05,JNJ,-0.007688,0.5293
2022-07-06,JNJ,0.000898,0.530673
2022-07-07,JNJ,0.001122,0.53239
2022-07-08,JNJ,-0.001232,0.530502
2022-07-11,JNJ,0.000393,0.531103
2022-07-12,JNJ,-0.014017,0.509641
2022-07-13,JNJ,-0.002331,0.506121
2022-07-14,JNJ,0.001368,0.508181
2022-07-15,JNJ,0.014515,0.530072
2022-07-18,JNJ,-0.022443,0.495733
2022-07-19,JNJ,-0.014579,0.473928
2022-07-20,JNJ,-0.005708,0.465515
2022-07-21,JNJ,0.003514,0.470665
2022-07-22,JNJ,0.004729,0.477619
2022-07-25,JNJ,0.001975,0.480538
2022-07-26,JNJ,0.007074,0.491012
2022-07-27,JNJ,-0.002764,0.486891
2022-07-28,JNJ,0.005774,0.495476
2022-07-29,JNJ,0.001837,0.498223
2022-08-01,JNJ,-0.003495,0.492986
2022-08-02,JNJ,-0.005693,0.484487
2022-08-03,JNJ,0.009658,0.498824
2022-08-04,JNJ,-0.016038,0.474786
2022-08-05,JNJ,-0.003958,0.468949
2022-08-08,JNJ,-0.005319,0.461136
2022-08-09,JNJ,-0.000117,0.460965
2022-08-10,JNJ,0.002879,0.465171
2022-08-11,JNJ,-0.020683,0.434867
2022-08-12,JNJ,-0.011009,0.419071
2022-08-15,JNJ,0.004779,0.425853
2022-08-16,JNJ,0.008911,0.438558
2022-08-17,JNJ,6e-05,0.438644
2022-08-18,JNJ,-0.004834,0.431691
2022-08-19,JNJ,0.015231,0.453496
2022-08-22,JNJ,-0.003508,0.448397
2022-08-23,JNJ,-0.008712,0.435779
2022-08-24,JNJ,-0.003311,0.431025
2022-08-25,JNJ,0.009361,0.444421
2022-08-26,JNJ,-0.017112,0.419704
2022-08-29,JNJ,-0.007731,0.408728
2022-08-30,JNJ,-0.003497,0.403802
2022-08-31,JNJ,-0.00671,0.394382
2022-09-01,JNJ,0.024792,0.428951
2022-09-02,JNJ,-0.015725,0.406481
2022-09-06,JNJ,0.002704,0.410283
2022-09-07,JNJ,0.005454,0.417975
2022-09-08,JNJ,0.008045,0.429383
2022-09-09,JNJ,0.001935,0.432149
2022-09-12,JNJ,-0.000423,0.431544
2022-09-13,JNJ,-0.02602,0.394295
2022-09-14,JNJ,0.020641,0.423074
2022-09-15,JNJ,0.002551,0.426705
2022-09-16,JNJ,0.015265,0.448483
2022-09-19,JNJ,-0.007876,0.437075
2022-09-20,JNJ,-0.007878,0.425754
2022-09-21,JNJ,-0.010244,0.411148
2022-09-22,JNJ,0.017761,0.436211
2022-09-23,JNJ,0.00325,0.440878
2022-09-26,JNJ,-0.006118,0.432063
2022-09-27,JNJ,-0.004586,0.425495
2022-09-28,JNJ,0.008609,0.437767
2022-09-29,JNJ,-0.011,0.421951
2022-09-30,JNJ,-0.007111,0.411839
2022-10-03,JNJ,-0.000979,0.410456
2022-10-04,JNJ,0.014829,0.431371
2022-10-05,JNJ,-0.003079,0.426964
2022-10-06,JNJ,-0.019381,0.399308
2022-10-07,JNJ,-0.010562,0.384529
2022-10-10,JNJ,0.001311,0.386344
2022-10-11,JNJ,0.014463,0.406394
2022-10-12,JNJ,-0.000246,0.406049
2022-10-13,JNJ,0.015121,0.427309
2022-10-14,JNJ,-0.004178,0.421346
2022-10-17,JNJ,0.012951,0.439754
2022-10-18,JNJ,-0.003481,0.434742
2022-10-19,JNJ,-0.007951,0.423334
2022-10-20,JNJ,0.00255,0.426964
2022-10-21,JNJ,0.021804,0.458077
2022-10-24,JNJ,0.013455,0.477695
2022-10-25,JNJ,-0.001579,0.475362
2022-10-26,JNJ,0.008787,0.488325
2022-10-27,JNJ,0.000581,0.48919
2022-10-28,JNJ,0.014857,0.511314
2022-10-31,JNJ,-0.005147,0.503536
2022-11-01,JNJ,-0.005059,0.49593
2022-11-02,JNJ,-0.015367,0.472942
2022-11-03,JNJ,0.001702,0.475448
2022-11-04,JNJ,0.004452,0.482016
2022-11-07,JNJ,0.008747,0.49498
2022-11-08,JNJ,0.004972,0.502413
2022-11-09,JNJ,-0.007996,0.490399
2022-11-10,JNJ,0.011714,0.507857
2022-11-11,JNJ,-0.029919,0.462744
2022-11-14,JNJ,0.015716,0.485733
2022-11-15,JNJ,0.002792,0.489881
2022-11-16,JNJ,0.006207,0.499128
2022-11-17,JNJ,0.008071,0.511228
2022-11-18,JNJ,0.007663,0.522809
2022-11-21,JNJ,0.005141,0.530637
2022-11-22,JNJ,0.004831,0.538031
2022-11-23,JNJ,0.001074,0.539684
2022-11-25,JNJ,0.0013,0.541684
2022-11-28,JNJ,0.000508,0.542467
2022-11-29,JNJ,-0.006993,0.531681
2022-11-30,JNJ,0.010847,0.548295
2022-12-01,JNJ,0.004157,0.554732
2022-12-02,JNJ,0.000783,0.555949
2022-12-05,JNJ,-0.000559,0.55508
2022-12-06,JNJ,-0.014991,0.531768
2022-12-07,JNJ,0.006076,0.541075
2022-12-08,JNJ,0.000169,0.541336
2022-12-09,JNJ,-0.008239,0.528637
2022-12-12,JNJ,0.011949,0.546903
2022-12-13,JNJ,0.007703,0.55882
2022-12-14,JNJ,0.003069,0.563604
2022-12-15,JNJ,-0.012628,0.543859
2022-12-16,JNJ,-0.010254,0.528028
2022-12-19,JNJ,-0.001082,0.526375
2022-12-20,JNJ,0.001083,0.528028
2022-12-21,JNJ,0.011442,0.545511
2022-12-22,JNJ,-0.003658,0.539858
2022-12-23,JNJ,0.002542,0.543772
2022-12-27,JNJ,-0.000282,0.543337
2022-12-28,JNJ,-0.00434,0.536639
2022-12-29,JNJ,0.005094,0.544468
2022-12-30,JNJ,-0.005125,0.536552
2023-01-03,JNJ,0.008718,0.549948
2023-01-04,JNJ,0.010887,0.566822
2023-01-05,JNJ,-0.007384,0.555253
2023-01-06,JNJ,0.00811,0.567866
2023-01-09,JNJ,-0.025908,0.527245
2023-01-10,JNJ,-0.002392,0.523592
2023-01-11,JNJ,-0.001598,0.521156
2023-01-12,JNJ,-0.005032,0.513502
2023-01-13,JNJ,-0.003276,0.508543
2023-01-17,JNJ,-0.006169,0.499237
2023-01-18,JNJ,-0.015085,0.476621
2023-01-19,JNJ,-0.001355,0.474621
2023-01-20,JNJ,-0.00466,0.467749
2023-01-23,JNJ,-0.002548,0.464009
2023-01-24,JNJ,0.0,0.464009
2023-01-25,JNJ,0.007129,0.474446
2023-01-26,JNJ,-0.003658,0.469053
2023-01-27,JNJ,-0.003908,0.463313
2023-01-30,JNJ,-0.037033,0.409122
2023-01-31,JNJ,0.008765,0.421474
2023-02-01,JNJ,0.009179,0.434521
2023-02-02,JNJ,0.003759,0.439914
2023-02-03,JNJ,-0.005618,0.431825
2023-02-06,JNJ,-0.007594,0.420952
2023-02-07,JNJ,0.000245,0.4213
2023-02-08,JNJ,0.001285,0.423126
2023-02-09,JNJ,-0.013508,0.403903
2023-02-10,JNJ,0.004647,0.410427
2023-02-13,JNJ,0.003701,0.415646
2023-02-14,JNJ,-0.004363,0.40947
2023-02-15,JNJ,-0.016478,0.386246
2023-02-16,JNJ,-0.00709,0.376417
2023-02-17,JNJ,0.020877,0.405152
2023-02-21,JNJ,-0.014901,0.384214
2023-02-22,JNJ,-0.001392,0.382286
2023-02-23,JNJ,-0.000317,0.381848
2023-02-24,JNJ,-0.011158,0.366429
2023-02-27,JNJ,-0.00218,0.363451
2023-02-28,JNJ,-0.015229,0.342687
2023-03-01,JNJ,-0.004502,0.336643
2023-03-02,JNJ,-0.000787,0.335591
2023-03-03,JNJ,0.010298,0.349346
2023-03-06,JNJ,0.009999,0.362837
2023-03-07,JNJ,-0.00945,0.349959
2023-03-08,JNJ,-0.007333,0.340059
2023-03-09,JNJ,-0.011245,0.324991
2023-03-10,JNJ,0.002446,0.328232
2023-03-13,JNJ,0.009564,0.340935
2023-03-14,JNJ,0.005619,0.34847
2023-03-15,JNJ,0.002794,0.352237
2023-03-16,JNJ,-0.002073,0.349433
2023-03-17,JNJ,-0.010712,0.334978
2023-03-20,JNJ,0.009909,0.348207
2023-03-21,JNJ,0.0,0.348207
2023-03-22,JNJ,-0.018455,0.323326
2023-03-23,JNJ,0.000529,0.324027
2023-03-24,JNJ,0.010058,0.337343
2023-03-27,JNJ,0.004258,0.343038
2023-03-28,JNJ,-0.009654,0.330072
2023-03-29,JNJ,0.009814,0.343125
2023-03-30,JNJ,0.000783,0.344177
2023-03-31,JNJ,0.010232,0.357931
2023-04-03,JNJ,0.011936,0.374139
2023-04-04,JNJ,0.010456,0.388507
2023-04-05,JNJ,0.044924,0.450884
2023-04-06,JNJ,-0.002778,0.446854
2023-04-10,JNJ,-0.005026,0.439583
2023-04-11,JNJ,-0.000304,0.439144
2023-04-12,JNJ,-0.002131,0.436078
2023-04-13,JNJ,0.01336,0.455264
2023-04-14,JNJ,-0.001626,0.452899
2023-04-17,JNJ,-0.001025,0.451409
2023-04-18,JNJ,-0.028128,0.410584
2023-04-19,JNJ,0.009441,0.423901
2023-04-20,JNJ,0.00646,0.433099
2023-04-21,JNJ,-0.005441,0.425302
2023-04-24,JNJ,0.006085,0.433975
2023-04-25,JNJ,0.009164,0.447117
2023-04-26,JNJ,-0.015498,0.424689
2023-04-27,JNJ,0.002337,0.428018
2023-04-28,JNJ,0.004294,0.434151
2023-05-01,JNJ,-0.000611,0.433275
2023-05-02,JNJ,0.008741,0.445802
2023-05-03,JNJ,-0.013088,0.426879
2023-05-04,JNJ,-0.004544,0.420396
2023-05-05,JNJ,0.003392,0.425215
2023-05-08,JNJ,-0.002274,0.421973
2023-05-09,JNJ,-0.007763,0.410934
2023-05-10,JNJ,0.003726,0.416191
2023-05-11,JNJ,-0.004083,0.410409
2023-05-12,JNJ,-0.001304,0.408569
2023-05-15,JNJ,-0.00765,0.397794
2023-05-16,JNJ,-0.001316,0.395954
2023-05-17,JNJ,-0.002197,0.392887
2023-05-18,JNJ,-0.003208,0.388419
2023-05-19,JNJ,0.002714,0.392187
2023-05-22,JNJ,-0.00539,0.384683
2023-05-23,JNJ,-0.000382,0.384154
2023-05-24,JNJ,-0.000957,0.38283
2023-05-25,JNJ,-0.014362,0.362969
2023-05-26,JNJ,-0.000388,0.36244
2023-05-30,JNJ,0.000129,0.362616
2023-05-31,JNJ,0.00447,0.368707
2023-06-01,JNJ,-0.003354,0.364116
2023-06-02,JNJ,0.015724,0.385566
2023-06-05,JNJ,0.0086,0.397483
2023-06-06,JNJ,-0.000885,0.396246
2023-06-07,JNJ,0.00215,0.399248
2023-06-08,JNJ,0.010976,0.414607
2023-06-09,JNJ,-0.00156,0.4124
2023-06-12,JNJ,-0.000688,0.411429
2023-06-13,JNJ,0.005254,0.418844
2023-06-14,JNJ,0.005101,0.426082
2023-06-15,JNJ,0.013431,0.445236
2023-06-16,JNJ,0.003054,0.44965
2023-06-20,JNJ,-0.000609,0.448767
2023-06-21,JNJ,-0.001523,0.44656
2023-06-22,JNJ,0.010618,0.461919
2023-06-23,JNJ,-0.000846,0.460683
2023-06-26,JNJ,-0.011179,0.444354
2023-06-27,JNJ,-0.002078,0.441352
2023-06-28,JNJ,-0.002021,0.43844
2023-06-29,JNJ,0.006995,0.448502
2023-06-30,JNJ,0.008653,0.461037
2023-07-03,JNJ,-0.01311,0.441882
2023-07-05,JNJ,-0.003306,0.437115
2023-07-06,JNJ,-0.007432,0.426435
2023-07-07,JNJ,-0.014542,0.405692
2023-07-10,JNJ,0.001633,0.407987
2023-07-11,JNJ,-0.005517,0.400219
2023-07-12,JNJ,-0.003467,0.395364
2023-07-13,JNJ,0.004618,0.401808
2023-07-14,JNJ,0.006675,0.411164
2023-07-17,JNJ,-0.005004,0.404103
2023-07-18,JNJ,-6.3e-05,0.404014
2023-07-19,JNJ,-0.002012,0.40119
2023-07-20,JNJ,0.060728,0.486282
2023-07-21,JNJ,0.010749,0.502258
2023-07-24,JNJ,0.005229,0.510114
2023-07-25,JNJ,0.007657,0.521678
2023-07-26,JNJ,0.001914,0.52459
2023-07-27,JNJ,0.005616,0.533153
2023-07-28,JNJ,0.004548,0.540126
2023-07-31,JNJ,-0.039833,0.478779
2023-08-01,JNJ,0.008118,0.490783
2023-08-02,JNJ,0.006039,0.499787
2023-08-03,JNJ,0.004296,0.50623
2023-08-04,JNJ,-0.009377,0.492107
2023-08-07,JNJ,0.024018,0.527945
2023-08-08,JNJ,0.000462,0.528651
2023-08-09,JNJ,-0.000635,0.52768
2023-08-10,JNJ,-0.0052,0.519736
2023-08-11,JNJ,0.009758,0.534565
2023-08-14,JNJ,-0.002358,0.530946
2023-08-15,JNJ,-0.002883,0.526532
2023-08-16,JNJ,-0.00318,0.521678
2023-08-17,JNJ,0.009397,0.535977
2023-08-18,JNJ,-0.008735,0.52256
2023-08-21,JNJ,-0.029799,0.47719
2023-08-22,JNJ,-0.007947,0.46545
2023-08-23,JNJ,-0.008975,0.452298
2023-08-24,JNJ,0.003404,0.457241
2023-08-25,JNJ,0.014338,0.478135
2023-08-28,JNJ,-0.01179,0.460708
2023-08-29,JNJ,0.000122,0.460886
2023-08-30,JNJ,-0.00353,0.455729
2023-08-31,JNJ,-0.012521,0.437502
2023-09-01,JNJ,-0.007422,0.426833
2023-09-05,JNJ,0.001246,0.428612
2023-09-06,JNJ,-0.016617,0.404872
2023-09-07,JNJ,0.012784,0.422832
2023-09-08,JNJ,0.003312,0.427545
2023-09-11,JNJ,0.013079,0.446216
2023-09-12,JNJ,0.005656,0.454395
2023-09-13,JNJ,0.002507,0.458041
2023-09-14,JNJ,-0.001525,0.455818
2023-09-15,JNJ,-0.013986,0.435458
2023-09-18,JNJ,0.006318,0.444527
2023-09-19,JNJ,-0.001662,0.442126
2023-09-20,JNJ,0.004377,0.448439
2023-09-21,JNJ,-0.007673,0.437325
2023-09-22,JNJ,-0.007175,0.427011
2023-09-25,JNJ,-0.001495,0.424877
2023-09-26,JNJ,-0.007737,0.413853
2023-09-27,JNJ,-0.012011,0.396871
2023-09-28,JNJ,-0.001464,0.394826
2023-09-29,JNJ,-0.007203,0.384779
2023-10-02,JNJ,-0.003852,0.379444
2023-10-03,JNJ,0.001225,0.381134
2023-10-04,JNJ,0.001159,0.382734
2023-10-05,JNJ,0.010417,0.397138
2023-10-06,JNJ,0.003182,0.401583
2023-10-09,JNJ,0.005709,0.409585
2023-10-10,JNJ,-0.001135,0.407984
2023-10-11,JNJ,-0.013766,0.388602
2023-10-12,JNJ,0.000961,0.389936
2023-10-13,JNJ,0.003326,0.394559
2023-10-16,JNJ,0.004335,0.400605
2023-10-17,JNJ,-0.009141,0.387802
2023-10-18,JNJ,-0.021526,0.357928
2023-10-19,JNJ,-0.002684,0.354283
2023-10-20,JNJ,0.004464,0.360329
2023-10-23,JNJ,-0.010523,0.346014
2023-10-24,JNJ,-0.001057,0.344591
2023-10-25,JNJ,0.002249,0.347615
2023-10-26,JNJ,-0.016956,0.324764
2023-10-27,JNJ,-0.022819,0.294535
2023-10-30,JNJ,0.009821,0.307249
2023-10-31,JNJ,0.00891,0.318896
2023-11-01,JNJ,0.00236,0.322008
2023-11-02,JNJ,0.010424,0.335789
2023-11-03,JNJ,0.007322,0.34557
2023-11-06,JNJ,0.002378,0.34877
2023-11-07,JNJ,-0.005274,0.341657
2023-11-08,JNJ,-0.003645,0.336767
2023-11-09,JNJ,-0.019488,0.310717
2023-11-10,JNJ,-0.001153,0.309205
2023-11-13,JNJ,0.002581,0.312584
2023-11-14,JNJ,0.000203,0.312851
2023-11-15,JNJ,0.00772,0.322986
2023-11-16,JNJ,0.008737,0.334545
2023-11-17,JNJ,-0.002066,0.331788
2023-11-20,JNJ,0.008816,0.343529
2023-11-21,JNJ,0.008071,0.354373
2023-11-22,JNJ,-0.001985,0.351684
2023-11-24,JNJ,0.011139,0.366741
2023-11-27,JNJ,-0.008,0.355807
2023-11-28,JNJ,0.002314,0.358944
2023-11-29,JNJ,0.003166,0.363246
2023-11-30,JNJ,0.016764,0.386099
2023-12-01,JNJ,0.024053,0.419439
2023-12-04,JNJ,0.003157,0.42392
2023-12-05,JNJ,-0.002077,0.420962
2023-12-06,JNJ,-0.012173,0.403665
2023-12-07,JNJ,-0.00779,0.392732
2023-12-08,JNJ,-0.006306,0.383948
2023-12-11,JNJ,0.004145,0.389685
2023-12-12,JNJ,6.4e-05,0.389774
2023-12-13,JNJ,0.004643,0.396227
2023-12-14,JNJ,0.006932,0.405906
2023-12-15,JNJ,-0.010901,0.390581
2023-12-18,JNJ,0.001805,0.39309
2023-12-19,JNJ,0.006562,0.402231
2023-12-20,JNJ,-0.020388,0.373642
2023-12-21,JNJ,0.010243,0.387713
2023-12-22,JNJ,0.004004,0.393269
2023-12-26,JNJ,0.004374,0.399364
2023-12-27,JNJ,0.001345,0.401246
2023-12-28,JNJ,0.001471,0.403307
2023-12-29,JNJ,0.001022,0.404741
2024-01-02,JNJ,0.020607,0.433689
2024-01-03,JNJ,0.006251,0.442651
2024-01-04,JNJ,-0.002112,0.439604
2024-01-05,JNJ,0.003113,0.444085
2024-01-08,JNJ,0.002482,0.44767
2024-01-09,JNJ,0.000619,0.448566
2024-01-10,JNJ,0.001485,0.450717
2024-01-11,JNJ,-0.004448,0.444264
2024-01-12,JNJ,0.007695,0.455378
2024-01-16,JNJ,-0.011515,0.438618
2024-01-17,JNJ,-0.000561,0.437812
2024-01-18,JNJ,0.004862,0.444802
2024-01-19,JNJ,0.002915,0.449014
2024-01-22,JNJ,0.004886,0.456095
2024-01-23,JNJ,-0.016372,0.432255
2024-01-24,JNJ,-0.005319,0.424637
2024-01-25,JNJ,0.003774,0.430014
2024-01-26,JNJ,-0.000376,0.429477
2024-01-29,JNJ,-0.000878,0.428222
2024-01-30,JNJ,-0.003702,0.422934
2024-01-31,JNJ,0.000819,0.424099
2024-02-01,JNJ,-0.003398,0.41926
2024-02-02,JNJ,-0.011051,0.403576
2024-02-05,JNJ,-0.005172,0.396316
2024-02-06,JNJ,0.014506,0.416571
2024-02-07,JNJ,-0.000506,0.415854
2024-02-08,JNJ,-0.010001,0.401694
2024-02-09,JNJ,0.002302,0.40492
2024-02-12,JNJ,0.006953,0.414689
2024-02-13,JNJ,-0.008743,0.402321
2024-02-14,JNJ,-0.004665,0.395779
2024-02-15,JNJ,0.013998,0.415316
2024-02-16,JNJ,-0.001148,0.413691
2024-02-20,JNJ,0.008368,0.42552
2024-02-21,JNJ,0.005195,0.432925
2024-02-22,JNJ,0.011154,0.448909
2024-02-23,JNJ,0.008663,0.461461
2024-02-26,JNJ,-0.006488,0.451979
2024-02-27,JNJ,0.001182,0.453695
2024-02-28,JNJ,0.003541,0.458842
2024-02-29,JNJ,-0.001052,0.457307
2024-03-01,JNJ,0.004586,0.46399
2024-03-04,JNJ,-0.014064,0.4434
2024-03-05,JNJ,0.000813,0.444574
2024-03-06,JNJ,-0.003938,0.438885
2024-03-07,JNJ,-0.00295,0.434641
2024-03-08,JNJ,0.004092,0.440511
2024-03-11,JNJ,0.010719,0.455952
2024-03-12,JNJ,0.009366,0.469588
2024-03-13,JNJ,-0.010078,0.454779
2024-03-14,JNJ,-0.011732,0.437711
2024-03-15,JNJ,-0.006469,0.42841
2024-03-18,JNJ,-0.008977,0.415587
2024-03-19,JNJ,-0.003508,0.410621
2024-03-20,JNJ,-0.002881,0.406557
2024-03-21,JNJ,-6.4e-05,0.406467
2024-03-22,JNJ,-0.003339,0.401771
2024-03-25,JNJ,-6.4e-05,0.401681
2024-03-26,JNJ,0.003544,0.406647
2024-03-27,JNJ,0.014059,0.426424
2024-03-28,JNJ,0.001456,0.428501
2024-04-01,JNJ,-0.002592,0.424798
2024-04-02,JNJ,-0.000317,0.424347
2024-04-03,JNJ,-0.022,0.393011
2024-04-04,JNJ,-0.011409,0.377118
2024-04-05,JNJ,-0.000721,0.376125
2024-04-08,JNJ,-0.00525,0.368901
2024-04-09,JNJ,0.004618,0.375222
2024-04-10,JNJ,-0.013724,0.356349
2024-04-11,JNJ,-0.009388,0.343616
2024-04-12,JNJ,-0.008535,0.332148
2024-04-15,JNJ,0.000475,0.33278
2024-04-16,JNJ,-0.021275,0.304424
2024-04-17,JNJ,0.002215,0.307314
2024-04-18,JNJ,0.0067,0.316073
2024-04-19,JNJ,0.01489,0.335669
2024-04-22,JNJ,0.00818,0.346596
2024-04-23,JNJ,0.002951,0.350569
2024-04-24,JNJ,-0.006887,0.341268
2024-04-25,JNJ,-0.011513,0.325826
2024-04-26,JNJ,-0.004631,0.319686
2024-04-29,JNJ,0.004653,0.325826
2024-04-30,JNJ,-0.015189,0.305689
2024-05-01,JNJ,0.045577,0.365198
2024-05-02,JNJ,-0.008334,0.35382
2024-05-03,JNJ,-0.004336,0.34795
2024-05-06,JNJ,-0.004623,0.341719
2024-05-07,JNJ,0.000942,0.342984
2024-05-08,JNJ,0.001547,0.345061
2024-05-09,JNJ,0.006042,0.353188
2024-05-10,JNJ,0.0004,0.35373
2024-05-13,JNJ,0.008739,0.36556
2024-05-14,JNJ,0.001058,0.367004
2024-05-15,JNJ,0.008522,0.378653
2024-05-16,JNJ,0.010546,0.393192
2024-05-17,JNJ,0.002333,0.396443
2024-05-20,JNJ,-0.013885,0.377053
2024-05-21,JNJ,-0.000198,0.37678
2024-05-22,JNJ,0.014943,0.397353
2024-05-23,JNJ,-0.024756,0.362761
2024-05-24,JNJ,-0.018236,0.337909
2024-05-28,JNJ,-0.017623,0.314332
2024-05-29,JNJ,0.000416,0.314878
2024-05-30,JNJ,0.005815,0.322524
2024-05-31,JNJ,0.009568,0.335178
2024-06-03,JNJ,0.007295,0.344918
2024-06-04,JNJ,0.000406,0.345465
2024-06-05,JNJ,-0.012381,0.328806
2024-06-06,JNJ,0.003083,0.332902
2024-06-07,JNJ,0.004507,0.33891
2024-06-10,JNJ,0.00034,0.339365
2024-06-11,JNJ,-0.002515,0.335997
2024-06-12,JNJ,-0.009198,0.323708
2024-06-13,JNJ,0.000275,0.324072
2024-06-14,JNJ,0.000619,0.324891
2024-06-17,JNJ,0.002817,0.328624
2024-06-18,JNJ,-0.002055,0.325893
2024-06-20,JNJ,0.014624,0.345283
2024-06-21,JNJ,0.006564,0.354113
2024-06-24,JNJ,0.002487,0.357481
2024-06-25,JNJ,-0.012942,0.339912
2024-06-26,JNJ,-0.002514,0.336543
2024-06-27,JNJ,-0.006947,0.327258
2024-06-28,JNJ,0.002469,0.330535
2024-07-01,JNJ,0.001916,0.333084
2024-07-02,JNJ,-0.0028,0.329352
2024-07-03,JNJ,-0.002328,0.326257
2024-07-05,JNJ,0.005422,0.333448
2024-07-08,JNJ,-0.006827,0.324345
2024-07-09,JNJ,0.010792,0.338637
2024-07-10,JNJ,0.016185,0.360303
2024-07-11,JNJ,0.001807,0.362761
2024-07-12,JNJ,0.001202,0.364399
2024-07-15,JNJ,-0.00427,0.358573
2024-07-16,JNJ,0.01186,0.374686
2024-07-17,JNJ,0.036885,0.425392
2024-07-18,JNJ,-0.007408,0.414832
2024-07-19,JNJ,-0.004697,0.408186
2024-07-22,JNJ,-0.002909,0.40409
2024-07-23,JNJ,-0.012254,0.386885
2024-07-24,JNJ,0.025796,0.42266
2024-07-25,JNJ,0.0215,0.453248
2024-07-26,JNJ,0.006264,0.462351
2024-07-29,JNJ,-0.012948,0.443416
2024-07-30,JNJ,0.01747,0.468632
2024-07-31,JNJ,-0.021571,0.436953
2024-08-01,JNJ,0.018435,0.463443
2024-08-02,JNJ,0.021025,0.494212
2024-08-05,JNJ,-0.017607,0.467904
2024-08-06,JNJ,-0.014139,0.447149
2024-08-07,JNJ,-0.000441,0.446511
2024-08-08,JNJ,0.008307,0.458527
2024-08-09,JNJ,0.002496,0.462169
2024-08-12,JNJ,-0.004607,0.455432
2024-08-13,JNJ,-0.009319,0.441869
2024-08-14,JNJ,0.000568,0.442688
2024-08-15,JNJ,0.003849,0.448241
2024-08-16,JNJ,0.001886,0.450972
2024-08-19,JNJ,0.001506,0.453156
2024-08-20,JNJ,0.00332,0.457981
2024-08-21,JNJ,0.00793,0.469542
2024-08-22,JNJ,0.005699,0.477917
2024-08-23,JNJ,0.010964,0.494121
2024-08-26,JNJ,0.002925,0.498491
2024-08-27,JNJ,-0.002571,0.494638
2024-08-28,JNJ,0.005953,0.503535
2024-08-29,JNJ,0.001891,0.506379
2024-08-30,JNJ,0.009925,0.52133
2024-09-03,JNJ,0.007838,0.533254
2024-09-04,JNJ,0.001197,0.535089
2024-09-05,JNJ,-0.014161,0.51335
2024-09-06,JNJ,-0.003697,0.507755
2024-09-09,JNJ,0.013566,0.528209
2024-09-10,JNJ,0.004622,0.535272
2024-09-11,JNJ,-0.015294,0.511791
2024-09-12,JNJ,-0.001092,0.51014
2024-09-13,JNJ,0.005345,0.518211
2024-09-16,JNJ,0.008881,0.531695
2024-09-17,JNJ,0.000479,0.532429
2024-09-18,JNJ,-0.005507,0.52399
2024-09-19,JNJ,-0.008005,0.511791
2024-09-20,JNJ,-0.004004,0.505737
2024-09-23,JNJ,-0.005726,0.497115
2024-09-24,JNJ,-0.002696,0.493079
2024-09-25,JNJ,-0.013392,0.473083
2024-09-26,JNJ,0.004919,0.480329
2024-09-27,JNJ,6.2e-05,0.480421
2024-09-30,JNJ,0.004089,0.486475
2024-10-01,JNJ,-0.000432,0.485833
2024-10-02,JNJ,-0.005062,0.478312
2024-10-03,JNJ,-0.004157,0.472166
2024-10-04,JNJ,-0.001308,0.47024
2024-10-07,JNJ,-0.004742,0.463269
2024-10-08,JNJ,0.001003,0.464736
2024-10-09,JNJ,0.006012,0.473542
2024-10-10,JNJ,-0.000871,0.472258
2024-10-11,JNJ,0.005919,0.480972
2024-10-14,JNJ,0.000867,0.482256
2024-10-15,JNJ,0.01547,0.505187
2024-10-16,JNJ,0.001097,0.506838
2024-10-17,JNJ,0.001157,0.50858
2024-10-18,JNJ,0.003952,0.514542
2024-10-21,JNJ,-0.013869,0.493538
2024-10-22,JNJ,0.003808,0.499225
2024-10-23,JNJ,0.014744,0.52133
2024-10-24,JNJ,-0.013204,0.501242
2024-10-25,JNJ,-0.017046,0.475652
2024-10-28,JNJ,0.004475,0.482256
2024-10-29,JNJ,-0.009344,0.468405
2024-10-30,JNJ,0.003248,0.473175
2024-10-31,JNJ,-0.00467,0.466296
2024-11-01,JNJ,0.001689,0.468772
2024-11-04,JNJ,-0.011803,0.451437
2024-11-05,JNJ,0.000695,0.452445
2024-11-06,JNJ,-0.002968,0.448135
2024-11-07,JNJ,-0.007284,0.437586
2024-11-08,JNJ,-0.008039,0.426029
2024-11-11,JNJ,-0.002766,0.422085
2024-11-12,JNJ,-0.01548,0.400071
2024-11-13,JNJ,0.003931,0.405575
2024-11-14,JNJ,-0.00894,0.393009
2024-11-15,JNJ,0.014025,0.412546
2024-11-18,JNJ,0.005,0.419609
2024-11-19,JNJ,-0.011437,0.403373
2024-11-20,JNJ,0.000719,0.404382
2024-11-21,JNJ,0.01561,0.426304
2024-11-22,JNJ,-0.002122,0.423277
2024-11-25,JNJ,0.003931,0.428872
2024-11-26,JNJ,-0.000129,0.428687
2024-11-27,JNJ,0.005695,0.436824
2024-11-29,JNJ,-0.00251,0.433218
2024-12-02,JNJ,-0.001355,0.431277
2024-12-03,JNJ,-0.015762,0.408716
2024-12-04,JNJ,-0.012405,0.391241
2024-12-05,JNJ,-0.006313,0.382458
2024-12-06,JNJ,-0.001405,0.380516
2024-12-09,JNJ,0.001942,0.383197
2024-12-10,JNJ,-0.002473,0.379776
2024-12-11,JNJ,-0.017356,0.355829
2024-12-12,JNJ,-0.002728,0.352131
2024-12-13,JNJ,0.002598,0.355644
2024-12-16,JNJ,-0.018892,0.330033
2024-12-17,JNJ,0.017796,0.353703
2024-12-18,JNJ,-0.011338,0.338355
2024-12-19,JNJ,-0.008083,0.327537
2024-12-20,JNJ,0.006199,0.335765
2024-12-23,JNJ,0.005538,0.343162
2024-12-24,JNJ,0.003992,0.348525
2024-12-26,JNJ,-0.001851,0.346029
2024-12-27,JNJ,-0.003641,0.341128
2024-12-30,JNJ,-0.011789,0.325318
2019-01-03,PG,-0.007012,-0.007012
2019-01-04,PG,0.02041,0.013256
2019-01-07,PG,-0.004,0.009202
2019-01-08,PG,0.003691,0.012927
2019-01-09,PG,-0.016331,-0.003615
2019-01-10,PG,0.002419,-0.001205
2019-01-11,PG,0.006581,0.005368
2019-01-14,PG,-0.006756,-0.001424
2019-01-15,PG,0.009435,0.007997
2019-01-16,PG,-0.006955,0.000986
2019-01-17,PG,-0.000144,0.000842
2019-01-18,PG,0.008606,0.009455
2019-01-22,PG,-0.01072,-0.001366
2019-01-23,PG,0.048651,0.047218
2019-01-24,PG,-0.005694,0.041256
2019-01-25,PG,-0.007423,0.033527
2019-01-28,PG,-0.000855,0.032643
2019-01-29,PG,0.000214,0.032864
2019-01-30,PG,0.010477,0.043685
2019-01-31,PG,0.020631,0.065217
2019-02-01,PG,0.010366,0.076259
2019-02-04,PG,0.005745,0.082442
2019-02-05,PG,-0.006018,0.075927
2019-02-06,PG,0.004926,0.081228
2019-02-07,PG,-0.007966,0.072615
2019-02-08,PG,0.005867,0.078909
2019-02-11,PG,0.005731,0.085092
2019-02-12,PG,0.010074,0.096024
2019-02-13,PG,-0.000201,0.095803
2019-02-14,PG,-0.00786,0.08719
2019-02-15,PG,0.000203,0.087411
2019-02-19,PG,0.015333,0.104084
2019-02-20,PG,-0.007101,0.096245
2019-02-21,PG,0.005036,0.101766
2019-02-22,PG,0.00471,0.106955
2019-02-25,PG,-0.006783,0.099447
2019-02-26,PG,0.002611,0.102318
2019-02-27,PG,-0.009216,0.092159
2019-02-28,PG,-0.00364,0.088184
2019-03-01,PG,-0.001116,0.08697
2019-03-04,PG,0.004368,0.091718
2019-03-05,PG,0.002225,0.094147
2019-03-06,PG,-0.001615,0.09238
2019-03-07,PG,-0.003841,0.088184
2019-03-08,PG,-0.001421,0.086638
2019-03-11,PG,0.011889,0.099557
2019-03-12,PG,0.00472,0.104747
2019-03-13,PG,0.011294,0.117224
2019-03-14,PG,0.001384,0.11877
2019-03-15,PG,0.011054,0.131137
2019-03-18,PG,-0.009078,0.120868
2019-03-19,PG,0.003842,0.125175
2019-03-20,PG,-0.001767,0.123187
2019-03-21,PG,0.00757,0.13169
2019-03-22,PG,-0.008098,0.122525
2019-03-25,PG,0.002951,0.125837
2019-03-26,PG,0.010396,0.137542
2019-03-27,PG,-0.001165,0.136217
2019-03-28,PG,0.006317,0.143394
2019-03-29,PG,0.004828,0.148915
2019-04-01,PG,-0.00394,0.144388
2019-04-02,PG,0.001061,0.145602
2019-04-03,PG,-0.000578,0.14494
2019-04-04,PG,-0.002507,0.142069
2019-04-05,PG,0.002127,0.144498
2019-04-08,PG,0.012735,0.159073
2019-04-09,PG,-0.002953,0.155651
2019-04-10,PG,-9.6e-05,0.15554
2019-04-11,PG,0.000956,0.156644
2019-04-12,PG,0.002959,0.160067
2019-04-15,PG,0.006378,0.167465
2019-04-16,PG,0.006526,0.175084
2019-04-17,PG,0.001666,0.177041
2019-04-18,PG,0.001889,0.179265
2019-04-22,PG,-0.000377,0.178821
2019-04-23,PG,-0.026884,0.147129
2019-04-24,PG,0.005138,0.153022
2019-04-25,PG,-0.003954,0.148463
2019-04-26,PG,0.024981,0.177153
2019-04-29,PG,-0.010202,0.165143
2019-04-30,PG,0.016225,0.184047
2019-05-01,PG,-0.014557,0.166811
2019-05-02,PG,0.006004,0.173817
2019-05-03,PG,0.004926,0.179599
2019-05-06,PG,-0.003771,0.175151
2019-05-07,PG,-0.009273,0.164253
2019-05-08,PG,0.003534,0.168368
2019-05-09,PG,-0.0079,0.159138
2019-05-10,PG,0.01698,0.178821
2019-05-13,PG,0.000943,0.179933
2019-05-14,PG,-0.004806,0.174262
2019-05-15,PG,0.010417,0.186493
2019-05-16,PG,0.013215,0.202173
2019-05-17,PG,-0.006105,0.194833
2019-05-20,PG,-0.001117,0.193499
2019-05-21,PG,-0.008944,0.182824
2019-05-22,PG,0.00329,0.186716
2019-05-23,PG,0.000375,0.18716
2019-05-24,PG,-0.000656,0.186382
2019-05-28,PG,-0.020902,0.161585
2019-05-29,PG,-0.002584,0.158583
2019-05-30,PG,0.010942,0.171259
2019-05-31,PG,-0.022976,0.144349
2019-06-03,PG,0.008648,0.154245
2019-06-04,PG,0.008478,0.164031
2019-06-05,PG,0.019584,0.186827
2019-06-06,PG,0.00609,0.194055
2019-06-07,PG,0.012945,0.209512
2019-06-10,PG,-0.00046,0.208955
2019-06-11,PG,0.006071,0.216295
2019-06-12,PG,0.002743,0.21963
2019-06-13,PG,0.011215,0.233308
2019-06-14,PG,0.002615,0.236533
2019-06-17,PG,-0.001889,0.234197
2019-06-18,PG,-0.012523,0.218741
2019-06-19,PG,0.007482,0.227859
2019-06-20,PG,0.011954,0.242538
2019-06-21,PG,-0.004833,0.236533
2019-06-24,PG,0.010162,0.249098
2019-06-25,PG,-0.00543,0.242315
2019-06-26,PG,-0.017812,0.220187
2019-06-27,PG,0.000456,0.220743
2019-06-28,PG,-0.001184,0.219297
2019-07-01,PG,0.007661,0.228638
2019-07-02,PG,0.00896,0.239646
2019-07-03,PG,0.023322,0.268558
2019-07-05,PG,-0.008152,0.258217
2019-07-08,PG,0.007954,0.268225
2019-07-09,PG,-0.009996,0.255548
2019-07-10,PG,0.00744,0.264889
2019-07-11,PG,0.005539,0.271894
2019-07-12,PG,0.005333,0.278677
2019-07-15,PG,0.004261,0.284126
2019-07-16,PG,0.00355,0.288685
2019-07-17,PG,0.000431,0.289241
2019-07-18,PG,0.002136,0.291995
2019-07-19,PG,-0.003725,0.287182
2019-07-22,PG,0.002522,0.290428
2019-07-23,PG,-0.012576,0.274199
2019-07-24,PG,-0.010979,0.260209
2019-07-25,PG,0.00151,0.262112
2019-07-26,PG,0.017381,0.284048
2019-07-29,PG,0.01107,0.298262
2019-07-30,PG,0.038017,0.347618
2019-07-31,PG,-0.019683,0.321093
2019-08-01,PG,-0.011098,0.306432
2019-08-02,PG,-0.002484,0.303186
2019-08-05,PG,-0.028856,0.265581
2019-08-06,PG,0.010612,0.279012
2019-08-07,PG,0.010851,0.29289
2019-08-08,PG,0.016621,0.314378
2019-08-09,PG,-0.00562,0.306992
2019-08-12,PG,-0.006423,0.298597
2019-08-13,PG,0.010515,0.312252
2019-08-14,PG,-0.012452,0.295912
2019-08-15,PG,0.013818,0.313818
2019-08-16,PG,0.015248,0.333852
2019-08-19,PG,0.008894,0.345716
2019-08-20,PG,-0.011144,0.330719
2019-08-21,PG,0.002523,0.334076
2019-08-22,PG,0.001846,0.336538
2019-08-23,PG,-0.017585,0.313035
2019-08-26,PG,0.017047,0.335419
2019-08-27,PG,0.010308,0.349185
2019-08-28,PG,0.007051,0.358698
2019-08-29,PG,-0.001812,0.356236
2019-08-30,PG,-0.00784,0.345604
2019-09-03,PG,0.009399,0.358251
2019-09-04,PG,0.015244,0.378956
2019-09-05,PG,-0.003652,0.373919
2019-09-06,PG,0.000896,0.37515
2019-09-09,PG,-0.005697,0.367316
2019-09-10,PG,-0.018745,0.341686
2019-09-11,PG,0.011595,0.357243
2019-09-12,PG,0.012369,0.374031
2019-09-13,PG,-0.005294,0.366757
2019-09-16,PG,-0.019407,0.340232
2019-09-17,PG,0.011774,0.356012
2019-09-18,PG,0.002063,0.35881
2019-09-19,PG,0.004036,0.364294
2019-09-20,PG,0.002789,0.368099
2019-09-23,PG,0.008017,0.379067
2019-09-24,PG,0.003165,0.383433
2019-09-25,PG,-0.004773,0.376829
2019-09-26,PG,0.010486,0.391267
2019-09-27,PG,0.002091,0.394177
2019-09-30,PG,-0.001525,0.39205
2019-10-01,PG,-0.004261,0.386119
2019-10-02,PG,-0.022366,0.355117
2019-10-03,PG,0.005451,0.362503
2019-10-04,PG,0.018564,0.387797
2019-10-07,PG,-0.009355,0.374815
2019-10-08,PG,-0.015548,0.353438
2019-10-09,PG,0.008682,0.365189
2019-10-10,PG,-0.000328,0.364742
2019-10-11,PG,-0.006971,0.355229
2019-10-14,PG,-0.008589,0.343589
2019-10-15,PG,-0.02374,0.311692
2019-10-16,PG,0.002816,0.315386
2019-10-17,PG,-0.001319,0.313651
2019-10-18,PG,0.007202,0.323112
2019-10-21,PG,0.013706,0.341246
2019-10-22,PG,0.026033,0.376163
2019-10-23,PG,0.006712,0.385399
2019-10-24,PG,0.014552,0.40556
2019-10-25,PG,-0.01234,0.388215
2019-10-28,PG,0.001866,0.390805
2019-10-29,PG,0.000972,0.392157
2019-10-30,PG,0.010842,0.40725
2019-10-31,PG,-0.003442,0.402406
2019-11-01,PG,-0.00514,0.395198
2019-11-04,PG,-0.03875,0.341134
2019-11-05,PG,-0.001428,0.339219
2019-11-06,PG,0.011943,0.355213
2019-11-07,PG,-0.005818,0.347329
2019-11-08,PG,0.000669,0.348229
2019-11-11,PG,-0.003091,0.344062
2019-11-12,PG,-0.000503,0.343387
2019-11-13,PG,0.01157,0.35893
2019-11-14,PG,-0.001243,0.35724
2019-11-15,PG,0.000332,0.357691
2019-11-18,PG,0.0112,0.372897
2019-11-19,PG,-0.003856,0.367603
2019-11-20,PG,0.007165,0.377402
2019-11-21,PG,-0.015946,0.355438
2019-11-22,PG,-0.000415,0.354875
2019-11-25,PG,0.001829,0.357353
2019-11-26,PG,0.014521,0.377064
2019-11-27,PG,-0.00409,0.371432
2019-11-29,PG,0.002464,0.374811
2019-12-02,PG,0.005408,0.382245
2019-12-03,PG,0.001874,0.384836
2019-12-04,PG,0.012851,0.402632
2019-12-05,PG,0.000723,0.403646
2019-12-06,PG,-0.00345,0.398802
2019-12-09,PG,0.005476,0.406462
2019-12-10,PG,-0.004805,0.399703
2019-12-11,PG,0.003138,0.404096
2019-12-12,PG,-0.000722,0.403083
2019-12-13,PG,0.007225,0.41322
2019-12-16,PG,0.000717,0.414233
2019-12-17,PG,-0.001991,0.411417
2019-12-18,PG,-0.010374,0.396775
2019-12-19,PG,0.007338,0.407024
2019-12-20,PG,0.003523,0.411981
2019-12-23,PG,-0.003669,0.4068
2019-12-24,PG,0.002562,0.410404
2019-12-26,PG,0.0,0.410404
2019-12-27,PG,0.006948,0.420203
2019-12-30,PG,-0.012848,0.401956
2019-12-31,PG,0.003455,0.4068
2020-01-02,PG,-0.01193,0.390017
2020-01-03,PG,-0.006725,0.380668
2020-01-06,PG,0.001387,0.382583
2020-01-07,PG,-0.006192,0.374023
2020-01-08,PG,0.004263,0.37988
2020-01-09,PG,0.010938,0.394973
2020-01-10,PG,0.000969,0.396324
2020-01-13,PG,0.00734,0.406574
2020-01-14,PG,-0.001521,0.404434
2020-01-15,PG,0.010185,0.418738
2020-01-16,PG,0.000873,0.419977
2020-01-17,PG,0.002697,0.423807
2020-01-21,PG,-0.002531,0.420203
2020-01-22,PG,0.001745,0.422681
2020-01-23,PG,-0.004571,0.416177
2020-01-24,PG,0.0012,0.417877
2020-01-27,PG,0.004395,0.424109
2020-01-28,PG,0.002705,0.427961
2020-01-29,PG,-0.007697,0.41697
2020-01-30,PG,0.007116,0.427054
2020-01-31,PG,-0.01056,0.411985
2020-02-03,PG,0.003932,0.417537
2020-02-04,PG,0.004396,0.423768
2020-02-05,PG,0.009152,0.436799
2020-02-06,PG,0.002602,0.440537
2020-02-07,PG,-0.008337,0.428527
2020-02-10,PG,0.000714,0.429547
2020-02-11,PG,-0.015931,0.406773
2020-02-12,PG,-0.005718,0.398728
2020-02-13,PG,0.012232,0.415837
2020-02-14,PG,0.009443,0.429207
2020-02-18,PG,-0.010068,0.414818
2020-02-19,PG,0.004565,0.421276
2020-02-20,PG,0.009088,0.434192
2020-02-21,PG,0.000948,0.435552
2020-02-24,PG,-0.026835,0.397029
2020-02-25,PG,-0.015166,0.375841
2020-02-26,PG,-0.010459,0.361452
2020-02-27,PG,-0.055426,0.285992
2020-02-28,PG,-0.002379,0.282933
2020-03-02,PG,0.055904,0.354653
2020-03-03,PG,-0.011626,0.338904
2020-03-04,PG,0.053567,0.410626
2020-03-05,PG,-0.023052,0.378107
2020-03-06,PG,0.000247,0.378447
2020-03-09,PG,-0.04603,0.314997
2020-03-10,PG,0.038687,0.365871
2020-03-11,PG,-0.074326,0.264351
2020-03-12,PG,-0.087374,0.15388
2020-03-13,PG,0.120091,0.29245
2020-03-16,PG,-0.04883,0.22934
2020-03-17,PG,0.089769,0.339697
2020-03-18,PG,-0.006681,0.330747
2020-03-19,PG,-0.056365,0.25574
2020-03-20,PG,-0.075792,0.160565
2020-03-23,PG,-0.046178,0.106973
2020-03-24,PG,0.057011,0.170082
2020-03-25,PG,-0.022756,0.143456
2020-03-26,PG,0.064011,0.21665
2020-03-27,PG,0.025982,0.248262
2020-03-30,PG,0.043842,0.302987
2020-03-31,PG,-0.043478,0.246336
2020-04-01,PG,-0.006091,0.238744
2020-04-02,PG,0.046373,0.296189
2020-04-03,PG,0.005944,0.303894
2020-04-06,PG,0.023723,0.334825
2020-04-07,PG,-0.042781,0.27772
2020-04-08,PG,0.020662,0.30412
2020-04-09,PG,-0.003823,0.299135
2020-04-13,PG,0.011251,0.313751
2020-04-14,PG,0.043208,0.370516
2020-04-15,PG,0.00215,0.373462
2020-04-16,PG,0.00231,0.376634
2020-04-17,PG,0.026255,0.412778
2020-04-20,PG,-0.032801,0.366437
2020-04-21,PG,-0.007628,0.356013
2020-04-22,PG,-0.002339,0.352841
2020-04-23,PG,0.006669,0.361863
2020-04-24,PG,-0.005193,0.354791
2020-04-27,PG,-0.011197,0.339621
2020-04-28,PG,-0.004768,0.333234
2020-04-29,PG,0.001626,0.335401
2020-04-30,PG,0.006747,0.344412
2020-05-01,PG,-0.008908,0.332436
2020-05-04,PG,-0.008988,0.320459
2020-05-05,PG,0.002073,0.323197
2020-05-06,PG,-0.025084,0.290006
2020-05-07,PG,-0.008223,0.279398
2020-05-08,PG,0.033699,0.322512
2020-05-11,PG,-0.005519,0.315213
2020-05-12,PG,-0.006591,0.306544
2020-05-13,PG,-0.0055,0.299358
2020-05-14,PG,-0.000966,0.298104
2020-05-15,PG,0.007029,0.307229
2020-05-18,PG,0.01396,0.325478
2020-05-19,PG,-0.032441,0.282478
2020-05-20,PG,0.007471,0.292059
2020-05-21,PG,-0.014654,0.273125
2020-05-22,PG,0.00878,0.284302
2020-05-26,PG,-0.005062,0.277801
2020-05-27,PG,0.016603,0.299016
2020-05-28,PG,0.019053,0.323767
2020-05-29,PG,-0.001206,0.32217
2020-06-01,PG,0.011474,0.33734
2020-06-02,PG,0.006908,0.346579
2020-06-03,PG,0.003981,0.35194
2020-06-04,PG,-0.020923,0.323653
2020-06-05,PG,0.019646,0.349658
2020-06-08,PG,0.006085,0.357871
2020-06-09,PG,-0.005964,0.349773
2020-06-10,PG,0.007521,0.359924
2020-06-11,PG,-0.02491,0.326048
2020-06-12,PG,-0.005505,0.318749
2020-06-15,PG,0.009254,0.330952
2020-06-16,PG,0.012341,0.347377
2020-06-17,PG,-0.001693,0.345096
2020-06-18,PG,0.011448,0.360494
2020-06-19,PG,-0.003018,0.356388
2020-06-22,PG,-0.009838,0.343043
2020-06-23,PG,-0.00017,0.342815
2020-06-24,PG,-0.011127,0.327873
2020-06-25,PG,0.012627,0.34464
2020-06-26,PG,-0.022563,0.3143
2020-06-29,PG,0.021088,0.342017
2020-06-30,PG,0.016233,0.363802
2020-07-01,PG,0.003429,0.368478
2020-07-02,PG,0.007501,0.378743
2020-07-06,PG,0.006205,0.387298
2020-07-07,PG,0.004851,0.394027
2020-07-08,PG,0.005482,0.401669
2020-07-09,PG,-0.003336,0.396993
2020-07-10,PG,0.011512,0.413075
2020-07-13,PG,0.001291,0.4149
2020-07-14,PG,0.008384,0.426762
2020-07-15,PG,-0.004716,0.420033
2020-07-16,PG,0.002088,0.422998
2020-07-17,PG,0.006973,0.432921
2020-07-20,PG,-0.003104,0.428473
2020-07-21,PG,-0.001357,0.426534
2020-07-22,PG,0.008555,0.438738
2020-07-23,PG,0.00647,0.448047
2020-07-24,PG,-0.001585,0.445751
2020-07-27,PG,0.002858,0.449883
2020-07-28,PG,0.01235,0.467789
2020-07-29,PG,0.003362,0.472724
2020-07-30,PG,0.024238,0.50842
2020-07-31,PG,-0.002283,0.504977
2020-08-03,PG,0.001297,0.506928
2020-08-04,PG,0.019041,0.535622
2020-08-05,PG,-0.002616,0.531606
2020-08-06,PG,-0.005471,0.523227
2020-08-07,PG,0.00633,0.532868
2020-08-10,PG,0.004118,0.539181
2020-08-11,PG,-0.006488,0.529196
2020-08-12,PG,0.016738,0.554791
2020-08-13,PG,0.002362,0.558464
2020-08-14,PG,-0.005008,0.550659
2020-08-17,PG,0.002961,0.55525
2020-08-18,PG,0.007454,0.566843
2020-08-19,PG,-0.005421,0.558349
2020-08-20,PG,0.007955,0.570746
2020-08-21,PG,0.004311,0.577517
2020-08-24,PG,0.007785,0.589798
2020-08-25,PG,0.003971,0.596111
2020-08-26,PG,-0.004818,0.588421
2020-08-27,PG,-0.001301,0.586355
2020-08-28,PG,0.004052,0.592783
2020-08-31,PG,-0.003171,0.587733
2020-09-01,PG,-0.001084,0.586011
2020-09-02,PG,0.016862,0.612754
2020-09-03,PG,-0.016013,0.586929
2020-09-04,PG,-0.00217,0.583486
2020-09-08,PG,-0.014642,0.560301
2020-09-09,PG,0.016257,0.585666
2020-09-10,PG,-0.010496,0.569023
2020-09-11,PG,0.010534,0.585552
2020-09-14,PG,0.003547,0.591176
2020-09-15,PG,0.0,0.591176
2020-09-16,PG,-0.006709,0.580501
2020-09-17,PG,-0.001307,0.578435
2020-09-18,PG,-0.001091,0.576714
2020-09-21,PG,-0.004804,0.569138
2020-09-22,PG,0.009143,0.583486
2020-09-23,PG,-0.01196,0.564547
2020-09-24,PG,0.004475,0.571549
2020-09-25,PG,0.005112,0.579583
2020-09-28,PG,0.002834,0.584059
2020-09-29,PG,-0.005434,0.575451
2020-09-30,PG,0.012604,0.595308
2020-10-01,PG,0.001799,0.598177
2020-10-02,PG,-0.008044,0.585322
2020-10-05,PG,0.009195,0.599899
2020-10-06,PG,0.001578,0.602424
2020-10-07,PG,0.007807,0.614935
2020-10-08,PG,0.006752,0.625838
2020-10-09,PG,0.008966,0.640416
2020-10-12,PG,0.010985,0.658436
2020-10-13,PG,-0.001938,0.655222
2020-10-14,PG,-0.001179,0.653271
2020-10-15,PG,-0.001458,0.650861
2020-10-16,PG,0.003893,0.657288
2020-10-19,PG,-0.017176,0.628823
2020-10-20,PG,0.004017,0.635366
2020-10-21,PG,0.005404,0.644204
2020-10-22,PG,-0.007083,0.632558
2020-10-23,PG,0.006575,0.643291
2020-10-26,PG,-0.007585,0.630827
2020-10-27,PG,0.007502,0.643061
2020-10-28,PG,-0.033015,0.588815
2020-10-29,PG,-0.000654,0.587777
2020-10-30,PG,-0.003416,0.582352
2020-11-02,PG,0.010211,0.59851
2020-11-03,PG,0.019639,0.629904
2020-11-04,PG,-0.004107,0.623209
2020-11-05,PG,0.012372,0.643291
2020-11-06,PG,0.00597,0.653102
2020-11-09,PG,-0.036584,0.592624
2020-11-10,PG,0.01645,0.618824
2020-11-11,PG,0.012905,0.639714
2020-11-12,PG,0.000563,0.640637
2020-11-13,PG,0.014984,0.665221
2020-11-16,PG,-0.012822,0.643869
2020-11-17,PG,-0.003861,0.637521
2020-11-18,PG,-0.015365,0.612361
2020-11-19,PG,-0.001217,0.610398
2020-11-20,PG,-0.001648,0.607744
2020-11-23,PG,-0.003877,0.601511
2020-11-24,PG,-0.003243,0.596317
2020-11-25,PG,0.002675,0.600588
2020-11-27,PG,-0.000505,0.59978
2020-11-30,PG,0.001876,0.602781
2020-12-01,PG,0.003601,0.608552
2020-12-02,PG,-0.007247,0.596895
2020-12-03,PG,-0.007372,0.585122
2020-12-04,PG,0.000946,0.586623
2020-12-07,PG,0.001528,0.589046
2020-12-08,PG,0.002687,0.593316
2020-12-09,PG,-0.011879,0.574389
2020-12-10,PG,-0.006598,0.564001
2020-12-11,PG,0.00738,0.575543
2020-12-14,PG,-0.004835,0.567925
2020-12-15,PG,0.005889,0.577158
2020-12-16,PG,0.004537,0.584314
2020-12-17,PG,0.007139,0.595625
2020-12-18,PG,0.005714,0.604743
2020-12-21,PG,-0.010932,0.5872
2020-12-22,PG,-0.007053,0.576004
2020-12-23,PG,-0.001538,0.57358
2020-12-24,PG,0.010122,0.589508
2020-12-28,PG,0.006971,0.600588
2020-12-29,PG,-0.001875,0.597587
2020-12-30,PG,-0.004696,0.590085
2020-12-31,PG,0.009944,0.605897
2021-01-04,PG,-0.009487,0.590662
2021-01-05,PG,0.006385,0.600819
2021-01-06,PG,0.010527,0.61767
2021-01-07,PG,-0.009347,0.60255
2021-01-08,PG,-0.000433,0.601857
2021-01-11,PG,-0.006773,0.591008
2021-01-12,PG,-0.005803,0.581775
2021-01-13,PG,0.001532,0.584199
2021-01-14,PG,-0.010637,0.567348
2021-01-15,PG,-0.007511,0.555575
2021-01-19,PG,-0.008755,0.541957
2021-01-20,PG,-0.0125,0.522682
2021-01-21,PG,-0.000984,0.521184
2021-01-22,PG,-0.007709,0.509457
2021-01-25,PG,0.017231,0.535466
2021-01-26,PG,0.006428,0.545336
2021-01-27,PG,-0.03539,0.490647
2021-01-28,PG,0.015423,0.513637
2021-01-29,PG,-0.016493,0.488673
2021-02-01,PG,0.005927,0.497497
2021-02-02,PG,-0.001396,0.495407
2021-02-03,PG,0.001242,0.497265
2021-02-04,PG,0.00062,0.498194
2021-02-05,PG,0.004185,0.504464
2021-02-08,PG,-0.003087,0.49982
2021-02-09,PG,-0.003871,0.494014
2021-02-10,PG,-0.003497,0.488789
2021-02-11,PG,0.000858,0.490066
2021-02-12,PG,-0.005533,0.481822
2021-02-16,PG,0.002351,0.485306
2021-02-17,PG,0.004221,0.491576
2021-02-18,PG,0.008329,0.504
2021-02-19,PG,-0.018606,0.476017
2021-02-22,PG,-0.004248,0.469747
2021-02-23,PG,0.007426,0.480661
2021-02-24,PG,0.001098,0.482287
2021-02-25,PG,-0.00846,0.469747
2021-02-26,PG,-0.024096,0.434332
2021-03-01,PG,0.006152,0.443157
2021-03-02,PG,-0.003138,0.438629
2021-03-03,PG,-0.005972,0.430037
2021-03-04,PG,-0.008201,0.418309
2021-03-05,PG,0.031355,0.46278
2021-03-08,PG,0.010557,0.478223
2021-03-09,PG,-0.008876,0.465102
2021-03-10,PG,0.009193,0.478571
2021-03-11,PG,-0.003377,0.473578
2021-03-12,PG,0.009692,0.48786
2021-03-15,PG,0.003278,0.492737
2021-03-16,PG,0.002956,0.497149
2021-03-17,PG,-0.004033,0.491111
2021-03-18,PG,0.00218,0.494363
2021-03-19,PG,-0.005361,0.486351
2021-03-22,PG,0.016952,0.511547
2021-03-23,PG,0.01859,0.539646
2021-03-24,PG,-0.000302,0.539182
2021-03-25,PG,0.00694,0.549864
2021-03-26,PG,0.014759,0.572738
2021-03-29,PG,0.015652,0.597354
2021-03-30,PG,-0.01541,0.572738
2021-03-31,PG,-0.000148,0.572506
2021-04-01,PG,-0.008492,0.559153
2021-04-05,PG,0.01616,0.584349
2021-04-06,PG,0.000366,0.58493
2021-04-07,PG,0.001758,0.587717
2021-04-08,PG,0.003803,0.593754
2021-04-09,PG,-0.006484,0.58342
2021-04-12,PG,0.004033,0.589807
2021-04-13,PG,-0.013219,0.56879
2021-04-14,PG,0.003627,0.57448
2021-04-15,PG,0.012094,0.593522
2021-04-16,PG,7.3e-05,0.593638
2021-04-19,PG,-0.004663,0.586207
2021-04-20,PG,0.008345,0.599444
2021-04-21,PG,-0.006534,0.588994
2021-04-22,PG,-0.009928,0.573218
2021-04-23,PG,-0.005125,0.565155
2021-04-26,PG,-0.020009,0.533838
2021-04-27,PG,-0.00061,0.532903
2021-04-28,PG,0.001677,0.535474
2021-04-29,PG,0.008448,0.548446
2021-04-30,PG,0.006867,0.559079
2021-05-03,PG,0.011842,0.577542
2021-05-04,PG,-0.003407,0.572167
2021-05-05,PG,-0.008027,0.559546
2021-05-06,PG,0.012588,0.579178
2021-05-07,PG,7.4e-05,0.579295
2021-05-10,PG,0.018646,0.608742
2021-05-11,PG,-0.004939,0.600796
2021-05-12,PG,-0.010585,0.583852
2021-05-13,PG,0.016084,0.609326
2021-05-14,PG,0.002106,0.612716
2021-05-17,PG,-0.002029,0.609444
2021-05-18,PG,-0.010237,0.592967
2021-05-19,PG,0.002054,0.596239
2021-05-20,PG,0.010249,0.612599
2021-05-21,PG,0.0,0.612599
2021-05-24,PG,-0.00029,0.612131
2021-05-25,PG,0.003407,0.617624
2021-05-26,PG,-0.002239,0.614001
2021-05-27,PG,-0.022734,0.577308
2021-05-28,PG,-0.000963,0.575789
2021-06-01,PG,-0.014609,0.552769
2021-06-02,PG,0.004365,0.559546
2021-06-03,PG,0.017908,0.587475
2021-06-04,PG,0.000736,0.588643
2021-06-07,PG,0.003457,0.594136
2021-06-08,PG,-0.011582,0.575672
2021-06-09,PG,-0.000371,0.575088
2021-06-10,PG,0.007419,0.586774
2021-06-11,PG,-0.006849,0.575906
2021-06-14,PG,0.000371,0.576491
2021-06-15,PG,-0.001927,0.573452
2021-06-16,PG,-0.013888,0.5516
2021-06-17,PG,0.009113,0.56574
2021-06-18,PG,-0.014628,0.542836
2021-06-21,PG,0.007877,0.554989
2021-06-22,PG,0.000376,0.555573
2021-06-23,PG,-0.001427,0.553353
2021-06-24,PG,0.000677,0.554405
2021-06-25,PG,0.014283,0.576607
2021-06-28,PG,0.002965,0.581281
2021-06-29,PG,-0.006799,0.570531
2021-06-30,PG,0.003943,0.576724
2021-07-01,PG,0.002298,0.580347
2021-07-02,PG,0.00488,0.588059
2021-07-06,PG,0.000589,0.588994
2021-07-07,PG,0.007501,0.600913
2021-07-08,PG,-0.000146,0.600679
2021-07-09,PG,0.000365,0.601264
2021-07-12,PG,0.000803,0.602549
2021-07-13,PG,-0.00124,0.600562
2021-07-14,PG,0.007374,0.612365
2021-07-15,PG,0.008552,0.626154
2021-07-16,PG,0.009701,0.641929
2021-07-19,PG,-0.000498,0.641112
2021-07-20,PG,-0.005341,0.632347
2021-07-21,PG,-0.003508,0.626621
2021-07-22,PG,-0.003831,0.620389
2021-07-23,PG,0.014441,0.643789
2021-07-26,PG,0.003506,0.649551
2021-07-27,PG,0.004063,0.656254
2021-07-28,PG,-0.014839,0.631678
2021-07-29,PG,0.005189,0.640144
2021-07-30,PG,0.019716,0.672481
2021-08-02,PG,-0.002461,0.668366
2021-08-03,PG,0.01459,0.692707
2021-08-04,PG,-0.010559,0.674833
2021-08-05,PG,0.000491,0.675656
2021-08-06,PG,-0.007649,0.662839
2021-08-09,PG,0.005445,0.671893
2021-08-10,PG,0.000633,0.672952
2021-08-11,PG,0.00246,0.677067
2021-08-12,PG,0.002314,0.680948
2021-08-13,PG,0.004827,0.689061
2021-08-16,PG,0.006962,0.70082
2021-08-17,PG,0.001659,0.703643
2021-08-18,PG,-0.010906,0.685064
2021-08-19,PG,0.011793,0.704936
2021-08-20,PG,0.00069,0.706112
2021-08-23,PG,-0.0051,0.69741
2021-08-24,PG,-0.008105,0.683652
2021-08-25,PG,-0.003562,0.677655
2021-08-26,PG,-0.001752,0.674715
2021-08-27,PG,-0.000772,0.673422
2021-08-30,PG,0.004357,0.680713
2021-08-31,PG,-0.003778,0.674363
2021-09-01,PG,0.010183,0.691413
2021-09-02,PG,0.000765,0.692707
2021-09-03,PG,0.000695,0.693883
2021-09-07,PG,-0.003749,0.687533
2021-09-08,PG,0.007595,0.70035
2021-09-09,PG,-0.004219,0.693177
2021-09-10,PG,0.000973,0.694824
2021-09-13,PG,0.010754,0.71305
2021-09-14,PG,-0.001716,0.710109
2021-09-15,PG,-0.002131,0.706465
2021-09-16,PG,-0.00696,0.694588
2021-09-17,PG,0.001596,0.697292
2021-09-20,PG,-0.010045,0.680242
2021-09-21,PG,0.00154,0.682829
2021-09-22,PG,0.003424,0.688591
2021-09-23,PG,0.004109,0.695529
2021-09-24,PG,-0.004439,0.688003
2021-09-27,PG,-0.013166,0.665779
2021-09-28,PG,-0.007553,0.653197
2021-09-29,PG,0.010171,0.670012
2021-09-30,PG,-0.015632,0.643906
2021-10-01,PG,-0.001573,0.64132
2021-10-04,PG,-0.00566,0.63203
2021-10-05,PG,0.003891,0.63838
2021-10-06,PG,0.01335,0.660252
2021-10-07,PG,0.008003,0.67354
2021-10-08,PG,-0.004146,0.666602
2021-10-11,PG,0.004163,0.67354
2021-10-12,PG,-0.001476,0.67107
2021-10-13,PG,0.002322,0.674951
2021-10-14,PG,0.011303,0.693883
2021-10-15,PG,0.002568,0.698233
2021-10-18,PG,-0.014402,0.673775
2021-10-19,PG,-0.011803,0.65402
2021-10-20,PG,0.00391,0.660487
2021-10-21,PG,-0.007197,0.648537
2021-10-22,PG,0.010766,0.666285
2021-10-25,PG,0.000142,0.666521
2021-10-26,PG,0.0142,0.690185
2021-10-27,PG,-0.007141,0.678116
2021-10-28,PG,0.005993,0.688173
2021-10-29,PG,0.002173,0.691842
2021-11-01,PG,-0.002448,0.687701
2021-11-02,PG,0.009955,0.704501
2021-11-03,PG,0.006872,0.716215
2021-11-04,PG,0.001862,0.71941
2021-11-05,PG,0.004954,0.727928
2021-11-08,PG,-0.007463,0.715032
2021-11-09,PG,0.003036,0.720238
2021-11-10,PG,0.009836,0.737158
2021-11-11,PG,-0.002861,0.732188
2021-11-12,PG,0.001093,0.734082
2021-11-15,PG,0.005732,0.74402
2021-11-16,PG,-0.001425,0.741535
2021-11-17,PG,-0.000611,0.74047
2021-11-18,PG,0.000136,0.740708
2021-11-19,PG,-0.002039,0.737158
2021-11-22,PG,0.006675,0.748753
2021-11-23,PG,0.011096,0.768158
2021-11-24,PG,-0.00522,0.758928
2021-11-26,PG,-0.008005,0.744849
2021-11-29,PG,0.01051,0.763187
2021-11-30,PG,-0.029795,0.710654
2021-12-01,PG,0.012588,0.732188
2021-12-02,PG,0.005874,0.742363
2021-12-03,PG,0.017792,0.773363
2021-12-06,PG,0.015146,0.800222
2021-12-07,PG,-0.002629,0.795489
2021-12-08,PG,0.004481,0.803534
2021-12-09,PG,0.005839,0.814065
2021-12-10,PG,0.013958,0.839385
2021-12-13,PG,0.014216,0.865534
2021-12-14,PG,0.003678,0.872396
2021-12-15,PG,0.003855,0.879614
2021-12-16,PG,0.014163,0.906235
2021-12-17,PG,-0.022655,0.863049
2021-12-20,PG,0.00254,0.867781
2021-12-21,PG,-0.000633,0.866598
2021-12-22,PG,0.009889,0.885057
2021-12-23,PG,0.004896,0.894285
2021-12-27,PG,0.01168,0.916411
2021-12-28,PG,0.005371,0.926705
2021-12-29,PG,0.00829,0.942678
2021-12-30,PG,-0.008649,0.925876
2021-12-31,PG,0.004977,0.93546
2022-01-03,PG,-0.004157,0.927414
2022-01-04,PG,0.003499,0.934159
2022-01-05,PG,0.004527,0.942914
2022-01-06,PG,-0.008404,0.926587
2022-01-07,PG,-0.000553,0.925521
2022-01-10,PG,-0.013641,0.899255
2022-01-11,PG,-0.011588,0.877247
2022-01-12,PG,0.002206,0.881388
2022-01-13,PG,-0.004528,0.872869
2022-01-14,PG,0.009603,0.890854
2022-01-18,PG,-0.019273,0.854412
2022-01-19,PG,0.033625,0.916766
2022-01-20,PG,0.005399,0.927115
2022-01-21,PG,0.003827,0.934491
2022-01-24,PG,-0.008117,0.918788
2022-01-25,PG,-0.010912,0.897851
2022-01-26,PG,-0.008712,0.881316
2022-01-27,PG,0.006197,0.892974
2022-01-28,PG,0.008609,0.909271
2022-01-31,PG,-0.000311,0.908677
2022-02-01,PG,-0.004425,0.90023
2022-02-02,PG,0.017904,0.934252
2022-02-03,PG,0.009471,0.952572
2022-02-04,PG,-0.015901,0.921524
2022-02-07,PG,-0.007491,0.90713
2022-02-08,PG,-0.002245,0.902847
2022-02-09,PG,-0.00225,0.898565
2022-02-10,PG,-0.015225,0.869659
2022-02-11,PG,-0.005599,0.85919
2022-02-14,PG,0.002879,0.864543
2022-02-15,PG,0.000511,0.865495
2022-02-16,PG,0.007588,0.879651
2022-02-17,PG,0.011455,0.901183
2022-02-18,PG,0.0005,0.902134
2022-02-22,PG,-0.01232,0.878699
2022-02-23,PG,-0.012474,0.855265
2022-02-24,PG,-0.02693,0.805302
2022-02-25,PG,0.042699,0.882387
2022-02-28,PG,-0.014851,0.854432
2022-03-01,PG,-0.01655,0.823741
2022-03-02,PG,0.003131,0.829451
2022-03-03,PG,0.003706,0.836231
2022-03-04,PG,0.005053,0.84551
2022-03-07,PG,-0.014825,0.81815
2022-03-08,PG,-0.039584,0.74618
2022-03-09,PG,0.013489,0.769734
2022-03-10,PG,-0.025745,0.724173
2022-03-11,PG,-0.011867,0.703713
2022-03-14,PG,0.012777,0.725482
2022-03-15,PG,0.035988,0.787577
2022-03-16,PG,-0.003394,0.781511
2022-03-17,PG,0.003138,0.787102
2022-03-18,PG,-0.000532,0.78615
2022-03-21,PG,0.003796,0.792931
2022-03-22,PG,0.007696,0.80673
2022-03-23,PG,-0.00698,0.79412
2022-03-24,PG,0.001724,0.797213
2022-03-25,PG,0.011583,0.818031
2022-03-28,PG,0.00687,0.830521
2022-03-29,PG,0.010268,0.849317
2022-03-30,PG,-0.006883,0.836588
2022-03-31,PG,-0.010299,0.817674
2022-04-01,PG,0.014987,0.844915
2022-04-04,PG,-0.006512,0.832901
2022-04-05,PG,0.003505,0.839325
2022-04-06,PG,0.014293,0.865614
2022-04-07,PG,0.012944,0.889763
2022-04-08,PG,0.007805,0.904513
2022-04-11,PG,-0.00381,0.897256
2022-04-12,PG,-0.003009,0.891547
2022-04-13,PG,0.00283,0.8969
2022-04-14,PG,-0.005581,0.886313
2022-04-18,PG,-0.009523,0.86835
2022-04-19,PG,0.014962,0.896305
2022-04-20,PG,0.026598,0.946743
2022-04-21,PG,-0.00078,0.945224
2022-04-22,PG,-0.008364,0.928955
2022-04-25,PG,0.008062,0.944506
2022-04-26,PG,-0.01698,0.911489
2022-04-27,PG,-0.002691,0.906346
2022-04-28,PG,0.025414,0.954794
2022-04-29,PG,-0.017502,0.920581
2022-05-02,PG,-0.013516,0.894623
2022-05-03,PG,-0.013701,0.868664
2022-05-04,PG,0.007362,0.882421
2022-05-05,PG,-0.018429,0.84773
2022-05-06,PG,0.00997,0.866152
2022-05-09,PG,-0.0025,0.861486
2022-05-10,PG,-0.005269,0.851677
2022-05-11,PG,-0.014084,0.825599
2022-05-12,PG,-0.004063,0.818182
2022-05-13,PG,0.010724,0.837681
2022-05-16,PG,0.009764,0.855625
2022-05-17,PG,-0.002837,0.850361
2022-05-18,PG,-0.062322,0.735042
2022-05-19,PG,-0.023028,0.695088
2022-05-20,PG,0.000635,0.696164
2022-05-23,PG,0.022992,0.735162
2022-05-24,PG,0.017787,0.766025
2022-05-25,PG,-0.016392,0.737076
2022-05-26,PG,0.008746,0.752268
2022-05-27,PG,0.015292,0.779065
2022-05-31,PG,-0.005648,0.769016
2022-06-01,PG,-0.015148,0.74222
2022-06-02,PG,0.01078,0.761001
2022-06-03,PG,-0.008967,0.745211
2022-06-06,PG,-0.003907,0.738392
2022-06-07,PG,0.011148,0.757772
2022-06-08,PG,-0.012454,0.73588
2022-06-09,PG,-0.018055,0.704538
2022-06-10,PG,-0.00379,0.698078
2022-06-13,PG,-0.02677,0.652621
2022-06-14,PG,-0.031198,0.601062
2022-06-15,PG,-0.009937,0.585153
2022-06-16,PG,0.006113,0.594842
2022-06-17,PG,-0.007201,0.583358
2022-06-21,PG,0.030296,0.631327
2022-06-22,PG,0.015619,0.656808
2022-06-23,PG,0.027437,0.702265
2022-06-24,PG,0.014406,0.726788
2022-06-27,PG,-0.00762,0.71363
2022-06-28,PG,-0.016265,0.685757
2022-06-29,PG,0.009083,0.701069
2022-06-30,PG,0.011182,0.720089
2022-07-01,PG,0.016135,0.747842
2022-07-05,PG,-0.00965,0.730975
2022-07-06,PG,0.00933,0.747125
2022-07-07,PG,-0.000343,0.746526
2022-07-08,PG,-0.006712,0.734803
2022-07-11,PG,0.007033,0.747004
2022-07-12,PG,-0.008833,0.731574
2022-07-13,PG,0.006563,0.742938
2022-07-14,PG,-0.002951,0.737794
2022-07-15,PG,-0.001377,0.735402
2022-07-18,PG,-0.012132,0.714347
2022-07-19,PG,0.005094,0.72308
2022-07-20,PG,-0.017287,0.693293
2022-07-21,PG,0.000946,0.694895
2022-07-22,PG,0.015983,0.721985
2022-07-25,PG,0.006782,0.733664
2022-07-26,PG,0.001945,0.737036
2022-07-27,PG,0.009496,0.75353
2022-07-28,PG,0.016616,0.782668
2022-07-29,PG,-0.061799,0.6725
2022-08-01,PG,0.028723,0.72054
2022-08-02,PG,-0.006648,0.709102
2022-08-03,PG,0.020642,0.74438
2022-08-04,PG,-0.001588,0.741611
2022-08-05,PG,0.000484,0.742453
2022-08-08,PG,0.003801,0.749076
2022-08-09,PG,-0.002341,0.744982
2022-08-10,PG,0.009453,0.761477
2022-08-11,PG,-0.007109,0.748955
2022-08-12,PG,0.009707,0.765932
2022-08-15,PG,0.012886,0.788688
2022-08-16,PG,0.009222,0.805183
2022-08-17,PG,-0.004602,0.796875
2022-08-18,PG,0.003551,0.803256
2022-08-19,PG,-0.000267,0.802774
2022-08-22,PG,-0.002672,0.797958
2022-08-23,PG,-0.019286,0.763283
2022-08-24,PG,-0.004302,0.755698
2022-08-25,PG,-0.000823,0.754253
2022-08-26,PG,-0.023404,0.713196
2022-08-29,PG,-0.004217,0.705972
2022-08-30,PG,-0.010657,0.687791
2022-08-31,PG,-0.015979,0.660821
2022-09-01,PG,0.012324,0.681289
2022-09-02,PG,-0.01776,0.65143
2022-09-06,PG,-0.011155,0.633008
2022-09-07,PG,0.015114,0.65769
2022-09-08,PG,0.001307,0.659858
2022-09-09,PG,0.015233,0.685142
2022-09-12,PG,0.008145,0.698868
2022-09-13,PG,-0.020695,0.66371
2022-09-14,PG,0.002388,0.667684
2022-09-15,PG,-0.007725,0.654801
2022-09-16,PG,0.006112,0.664915
2022-09-19,PG,-0.002097,0.661423
2022-09-20,PG,-0.003551,0.655523
2022-09-21,PG,-0.012873,0.634212
2022-09-22,PG,0.003537,0.639992
2022-09-23,PG,-0.004625,0.632407
2022-09-26,PG,0.000959,0.633972
2022-09-27,PG,-0.027485,0.589061
2022-09-28,PG,0.0,0.589061
2022-09-29,PG,-0.024852,0.54957
2022-09-30,PG,-0.019037,0.520071
2022-10-03,PG,0.017901,0.547282
2022-10-04,PG,0.012373,0.566426
2022-10-05,PG,-0.006918,0.55559
2022-10-06,PG,-0.021053,0.522841
2022-10-07,PG,-0.017473,0.496232
2022-10-10,PG,-0.004104,0.490092
2022-10-11,PG,0.003797,0.49575
2022-10-12,PG,0.00161,0.498158
2022-10-13,PG,0.015109,0.520794
2022-10-14,PG,-0.009738,0.505985
2022-10-17,PG,0.018068,0.533195
2022-10-18,PG,0.008089,0.545597
2022-10-19,PG,0.00927,0.559924
2022-10-20,PG,-0.01288,0.539832
2022-10-21,PG,0.012521,0.559112
2022-10-24,PG,0.006144,0.568691
2022-10-25,PG,0.011517,0.586759
2022-10-26,PG,0.00703,0.597914
2022-10-27,PG,0.000759,0.599126
2022-10-28,PG,0.025326,0.639626
2022-10-31,PG,-0.004068,0.632957
2022-11-01,PG,0.001559,0.635504
2022-11-02,PG,-0.014383,0.61198
2022-11-03,PG,-0.006845,0.600945
2022-11-04,PG,0.018254,0.630168
2022-11-07,PG,0.015322,0.655147
2022-11-08,PG,0.002271,0.658906
2022-11-09,PG,-0.002412,0.654904
2022-11-10,PG,0.034437,0.711895
2022-11-11,PG,-0.001488,0.709348
2022-11-14,PG,7.1e-05,0.709469
2022-11-15,PG,-0.003476,0.703528
2022-11-16,PG,0.008897,0.718685
2022-11-17,PG,-0.006138,0.708136
2022-11-18,PG,0.012068,0.72875
2022-11-21,PG,0.012695,0.750697
2022-11-22,PG,0.008588,0.765732
2022-11-23,PG,0.0057,0.775797
2022-11-25,PG,0.001844,0.779071
2022-11-28,PG,-0.000818,0.777616
2022-11-29,PG,-0.00764,0.764035
2022-11-30,PG,0.025296,0.808658
2022-12-01,PG,0.000603,0.809748
2022-12-02,PG,0.009112,0.826239
2022-12-05,PG,-0.010092,0.807809
2022-12-06,PG,0.001274,0.810112
2022-12-07,PG,0.006431,0.821753
2022-12-08,PG,0.007189,0.834849
2022-12-09,PG,-0.002643,0.829999
2022-12-12,PG,0.01027,0.848793
2022-12-13,PG,-0.001509,0.846004
2022-12-14,PG,0.003942,0.85328
2022-12-15,PG,-0.011319,0.832302
2022-12-16,PG,-0.004434,0.824178
2022-12-19,PG,-0.000266,0.823693
2022-12-20,PG,0.000399,0.824421
2022-12-21,PG,0.009172,0.841154
2022-12-22,PG,0.002305,0.845398
2022-12-23,PG,0.002825,0.850612
2022-12-27,PG,0.008714,0.866739
2022-12-28,PG,-0.012926,0.842609
2022-12-29,PG,0.004146,0.850248
2022-12-30,PG,-0.00675,0.837759
2023-01-03,PG,6.6e-05,0.83788
2023-01-04,PG,0.004354,0.845883
2023-01-05,PG,-0.012416,0.822965
2023-01-06,PG,0.023813,0.866375
2023-01-09,PG,-0.012215,0.843578
2023-01-10,PG,-0.000986,0.84176
2023-01-11,PG,-0.008098,0.826846
2023-01-12,PG,-0.005642,0.816539
2023-01-13,PG,0.007142,0.829513
2023-01-17,PG,-0.002916,0.824178
2023-01-18,PG,-0.026788,0.775312
2023-01-19,PG,-0.021148,0.737767
2023-01-20,PG,0.003862,0.744478
2023-01-23,PG,-0.01343,0.72105
2023-01-24,PG,0.005459,0.730446
2023-01-25,PG,-0.000705,0.729226
2023-01-26,PG,-0.004022,0.722271
2023-01-27,PG,-0.004109,0.715194
2023-01-30,PG,0.00313,0.720562
2023-01-31,PG,0.009716,0.737279
2023-02-01,PG,0.005689,0.747162
2023-02-02,PG,-0.007124,0.734716
2023-02-03,PG,0.003095,0.740085
2023-02-06,PG,-0.008485,0.725321
2023-02-07,PG,-0.009759,0.708483
2023-02-08,PG,-0.010355,0.690791
2023-02-09,PG,-0.010969,0.672244
2023-02-10,PG,0.008829,0.687008
2023-02-13,PG,0.013091,0.709093
2023-02-14,PG,-0.00564,0.699454
2023-02-15,PG,-0.002298,0.695549
2023-02-16,PG,-0.013097,0.673342
2023-02-17,PG,0.020927,0.708361
2023-02-21,PG,-0.000714,0.707141
2023-02-22,PG,0.004217,0.71434
2023-02-23,PG,-0.003203,0.708849
2023-02-24,PG,-0.005641,0.69921
2023-02-27,PG,-0.000862,0.697745
2023-02-28,PG,-0.011355,0.678467
2023-03-01,PG,0.000727,0.679687
2023-03-02,PG,0.01649,0.707385
2023-03-03,PG,0.007289,0.719831
2023-03-06,PG,-0.004257,0.71251
2023-03-07,PG,-0.019879,0.678467
2023-03-08,PG,0.000145,0.678711
2023-03-09,PG,-0.007341,0.666387
2023-03-10,PG,0.00454,0.673952
2023-03-13,PG,0.006924,0.685543
2023-03-14,PG,0.012379,0.706409
2023-03-15,PG,0.014158,0.730568
2023-03-16,PG,0.007474,0.743502
2023-03-17,PG,0.00028,0.74399
2023-03-20,PG,0.015392,0.770834
2023-03-21,PG,-0.007235,0.758022
2023-03-22,PG,-0.000625,0.756924
2023-03-23,PG,-0.001389,0.754484
2023-03-24,PG,0.020377,0.790234
2023-03-27,PG,-0.005248,0.780839
2023-03-28,PG,0.002809,0.785842
2023-03-29,PG,0.003075,0.791333
2023-03-30,PG,0.004359,0.799141
2023-03-31,PG,0.00841,0.814272
2023-04-03,PG,0.005515,0.824277
2023-04-04,PG,0.004816,0.833062
2023-04-05,PG,0.006856,0.84563
2023-04-06,PG,0.006347,0.857344
2023-04-10,PG,-0.008277,0.84197
2023-04-11,PG,-0.001987,0.83831
2023-04-12,PG,0.002721,0.843312
2023-04-13,PG,0.004634,0.851854
2023-04-14,PG,-0.005074,0.842458
2023-04-17,PG,0.000331,0.843068
2023-04-18,PG,0.001059,0.84502
2023-04-19,PG,0.000198,0.845386
2023-04-20,PG,0.003666,0.852152
2023-04-21,PG,0.034604,0.916243
2023-04-24,PG,0.001794,0.919681
2023-04-25,PG,0.000255,0.920172
2023-04-26,PG,-0.011573,0.897949
2023-04-27,PG,0.012226,0.921154
2023-04-28,PG,-0.000575,0.920049
2023-05-01,PG,0.001215,0.922382
2023-05-02,PG,-0.000894,0.920663
2023-05-03,PG,-0.001279,0.918207
2023-05-04,PG,-0.004609,0.909367
2023-05-05,PG,0.003344,0.915752
2023-05-08,PG,-0.004678,0.906789
2023-05-09,PG,-0.010238,0.887267
2023-05-10,PG,0.002082,0.891196
2023-05-11,PG,0.002337,0.895616
2023-05-12,PG,0.010169,0.914892
2023-05-15,PG,0.000321,0.915506
2023-05-16,PG,-0.001731,0.912191
2023-05-17,PG,-0.004238,0.904088
2023-05-18,PG,-0.016443,0.872778
2023-05-19,PG,0.004196,0.880637
2023-05-22,PG,-0.02618,0.831402
2023-05-23,PG,-0.010794,0.811634
2023-05-24,PG,-0.008268,0.796655
2023-05-25,PG,-0.006424,0.785113
2023-05-26,PG,6.9e-05,0.785236
2023-05-30,PG,-0.015268,0.757978
2023-05-31,PG,-0.004749,0.749629
2023-06-01,PG,0.010246,0.767555
2023-06-02,PG,0.017782,0.798987
2023-06-05,PG,-0.003958,0.791866
2023-06-06,PG,-0.009936,0.774062
2023-06-07,PG,0.002146,0.777869
2023-06-08,PG,0.011326,0.798005
2023-06-09,PG,0.000819,0.799478
2023-06-12,PG,-0.007847,0.785358
2023-06-13,PG,-0.002407,0.781061
2023-06-14,PG,0.009375,0.797759
2023-06-15,PG,0.013864,0.822684
2023-06-16,PG,0.007342,0.836067
2023-06-20,PG,-0.009228,0.819124
2023-06-21,PG,0.008639,0.834839
2023-06-22,PG,0.003413,0.841101
2023-06-23,PG,-0.009936,0.822807
2023-06-26,PG,0.00101,0.824649
2023-06-27,PG,0.009488,0.84196
2023-06-28,PG,-0.0002,0.841592
2023-06-29,PG,-0.004067,0.834103
2023-06-30,PG,0.015799,0.863079
2023-07-03,PG,0.005009,0.872411
2023-07-05,PG,-0.001705,0.869218
2023-07-06,PG,-0.001642,0.866148
2023-07-07,PG,-0.020988,0.826981
2023-07-10,PG,0.000403,0.827718
2023-07-11,PG,-0.00524,0.818141
2023-07-12,PG,0.0052,0.827595
2023-07-13,PG,0.000672,0.828824
2023-07-14,PG,0.007385,0.842329
2023-07-17,PG,-0.007064,0.829314
2023-07-18,PG,0.001879,0.832752
2023-07-19,PG,0.006833,0.845276
2023-07-20,PG,0.008108,0.860238
2023-07-21,PG,0.015741,0.889521
2023-07-24,PG,0.003204,0.895575
2023-07-25,PG,0.002346,0.900023
2023-07-26,PG,0.001041,0.902
2023-07-27,PG,-0.011888,0.879389
2023-07-28,PG,0.028269,0.932518
2023-07-31,PG,-0.000703,0.931159
2023-08-01,PG,-0.00032,0.930541
2023-08-02,PG,0.002176,0.934741
2023-08-03,PG,0.002618,0.939807
2023-08-04,PG,-0.010955,0.918556
2023-08-07,PG,0.010561,0.938818
2023-08-08,PG,0.001084,0.940919
2023-08-09,PG,-0.001273,0.938448
2023-08-10,PG,-0.004972,0.928811
2023-08-11,PG,0.005829,0.940054
2023-08-14,PG,-0.007833,0.924857
2023-08-15,PG,-0.006419,0.912502
2023-08-16,PG,-0.010207,0.89298
2023-08-17,PG,-0.00718,0.879389
2023-08-18,PG,0.002827,0.884702
2023-08-21,PG,-0.005048,0.875188
2023-08-22,PG,0.000395,0.875929
2023-08-23,PG,0.009353,0.893474
2023-08-24,PG,-0.004633,0.884702
2023-08-25,PG,0.006556,0.897057
2023-08-28,PG,0.001563,0.900023
2023-08-29,PG,0.000585,0.901134
2023-08-30,PG,0.001105,0.903235
2023-08-31,PG,0.001947,0.906942
2023-09-01,PG,0.001101,0.909042
2023-09-05,PG,-0.013397,0.883466
2023-09-06,PG,-0.001968,0.87976
2023-09-07,PG,0.00953,0.897675
2023-09-08,PG,-0.004297,0.889521
2023-09-11,PG,0.011901,0.912007
2023-09-12,PG,-0.017577,0.8784
2023-09-13,PG,0.006973,0.891498
2023-09-14,PG,0.010974,0.912255
2023-09-15,PG,-0.008399,0.896193
2023-09-18,PG,0.003779,0.903359
2023-09-19,PG,-0.002921,0.897799
2023-09-20,PG,-0.000846,0.896193
2023-09-21,PG,-0.008666,0.87976
2023-09-22,PG,-0.003681,0.87284
2023-09-25,PG,-0.006069,0.861474
2023-09-26,PG,-0.008894,0.844918
2023-09-27,PG,-0.01326,0.820453
2023-09-28,PG,-0.006787,0.808098
2023-09-29,PG,-0.00328,0.802168
2023-10-02,PG,-0.004594,0.793889
2023-10-03,PG,0.002066,0.797596
2023-10-04,PG,0.003299,0.803526
2023-10-05,PG,-0.014866,0.776715
2023-10-06,PG,0.002017,0.780298
2023-10-09,PG,-0.005066,0.771279
2023-10-10,PG,0.009905,0.788824
2023-10-11,PG,-0.012295,0.766831
2023-10-12,PG,0.002238,0.770785
2023-10-13,PG,0.009559,0.787712
2023-10-16,PG,0.009538,0.804762
2023-10-17,PG,0.001301,0.80711
2023-10-18,PG,0.025776,0.85369
2023-10-19,PG,-0.005628,0.843258
2023-10-20,PG,-0.001349,0.840771
2023-10-23,PG,0.000675,0.842015
2023-10-24,PG,0.011812,0.863773
2023-10-25,PG,0.00467,0.872477
2023-10-26,PG,-0.005312,0.86253
2023-10-27,PG,-0.017624,0.829706
2023-10-30,PG,0.01427,0.855816
2023-10-31,PG,0.005159,0.865389
2023-11-01,PG,-0.002799,0.860168
2023-11-02,PG,0.012232,0.882921
2023-11-03,PG,-0.009047,0.865887
2023-11-06,PG,0.005797,0.876704
2023-11-07,PG,-0.002319,0.872352
2023-11-08,PG,-0.003851,0.865141
2023-11-09,PG,0.002267,0.869368
2023-11-10,PG,0.00705,0.882547
2023-11-13,PG,0.006935,0.895603
2023-11-14,PG,-0.00223,0.891375
2023-11-15,PG,-0.004602,0.882672
2023-11-16,PG,0.009312,0.900203
2023-11-17,PG,-0.011516,0.878321
2023-11-20,PG,-0.005296,0.868373
2023-11-21,PG,-0.004392,0.860168
2023-11-22,PG,0.009424,0.877699
2023-11-24,PG,0.002384,0.882175
2023-11-27,PG,-0.000925,0.880434
2023-11-28,PG,0.006943,0.893489
2023-11-29,PG,-0.007617,0.879067
2023-11-30,PG,0.015814,0.908782
2023-12-01,PG,-0.005602,0.898089
2023-12-04,PG,-0.00393,0.890629
2023-12-05,PG,-0.034855,0.824732
2023-12-06,PG,-0.000749,0.823365
2023-12-07,PG,-0.001023,0.821499
2023-12-08,PG,-0.009215,0.804715
2023-12-11,PG,0.004616,0.813045
2023-12-12,PG,0.000823,0.814537
2023-12-13,PG,0.01809,0.847361
2023-12-14,PG,-0.026383,0.798622
2023-12-15,PG,-0.004839,0.789919
2023-12-18,PG,0.015351,0.817396
2023-12-19,PG,0.0,0.817396
2023-12-20,PG,-0.015461,0.789297
2023-12-21,PG,0.002432,0.793648
2023-12-22,PG,0.007071,0.806331
2023-12-26,PG,0.004543,0.814537
2023-12-27,PG,0.000822,0.816029
2023-12-28,PG,-0.002259,0.811925
2023-12-29,PG,0.005558,0.821997
2024-01-02,PG,0.015013,0.849351
2024-01-03,PG,-0.006051,0.83816
2024-01-04,PG,0.005479,0.848231
2024-01-05,PG,-0.008274,0.832938
2024-01-08,PG,0.008615,0.848729
2024-01-09,PG,0.004103,0.856313
2024-01-10,PG,0.004287,0.864271
2024-01-11,PG,0.003801,0.871357
2024-01-12,PG,0.000598,0.872477
2024-01-16,PG,-0.005379,0.862405
2024-01-17,PG,0.001001,0.864271
2024-01-18,PG,-0.005765,0.853523
2024-01-19,PG,-0.003848,0.846391
2024-01-22,PG,0.001965,0.85002
2024-01-23,PG,0.04139,0.926593
2024-01-24,PG,-0.012079,0.90332
2024-01-25,PG,0.023008,0.947112
2024-01-26,PG,0.003341,0.953618
2024-01-29,PG,0.000128,0.953869
2024-01-30,PG,0.008517,0.97051
2024-01-31,PG,-0.002222,0.966131
2024-02-01,PG,0.012982,0.991655
2024-02-02,PG,-0.006848,0.978017
2024-02-05,PG,0.000759,0.979518
2024-02-06,PG,0.004741,0.988902
2024-02-07,PG,0.001007,0.990904
2024-02-08,PG,-0.003017,0.984898
2024-02-09,PG,-0.00769,0.969634
2024-02-12,PG,-0.001969,0.965755
2024-02-13,PG,-0.005346,0.955245
2024-02-14,PG,-0.004095,0.947238
2024-02-15,PG,0.008867,0.964504
2024-02-16,PG,0.003184,0.97076
2024-02-20,PG,0.006349,0.983272
2024-02-21,PG,0.011923,1.006919
2024-02-22,PG,0.000998,1.008922
2024-02-23,PG,0.002927,1.014802
2024-02-26,PG,-0.00503,1.004667
2024-02-27,PG,-0.005742,0.993156
2024-02-28,PG,0.004708,1.00254
2024-02-29,PG,-0.006935,0.988652
2024-03-01,PG,-0.000566,0.987526
2024-03-04,PG,0.00447,0.996409
2024-03-05,PG,-0.001504,0.993407
2024-03-06,PG,0.001569,0.996535
2024-03-07,PG,0.00658,1.009672
2024-03-08,PG,-0.001681,1.006294
2024-03-11,PG,0.007483,1.021308
2024-03-12,PG,0.002352,1.026063
2024-03-13,PG,0.002285,1.030692
2024-03-14,PG,-0.004929,1.020683
2024-03-15,PG,-0.000743,1.019182
2024-03-18,PG,-0.001053,1.017054
2024-03-19,PG,0.003846,1.024812
2024-03-20,PG,0.000989,1.026814
2024-03-21,PG,-0.000803,1.025187
2024-03-22,PG,-0.001236,1.022685
2024-03-25,PG,-0.009093,1.004292
2024-03-26,PG,0.002247,1.008796
2024-03-27,PG,0.012831,1.034571
2024-03-28,PG,-0.002214,1.030067
2024-04-01,PG,-0.010293,1.009171
2024-04-02,PG,-6.2e-05,1.009047
2024-04-03,PG,-0.027527,0.953744
2024-04-04,PG,-0.004483,0.944985
2024-04-05,PG,0.004181,0.953118
2024-04-08,PG,-0.000384,0.952367
2024-04-09,PG,0.003974,0.960125
2024-04-10,PG,0.003702,0.967382
2024-04-11,PG,-0.008904,0.949865
2024-04-12,PG,-0.003273,0.943484
2024-04-15,PG,0.000773,0.944985
2024-04-16,PG,0.003216,0.951241
2024-04-17,PG,0.006476,0.963878
2024-04-18,PG,0.008573,0.980715
2024-04-19,PG,0.005404,0.991419
2024-04-22,PG,0.015176,1.021641
2024-04-23,PG,0.00598,1.03373
2024-04-24,PG,0.006811,1.047582
2024-04-25,PG,-0.000307,1.046953
2024-04-26,PG,-0.007752,1.031086
2024-04-29,PG,0.002294,1.035745
2024-04-30,PG,0.009526,1.055138
2024-05-01,PG,0.001225,1.057656
2024-05-02,PG,0.002693,1.063197
2024-05-03,PG,0.003784,1.071005
2024-05-06,PG,-0.000122,1.070753
2024-05-07,PG,0.008027,1.087375
2024-05-08,PG,-0.004162,1.078687
2024-05-09,PG,0.005876,1.090901
2024-05-10,PG,0.004878,1.101102
2024-05-13,PG,-0.005874,1.088761
2024-05-14,PG,-0.000663,1.087375
2024-05-15,PG,0.004525,1.09682
2024-05-16,PG,0.008108,1.11382
2024-05-17,PG,-0.001311,1.11105
2024-05-20,PG,-0.001969,1.106894
2024-05-21,PG,0.006216,1.119991
2024-05-22,PG,-0.003208,1.113191
2024-05-23,PG,-0.013825,1.083975
2024-05-24,PG,-0.000967,1.081961
2024-05-28,PG,-0.013428,1.054005
2024-05-29,PG,-0.008951,1.035619
2024-05-30,PG,0.005753,1.047331
2024-05-31,PG,0.012056,1.072012
2024-06-03,PG,0.000669,1.073398
2024-06-04,PG,0.014333,1.103117
2024-06-05,PG,-0.005748,1.091028
2024-06-06,PG,0.014574,1.121502
2024-06-07,PG,-0.008369,1.103746
2024-06-10,PG,0.001736,1.107398
2024-06-11,PG,0.000777,1.109035
2024-06-12,PG,-0.013733,1.080072
2024-06-13,PG,0.007446,1.095561
2024-06-14,PG,0.002283,1.100346
2024-06-17,PG,0.004257,1.109287
2024-06-18,PG,0.006328,1.122635
2024-06-20,PG,-0.00528,1.111428
2024-06-21,PG,0.003519,1.118857
2024-06-24,PG,0.001129,1.12125
2024-06-25,PG,-0.009498,1.101102
2024-06-26,PG,0.003596,1.108657
2024-06-27,PG,-0.004957,1.098205
2024-06-28,PG,-0.010203,1.076798
2024-07-01,PG,-0.01334,1.049093
2024-07-02,PG,0.007252,1.063953
2024-07-03,PG,-0.000427,1.063072
2024-07-05,PG,0.008423,1.08045
2024-07-08,PG,0.007929,1.096946
2024-07-09,PG,-0.005165,1.086116
2024-07-10,PG,0.006882,1.100472
2024-07-11,PG,-0.007554,1.084605
2024-07-12,PG,0.006464,1.098079
2024-07-15,PG,-0.012184,1.072516
2024-07-16,PG,0.0144,1.102361
2024-07-17,PG,0.014915,1.133717
2024-07-18,PG,-0.005902,1.121124
2024-07-19,PG,0.003148,1.127801
2024-07-22,PG,0.001727,1.131474
2024-07-23,PG,-0.009688,1.110824
2024-07-24,PG,0.008282,1.128307
2024-07-25,PG,-0.006548,1.114371
2024-07-26,PG,0.013242,1.142369
2024-07-29,PG,0.004849,1.152757
2024-07-30,PG,-0.048432,1.048496
2024-07-31,PG,-0.005813,1.036587
2024-08-01,PG,0.030667,1.099043
2024-08-02,PG,0.026495,1.154658
2024-08-05,PG,-0.011877,1.129068
2024-08-06,PG,0.000178,1.129447
2024-08-07,PG,0.011482,1.153898
2024-08-08,PG,0.004999,1.164666
2024-08-09,PG,-0.001931,1.160485
2024-08-12,PG,-0.021872,1.113232
2024-08-13,PG,0.002878,1.119312
2024-08-14,PG,0.009026,1.138442
2024-08-15,PG,-0.005213,1.127294
2024-08-16,PG,-0.000178,1.126914
2024-08-19,PG,0.003157,1.133628
2024-08-20,PG,0.011816,1.158838
2024-08-21,PG,-0.001467,1.155671
2024-08-22,PG,-5.9e-05,1.155544
2024-08-23,PG,-0.00576,1.143129
2024-08-26,PG,0.006975,1.158078
2024-08-27,PG,-0.006457,1.144143
2024-08-28,PG,-0.001123,1.141736
2024-08-29,PG,0.005738,1.154024
2024-08-30,PG,0.008881,1.173154
2024-09-03,PG,0.017372,1.210906
2024-09-04,PG,0.007907,1.228388
2024-09-05,PG,-0.002445,1.222941
2024-09-06,PG,0.000684,1.224461
2024-09-09,PG,0.002677,1.230415
2024-09-10,PG,0.009826,1.252332
2024-09-11,PG,-0.021767,1.203305
2024-09-12,PG,-0.002587,1.197604
2024-09-13,PG,0.003517,1.205332
2024-09-16,PG,0.018153,1.245364
2024-09-17,PG,-0.007673,1.228135
2024-09-18,PG,-0.011144,1.203305
2024-09-19,PG,-0.013684,1.173154
2024-09-20,PG,0.015623,1.207105
2024-09-23,PG,-0.002583,1.201404
2024-09-24,PG,-0.00305,1.19469
2024-09-25,PG,-0.005657,1.182275
2024-09-26,PG,0.005515,1.19431
2024-09-27,PG,0.001963,1.198618
2024-09-30,PG,-0.002017,1.194183
2024-10-01,PG,-0.000924,1.192156
2024-10-02,PG,-0.006472,1.177968
2024-10-03,PG,-0.01047,1.155164
2024-10-04,PG,-0.007289,1.139456
2024-10-07,PG,-0.010422,1.117159
2024-10-08,PG,0.006223,1.130334
2024-10-09,PG,0.006601,1.144397
2024-10-10,PG,-0.001891,1.140342
2024-10-11,PG,0.012666,1.167452
2024-10-14,PG,0.0083,1.185442
2024-10-15,PG,0.006145,1.198871
2024-10-16,PG,-0.006856,1.183795
2024-10-17,PG,-0.00058,1.182528
2024-10-18,PG,4.1e-05,1.182617
2024-10-21,PG,-0.010159,1.160445
2024-10-22,PG,0.000944,1.162483
2024-10-23,PG,-0.000707,1.160954
2024-10-24,PG,0.000236,1.161464
2024-10-25,PG,-0.008254,1.143624
2024-10-28,PG,0.00642,1.157386
2024-10-29,PG,-0.012581,1.130244
2024-10-30,PG,-0.006042,1.117373
2024-10-31,PG,-0.005898,1.104885
2024-11-01,PG,-0.000484,1.103866
2024-11-04,PG,-0.000121,1.103611
2024-11-05,PG,0.004119,1.112276
2024-11-06,PG,-0.028415,1.052257
2024-11-07,PG,0.014654,1.08233
2024-11-08,PG,0.026314,1.137125
2024-11-11,PG,-0.010017,1.115717
2024-11-12,PG,-0.001144,1.113296
2024-11-13,PG,0.004462,1.122726
2024-11-14,PG,0.003002,1.129097
2024-11-15,PG,0.014723,1.160445
2024-11-18,PG,0.007137,1.175864
2024-11-19,PG,5.9e-05,1.175991
2024-11-20,PG,0.000761,1.177648
2024-11-21,PG,0.010884,1.20135
2024-11-22,PG,0.020434,1.246332
2024-11-25,PG,0.006297,1.260477
2024-11-26,PG,0.010824,1.284944
2024-11-27,PG,0.000279,1.285581
2024-11-29,PG,-0.000558,1.284306
2024-12-02,PG,0.002455,1.289913
2024-12-03,PG,-0.023817,1.235374
2024-12-04,PG,-0.001767,1.231423
2024-12-05,PG,0.005254,1.243147
2024-12-06,PG,-0.012555,1.214985
2024-12-09,PG,-0.017432,1.176373
2024-12-10,PG,0.008724,1.19536
2024-12-11,PG,-0.009577,1.174334
2024-12-12,PG,0.001289,1.177138
2024-12-13,PG,0.001229,1.179814
2024-12-16,PG,0.000468,1.180833
2024-12-17,PG,-0.004733,1.170512
2024-12-18,PG,-0.007339,1.154583
2024-12-19,PG,0.000651,1.155985
2024-12-20,PG,-0.006679,1.141585
2024-12-23,PG,0.000298,1.142222
2024-12-24,PG,0.004937,1.152799
2024-12-26,PG,0.007222,1.168345
2024-12-27,PG,-0.003702,1.160317
2024-12-30,PG,-0.014393,1.129224
2019-01-03,XOM,-0.015354,-0.015354
2019-01-04,XOM,0.036869,0.02095
2019-01-07,XOM,0.0052,0.026259
2019-01-08,XOM,0.007271,0.033721
2019-01-09,XOM,0.005275,0.039174
2019-01-10,XOM,-0.005109,0.033864
2019-01-11,XOM,-0.00458,0.029129
2019-01-14,XOM,-0.001255,0.027837
2019-01-15,XOM,0.000558,0.028411
2019-01-16,XOM,-0.000418,0.027981
2019-01-17,XOM,0.00684,0.035012
2019-01-18,XOM,0.011923,0.047352
2019-01-22,XOM,-0.01507,0.031568
2019-01-23,XOM,-0.008207,0.023102
2019-01-24,XOM,0.001403,0.024537
2019-01-25,XOM,0.004482,0.029129
2019-01-28,XOM,-0.006693,0.022241
2019-01-29,XOM,0.00379,0.026116
2019-01-30,XOM,0.010908,0.037308
2019-01-31,XOM,0.013695,0.051514
2019-02-01,XOM,0.036026,0.089396
2019-02-04,XOM,-0.014489,0.073611
2019-02-05,XOM,0.010292,0.084661
2019-02-06,XOM,-0.004366,0.079925
2019-02-07,XOM,-0.007706,0.071603
2019-02-08,XOM,0.001624,0.073343
2019-02-11,XOM,0.001622,0.075085
2019-02-12,XOM,0.017544,0.093946
2019-02-13,XOM,0.011273,0.106278
2019-02-14,XOM,0.000262,0.106568
2019-02-15,XOM,0.018881,0.127461
2019-02-19,XOM,0.006691,0.135005
2019-02-20,XOM,0.003835,0.139357
2019-02-21,XOM,-0.009041,0.129056
2019-02-22,XOM,0.00771,0.137762
2019-02-25,XOM,0.00102,0.138922
2019-02-26,XOM,0.002038,0.141244
2019-02-27,XOM,0.010298,0.152996
2019-02-28,XOM,-0.005537,0.146612
2019-03-01,XOM,0.012274,0.160685
2019-03-04,XOM,0.003875,0.165183
2019-03-05,XOM,-0.001494,0.163442
2019-03-06,XOM,-0.011348,0.150239
2019-03-07,XOM,0.0111,0.163007
2019-03-08,XOM,-0.014346,0.146322
2019-03-11,XOM,0.009745,0.157493
2019-03-12,XOM,0.002758,0.160685
2019-03-13,XOM,0.008875,0.170987
2019-03-14,XOM,-0.003345,0.167069
2019-03-15,XOM,-0.003605,0.162862
2019-03-18,XOM,0.011603,0.176355
2019-03-19,XOM,-0.00259,0.173308
2019-03-20,XOM,0.005565,0.179837
2019-03-21,XOM,0.005779,0.186655
2019-03-22,XOM,-0.016016,0.16765
2019-03-25,XOM,-0.006958,0.159524
2019-03-26,XOM,0.013013,0.174614
2019-03-27,XOM,-0.007658,0.165618
2019-03-28,XOM,0.004979,0.171422
2019-03-29,XOM,0.000743,0.172292
2019-04-01,XOM,0.01151,0.185785
2019-04-02,XOM,-0.004283,0.180707
2019-04-03,XOM,-0.005898,0.173743
2019-04-04,XOM,0.014215,0.190428
2019-04-05,XOM,0.005362,0.196812
2019-04-08,XOM,0.006183,0.204211
2019-04-09,XOM,-0.012892,0.188687
2019-04-10,XOM,-0.004516,0.183319
2019-04-11,XOM,0.004781,0.188977
2019-04-12,XOM,-0.012568,0.174033
2019-04-15,XOM,-0.003336,0.170116
2019-04-16,XOM,0.006819,0.178096
2019-04-17,XOM,0.002833,0.181433
2019-04-18,XOM,-0.003684,0.17708
2019-04-22,XOM,0.021817,0.20276
2019-04-23,XOM,0.00579,0.209724
2019-04-24,XOM,-0.019429,0.186221
2019-04-25,XOM,0.005626,0.192894
2019-04-26,XOM,-0.021041,0.167794
2019-04-29,XOM,-0.00646,0.16025
2019-04-30,XOM,0.003876,0.164748
2019-05-01,XOM,-0.020055,0.141389
2019-05-02,XOM,-0.017541,0.121367
2019-05-03,XOM,0.002329,0.123979
2019-05-06,XOM,-0.004389,0.119046
2019-05-07,XOM,-0.005316,0.113097
2019-05-08,XOM,0.001564,0.114838
2019-05-09,XOM,-0.000911,0.113822
2019-05-10,XOM,0.008696,0.123508
2019-05-13,XOM,-0.011102,0.111035
2019-05-14,XOM,0.001321,0.112502
2019-05-15,XOM,0.007387,0.12072
2019-05-16,XOM,-0.000131,0.120573
2019-05-17,XOM,-0.005893,0.11397
2019-05-20,XOM,-0.000132,0.113823
2019-05-21,XOM,0.004611,0.118959
2019-05-22,XOM,-0.009049,0.108833
2019-05-23,XOM,-0.023425,0.082859
2019-05-24,XOM,0.004201,0.087408
2019-05-28,XOM,-0.020108,0.065542
2019-05-29,XOM,-0.006197,0.058939
2019-05-30,XOM,-0.002633,0.056151
2019-05-31,XOM,-0.016674,0.038541
2019-06-03,XOM,0.015685,0.05483
2019-06-04,XOM,0.02379,0.079924
2019-06-05,XOM,-0.008289,0.070972
2019-06-06,XOM,0.018224,0.090489
2019-06-07,XOM,0.003634,0.094452
2019-06-10,XOM,0.004425,0.099295
2019-06-11,XOM,-0.000935,0.098267
2019-06-12,XOM,-0.010823,0.086381
2019-06-13,XOM,0.00878,0.095919
2019-06-14,XOM,-0.004419,0.091077
2019-06-17,XOM,0.009952,0.101936
2019-06-18,XOM,0.008656,0.111475
2019-06-19,XOM,-0.005545,0.105311
2019-06-20,XOM,0.017127,0.124242
2019-06-21,XOM,0.014098,0.140091
2019-06-24,XOM,-0.009525,0.129231
2019-06-25,XOM,-0.008837,0.119252
2019-06-26,XOM,0.004327,0.124095
2019-06-27,XOM,-0.010183,0.112649
2019-06-28,XOM,0.010683,0.124535
2019-07-01,XOM,-0.000913,0.123508
2019-07-02,XOM,-0.010972,0.111181
2019-07-03,XOM,0.009509,0.121747
2019-07-05,XOM,-0.004055,0.117198
2019-07-08,XOM,0.004598,0.122334
2019-07-09,XOM,-0.000654,0.1216
2019-07-10,XOM,0.01413,0.137449
2019-07-11,XOM,0.000774,0.13833
2019-07-12,XOM,0.000774,0.139211
2019-07-15,XOM,-0.007085,0.131139
2019-07-16,XOM,-0.01492,0.114263
2019-07-17,XOM,-0.005926,0.107659
2019-07-18,XOM,-0.008479,0.098267
2019-07-19,XOM,0.002004,0.100469
2019-07-22,XOM,0.001067,0.101643
2019-07-23,XOM,0.003996,0.106045
2019-07-24,XOM,-0.000133,0.105898
2019-07-25,XOM,-0.005706,0.099588
2019-07-26,XOM,-0.001602,0.097827
2019-07-29,XOM,0.007085,0.105605
2019-07-30,XOM,0.000133,0.105752
2019-07-31,XOM,-0.013139,0.091223
2019-08-01,XOM,-0.025551,0.063341
2019-08-02,XOM,-0.009798,0.052922
2019-08-05,XOM,-0.020488,0.03135
2019-08-06,XOM,0.009676,0.041329
2019-08-07,XOM,-0.006482,0.034579
2019-08-08,XOM,0.026667,0.062167
2019-08-09,XOM,-0.021277,0.039568
2019-08-12,XOM,-0.004859,0.034516
2019-08-13,XOM,0.012351,0.047294
2019-08-14,XOM,-0.04029,0.005099
2019-08-15,XOM,-0.005913,-0.000844
2019-08-16,XOM,0.015614,0.014756
2019-08-19,XOM,0.016838,0.031842
2019-08-20,XOM,-0.006048,0.025602
2019-08-21,XOM,0.009996,0.035853
2019-08-22,XOM,-0.002151,0.033625
2019-08-23,XOM,-0.029898,0.002722
2019-08-26,XOM,0.005334,0.00807
2019-08-27,XOM,-0.009727,-0.001736
2019-08-28,XOM,0.007293,0.005545
2019-08-29,XOM,0.011081,0.016688
2019-08-30,XOM,0.000731,0.01743
2019-09-03,XOM,0.001168,0.018619
2019-09-04,XOM,0.010648,0.029465
2019-09-05,XOM,0.014143,0.044025
2019-09-06,XOM,0.009392,0.053831
2019-09-09,XOM,0.007895,0.062151
2019-09-10,XOM,0.008113,0.070768
2019-09-11,XOM,-0.001942,0.068688
2019-09-12,XOM,0.000695,0.069431
2019-09-13,XOM,0.009169,0.079237
2019-09-16,XOM,0.015006,0.095432
2019-09-17,XOM,-0.007596,0.087111
2019-09-18,XOM,-0.004783,0.081912
2019-09-19,XOM,-0.006729,0.074631
2019-09-20,XOM,-0.003457,0.070917
2019-09-23,XOM,0.000694,0.07166
2019-09-24,XOM,-0.013725,0.056951
2019-09-25,XOM,0.002952,0.060071
2019-09-26,XOM,-0.005326,0.054425
2019-09-27,XOM,0.007186,0.062002
2019-09-30,XOM,-0.012171,0.049076
2019-10-01,XOM,-0.023509,0.024413
2019-10-02,XOM,-0.026106,-0.00233
2019-10-03,XOM,0.012361,0.010002
2019-10-04,XOM,0.014563,0.024711
2019-10-07,XOM,-0.013774,0.010596
2019-10-08,XOM,-0.019406,-0.009016
2019-10-09,XOM,0.011095,0.001979
2019-10-10,XOM,0.01201,0.014013
2019-10-11,XOM,0.010696,0.024859
2019-10-14,XOM,0.002899,0.027831
2019-10-15,XOM,0.003469,0.031396
2019-10-16,XOM,-0.017142,0.013716
2019-10-17,XOM,-0.001319,0.012379
2019-10-18,XOM,-0.007778,0.004505
2019-10-21,XOM,0.016713,0.021293
2019-10-22,XOM,0.005091,0.026493
2019-10-23,XOM,0.009553,0.036299
2019-10-24,XOM,-0.009462,0.026493
2019-10-25,XOM,0.002316,0.028871
2019-10-28,XOM,-0.008809,0.019808
2019-10-29,XOM,-0.002914,0.016836
2019-10-30,XOM,-0.01052,0.006139
2019-10-31,XOM,-0.002215,0.00391
2019-11-01,XOM,0.030043,0.034071
2019-11-04,XOM,0.029741,0.064825
2019-11-05,XOM,0.019813,0.085923
2019-11-06,XOM,-0.021891,0.062151
2019-11-07,XOM,0.021262,0.084734
2019-11-08,XOM,-0.018991,0.064134
2019-11-11,XOM,-0.006076,0.057668
2019-11-12,XOM,-0.01379,0.043083
2019-11-13,XOM,-0.008217,0.034512
2019-11-14,XOM,-0.00436,0.030001
2019-11-15,XOM,0.010073,0.040377
2019-11-18,XOM,-0.009684,0.030302
2019-11-19,XOM,-0.010216,0.019776
2019-11-20,XOM,0.003096,0.022934
2019-11-21,XOM,0.024107,0.047594
2019-11-22,XOM,-0.004306,0.043083
2019-11-25,XOM,-0.006631,0.036166
2019-11-26,XOM,-0.002467,0.03361
2019-11-27,XOM,-0.000582,0.033008
2019-11-29,XOM,-0.008297,0.024438
2019-12-02,XOM,0.004257,0.028798
2019-12-03,XOM,-0.007892,0.020679
2019-12-04,XOM,0.011344,0.032257
2019-12-05,XOM,-0.003496,0.028648
2019-12-06,XOM,0.01608,0.045188
2019-12-09,XOM,0.002158,0.047443
2019-12-10,XOM,-0.008613,0.038422
2019-12-11,XOM,-0.001448,0.036918
2019-12-12,XOM,0.020012,0.057668
2019-12-13,XOM,-0.01578,0.040978
2019-12-16,XOM,0.011122,0.052556
2019-12-17,XOM,-0.004572,0.047744
2019-12-18,XOM,0.002727,0.050601
2019-12-19,XOM,-0.00687,0.043384
2019-12-20,XOM,0.007926,0.051654
2019-12-23,XOM,0.005005,0.056917
2019-12-24,XOM,-0.003841,0.052857
2019-12-26,XOM,0.001571,0.054511
2019-12-27,XOM,-0.003422,0.050902
2019-12-30,XOM,-0.005866,0.044737
2019-12-31,XOM,0.004318,0.049248
2020-01-02,XOM,0.01605,0.066089
2020-01-03,XOM,-0.008039,0.057518
2020-01-06,XOM,0.007678,0.065638
2020-01-07,XOM,-0.008184,0.056917
2020-01-08,XOM,-0.01508,0.040978
2020-01-09,XOM,0.007656,0.048947
2020-01-10,XOM,-0.008888,0.039625
2020-01-13,XOM,0.009546,0.049549
2020-01-14,XOM,-0.008596,0.040527
2020-01-15,XOM,-0.00159,0.038873
2020-01-16,XOM,-0.003908,0.034813
2020-01-17,XOM,-0.003778,0.030904
2020-01-21,XOM,-0.014294,0.016168
2020-01-22,XOM,-0.005771,0.010303
2020-01-23,XOM,-0.006251,0.003988
2020-01-24,XOM,-0.006739,-0.002778
2020-01-27,XOM,-0.023824,-0.026536
2020-01-28,XOM,-0.00139,-0.027889
2020-01-29,XOM,-0.008353,-0.036009
2020-01-30,XOM,0.010607,-0.025784
2020-01-31,XOM,-0.04121,-0.065932
2020-02-03,XOM,-0.022376,-0.086833
2020-02-04,XOM,-0.012514,-0.09826
2020-02-05,XOM,0.046023,-0.056759
2020-02-06,XOM,-0.01355,-0.06954
2020-02-07,XOM,-0.006626,-0.075706
2020-02-10,XOM,-0.010561,-0.085467
2020-02-11,XOM,0.009506,-0.076773
2020-02-12,XOM,0.012225,-0.065486
2020-02-13,XOM,-0.005549,-0.070672
2020-02-14,XOM,-0.004595,-0.074943
2020-02-18,XOM,-0.012696,-0.086687
2020-02-19,XOM,0.007682,-0.079671
2020-02-20,XOM,-0.007955,-0.086992
2020-02-21,XOM,-0.012195,-0.098126
2020-02-24,XOM,-0.046846,-0.140376
2020-02-25,XOM,-0.038325,-0.173321
2020-02-26,XOM,-0.021956,-0.191471
2020-02-27,XOM,-0.060177,-0.240126
2020-02-28,XOM,0.032517,-0.215417
2020-03-02,XOM,0.047434,-0.178201
2020-03-03,XOM,-0.047884,-0.217553
2020-03-04,XOM,0.021832,-0.20047
2020-03-05,XOM,-0.044067,-0.235703
2020-03-06,XOM,-0.048294,-0.272614
2020-03-09,XOM,-0.122248,-0.361535
2020-03-10,XOM,0.037028,-0.337894
2020-03-11,XOM,-0.032942,-0.359705
2020-03-12,XOM,-0.11434,-0.432916
2020-03-13,XOM,0.025282,-0.418579
2020-03-16,XOM,-0.095226,-0.473945
2020-03-17,XOM,0.067266,-0.43856
2020-03-18,XOM,-0.100245,-0.494841
2020-03-19,XOM,0.039553,-0.47486
2020-03-20,XOM,-0.049085,-0.500637
2020-03-23,XOM,-0.039401,-0.520312
2020-03-24,XOM,0.126868,-0.459455
2020-03-25,XOM,0.052201,-0.431239
2020-03-26,XOM,0.041029,-0.407903
2020-03-27,XOM,-0.048171,-0.436424
2020-03-30,XOM,0.014885,-0.428035
2020-03-31,XOM,0.012533,-0.420867
2020-04-01,XOM,-0.011588,-0.427578
2020-04-02,XOM,0.076473,-0.383804
2020-04-03,XOM,-0.029456,-0.401954
2020-04-06,XOM,0.032135,-0.382736
2020-04-07,XOM,0.019026,-0.370992
2020-04-08,XOM,0.063288,-0.331183
2020-04-09,XOM,-0.01642,-0.342165
2020-04-13,XOM,-0.008579,-0.347808
2020-04-14,XOM,-0.007718,-0.352841
2020-04-15,XOM,-0.045958,-0.382583
2020-04-16,XOM,-0.032855,-0.402869
2020-04-17,XOM,0.103959,-0.340792
2020-04-20,XOM,-0.0472,-0.371907
2020-04-21,XOM,-0.005343,-0.375262
2020-04-22,XOM,0.028565,-0.357417
2020-04-23,XOM,0.031331,-0.337284
2020-04-24,XOM,0.006444,-0.333013
2020-04-27,XOM,0.004802,-0.32981
2020-04-28,XOM,0.023441,-0.3141
2020-04-29,XOM,0.05537,-0.276122
2020-04-30,XOM,-0.02086,-0.291222
2020-05-01,XOM,-0.071659,-0.342012
2020-05-04,XOM,0.040334,-0.315473
2020-05-05,XOM,-0.001114,-0.316236
2020-05-06,XOM,-0.018737,-0.329047
2020-05-07,XOM,0.005683,-0.325235
2020-05-08,XOM,0.043852,-0.295645
2020-05-11,XOM,-0.009528,-0.302356
2020-05-12,XOM,-0.016715,-0.314017
2020-05-13,XOM,-0.049637,-0.348067
2020-05-14,XOM,0.008824,-0.342315
2020-05-15,XOM,-0.007092,-0.346979
2020-05-18,XOM,0.079524,-0.295048
2020-05-19,XOM,-0.030878,-0.316816
2020-05-20,XOM,0.032545,-0.294582
2020-05-21,XOM,-0.017853,-0.307176
2020-05-22,XOM,0.000897,-0.306554
2020-05-26,XOM,0.029372,-0.286186
2020-05-27,XOM,0.007188,-0.281055
2020-05-28,XOM,-0.025951,-0.299713
2020-05-29,XOM,0.009547,-0.293027
2020-06-01,XOM,0.017814,-0.280433
2020-06-02,XOM,0.022256,-0.264418
2020-06-03,XOM,0.040795,-0.23441
2020-06-04,XOM,-0.002843,-0.236587
2020-06-05,XOM,0.081059,-0.174706
2020-06-08,XOM,0.031273,-0.148896
2020-06-09,XOM,-0.022287,-0.167865
2020-06-10,XOM,-0.053625,-0.212488
2020-06-11,XOM,-0.088253,-0.281988
2020-06-12,XOM,0.021438,-0.266595
2020-06-15,XOM,-0.000636,-0.267062
2020-06-16,XOM,0.022487,-0.250581
2020-06-17,XOM,-0.032573,-0.274991
2020-06-18,XOM,0.006219,-0.270482
2020-06-19,XOM,-0.020034,-0.285097
2020-06-22,XOM,0.009569,-0.278256
2020-06-23,XOM,0.006032,-0.273903
2020-06-24,XOM,-0.047109,-0.308109
2020-06-25,XOM,0.015056,-0.297691
2020-06-26,XOM,-0.034315,-0.321791
2020-06-29,XOM,0.016048,-0.310907
2020-06-30,XOM,0.009025,-0.304688
2020-07-01,XOM,-0.022585,-0.320392
2020-07-02,XOM,0.008465,-0.314639
2020-07-06,XOM,0.007033,-0.309819
2020-07-07,XOM,-0.025907,-0.327699
2020-07-08,XOM,-0.002313,-0.329254
2020-07-09,XOM,-0.041261,-0.35693
2020-07-10,XOM,0.03119,-0.336873
2020-07-13,XOM,0.000235,-0.336717
2020-07-14,XOM,0.033052,-0.314794
2020-07-15,XOM,0.012707,-0.306088
2020-07-16,XOM,-0.007842,-0.311529
2020-07-17,XOM,-0.017163,-0.323346
2020-07-20,XOM,-0.023438,-0.339205
2020-07-21,XOM,0.050588,-0.305777
2020-07-22,XOM,-0.023292,-0.321947
2020-07-23,XOM,0.002064,-0.320547
2020-07-24,XOM,-0.006179,-0.324745
2020-07-27,XOM,0.014736,-0.314794
2020-07-28,XOM,-0.0118,-0.32288
2020-07-29,XOM,0.011022,-0.315416
2020-07-30,XOM,-0.049058,-0.349
2020-07-31,XOM,0.005016,-0.345735
2020-08-03,XOM,0.00404,-0.343092
2020-08-04,XOM,0.028876,-0.324123
2020-08-05,XOM,0.008741,-0.318215
2020-08-06,XOM,-0.004789,-0.32148
2020-08-07,XOM,-0.004583,-0.32459
2020-08-10,XOM,0.024632,-0.307953
2020-08-11,XOM,0.010335,-0.300801
2020-08-12,XOM,-0.000227,-0.30096
2020-08-13,XOM,-0.024496,-0.318083
2020-08-14,XOM,0.004418,-0.315071
2020-08-17,XOM,-0.012963,-0.323949
2020-08-18,XOM,-0.004925,-0.327279
2020-08-19,XOM,-0.011077,-0.33473
2020-08-20,XOM,-0.015253,-0.344878
2020-08-21,XOM,-0.007502,-0.349792
2020-08-24,XOM,0.029505,-0.330608
2020-08-25,XOM,-0.031739,-0.351854
2020-08-26,XOM,-0.021282,-0.365647
2020-08-27,XOM,-0.006749,-0.369928
2020-08-28,XOM,0.023906,-0.354866
2020-08-31,XOM,-0.018432,-0.366757
2020-09-01,XOM,-0.012769,-0.374843
2020-09-02,XOM,-0.006087,-0.378649
2020-09-03,XOM,-0.002041,-0.379917
2020-09-04,XOM,-0.000767,-0.380392
2020-09-08,XOM,-0.02303,-0.394662
2020-09-09,XOM,-0.006024,-0.398309
2020-09-10,XOM,-0.025033,-0.413371
2020-09-11,XOM,-0.002703,-0.414956
2020-09-14,XOM,-0.006504,-0.418761
2020-09-15,XOM,-0.010638,-0.424945
2020-09-16,XOM,0.04246,-0.400528
2020-09-17,XOM,-0.000265,-0.400687
2020-09-18,XOM,-0.016138,-0.410358
2020-09-21,XOM,-0.020435,-0.422408
2020-09-22,XOM,-0.024705,-0.436677
2020-09-23,XOM,-0.032085,-0.454752
2020-09-24,XOM,-0.002036,-0.455862
2020-09-25,XOM,0.009324,-0.450788
2020-09-28,XOM,0.019342,-0.440165
2020-09-29,XOM,-0.02917,-0.456496
2020-09-30,XOM,0.001459,-0.455703
2020-10-01,XOM,-0.034955,-0.474729
2020-10-02,XOM,-0.004528,-0.477107
2020-10-05,XOM,0.023044,-0.465057
2020-10-06,XOM,-0.010373,-0.470607
2020-10-07,XOM,0.003294,-0.468863
2020-10-08,XOM,0.052537,-0.440958
2020-10-09,XOM,-0.014748,-0.449202
2020-10-12,XOM,-0.003166,-0.450947
2020-10-13,XOM,-0.011839,-0.457447
2020-10-14,XOM,-0.002046,-0.458557
2020-10-15,XOM,0.008785,-0.4538
2020-10-16,XOM,-0.01016,-0.45935
2020-10-19,XOM,-0.019941,-0.470131
2020-10-20,XOM,0.008378,-0.465692
2020-10-21,XOM,-0.016024,-0.474253
2020-10-22,XOM,0.051266,-0.4473
2020-10-23,XOM,-0.02008,-0.458398
2020-10-26,XOM,-0.023712,-0.471241
2020-10-27,XOM,-0.015892,-0.479644
2020-10-28,XOM,-0.038087,-0.499462
2020-10-29,XOM,0.044346,-0.477266
2020-10-30,XOM,-0.010616,-0.482815
2020-11-02,XOM,0.041999,-0.461094
2020-11-03,XOM,-0.017064,-0.470289
2020-11-04,XOM,-0.005388,-0.473143
2020-11-05,XOM,-0.001806,-0.474095
2020-11-06,XOM,-0.011758,-0.480278
2020-11-09,XOM,0.126602,-0.41448
2020-11-10,XOM,0.022185,-0.40149
2020-11-11,XOM,-0.010309,-0.407661
2020-11-12,XOM,-0.034265,-0.427957
2020-11-13,XOM,0.024127,-0.414156
2020-11-16,XOM,0.05765,-0.380382
2020-11-17,XOM,0.013365,-0.372101
2020-11-18,XOM,-0.037755,-0.395807
2020-11-19,XOM,0.005106,-0.392722
2020-11-20,XOM,-0.0123,-0.400191
2020-11-23,XOM,0.065511,-0.360897
2020-11-24,XOM,0.066565,-0.318355
2020-11-25,XOM,-0.027871,-0.337353
2020-11-27,XOM,-0.015192,-0.34742
2020-11-30,XOM,-0.051256,-0.380869
2020-12-01,XOM,0.009704,-0.374861
2020-12-02,XOM,0.037402,-0.351479
2020-12-03,XOM,0.00676,-0.347095
2020-12-04,XOM,0.036558,-0.323226
2020-12-07,XOM,-0.018714,-0.335891
2020-12-08,XOM,0.032763,-0.314133
2020-12-09,XOM,0.013257,-0.305041
2020-12-10,XOM,0.028271,-0.285393
2020-12-11,XOM,-0.004772,-0.288803
2020-12-14,XOM,-0.036073,-0.314458
2020-12-15,XOM,0.019422,-0.301143
2020-12-16,XOM,0.015334,-0.290427
2020-12-17,XOM,-0.005034,-0.293999
2020-12-18,XOM,-0.017249,-0.306177
2020-12-21,XOM,-0.018254,-0.318842
2020-12-22,XOM,-0.016925,-0.330371
2020-12-23,XOM,0.012852,-0.321765
2020-12-24,XOM,-0.00407,-0.324526
2020-12-28,XOM,0.003366,-0.322252
2020-12-29,XOM,-0.01126,-0.329884
2020-12-30,XOM,0.007996,-0.324526
2020-12-31,XOM,-0.009134,-0.330696
2021-01-04,XOM,0.006793,-0.326149
2021-01-05,XOM,0.048193,-0.293674
2021-01-06,XOM,0.025517,-0.275651
2021-01-07,XOM,0.007846,-0.269968
2021-01-08,XOM,0.011121,-0.261849
2021-01-11,XOM,0.030357,-0.239441
2021-01-12,XOM,0.022203,-0.222554
2021-01-13,XOM,0.011278,-0.213786
2021-01-14,XOM,0.039034,-0.183098
2021-01-15,XOM,-0.048102,-0.222392
2021-01-19,XOM,0.019837,-0.206967
2021-01-20,XOM,0.014128,-0.195763
2021-01-21,XOM,-0.028669,-0.21882
2021-01-22,XOM,-0.014134,-0.229861
2021-01-25,XOM,-0.011174,-0.238467
2021-01-26,XOM,-0.021962,-0.255192
2021-01-27,XOM,-0.011336,-0.263635
2021-01-28,XOM,0.015656,-0.252107
2021-01-29,XOM,-0.026487,-0.271916
2021-02-01,XOM,0.001784,-0.270617
2021-02-02,XOM,0.015806,-0.259089
2021-02-03,XOM,0.039228,-0.230024
2021-02-04,XOM,0.01919,-0.215248
2021-02-05,XOM,0.03352,-0.188943
2021-02-08,XOM,0.043043,-0.154033
2021-02-09,XOM,-0.011712,-0.163941
2021-02-10,XOM,0.009678,-0.15585
2021-02-11,XOM,-0.025039,-0.176986
2021-02-12,XOM,0.013644,-0.165757
2021-02-16,XOM,0.030087,-0.140657
2021-02-17,XOM,0.015565,-0.127282
2021-02-18,XOM,-0.015705,-0.140988
2021-02-19,XOM,0.006728,-0.135208
2021-02-22,XOM,0.036853,-0.103338
2021-02-23,XOM,0.013812,-0.090953
2021-02-24,XOM,0.029973,-0.063706
2021-02-25,XOM,-0.016579,-0.079228
2021-02-26,XOM,-0.024928,-0.102182
2021-03-01,XOM,0.037337,-0.06866
2021-03-02,XOM,-0.005851,-0.074109
2021-03-03,XOM,0.008026,-0.066679
2021-03-04,XOM,0.038747,-0.030515
2021-03-05,XOM,0.037813,0.006144
2021-03-08,XOM,-0.000984,0.005154
2021-03-09,XOM,-0.015443,-0.010369
2021-03-10,XOM,0.030703,0.020015
2021-03-11,XOM,-0.007447,0.012419
2021-03-12,XOM,0.010765,0.023318
2021-03-15,XOM,-0.025496,-0.002773
2021-03-16,XOM,-0.021196,-0.023909
2021-03-17,XOM,0.004399,-0.019616
2021-03-18,XOM,-0.043119,-0.06189
2021-03-19,XOM,-0.005633,-0.067174
2021-03-22,XOM,-0.010267,-0.076752
2021-03-23,XOM,-0.012341,-0.088145
2021-03-24,XOM,0.020282,-0.069651
2021-03-25,XOM,-0.00284,-0.072293
2021-03-26,XOM,0.027234,-0.047028
2021-03-29,XOM,-0.005372,-0.052147
2021-03-30,XOM,-0.012369,-0.063871
2021-03-31,XOM,-0.01517,-0.078073
2021-04-01,XOM,0.027942,-0.052312
2021-04-05,XOM,-0.015508,-0.067009
2021-04-06,XOM,-0.002832,-0.069651
2021-04-07,XOM,0.004437,-0.065523
2021-04-08,XOM,-0.010426,-0.075265
2021-04-09,XOM,-0.002321,-0.077412
2021-04-12,XOM,-0.006623,-0.083522
2021-04-13,XOM,0.003784,-0.080054
2021-04-14,XOM,0.0289,-0.053468
2021-04-15,XOM,-0.005932,-0.059082
2021-04-16,XOM,-0.005616,-0.064367
2021-04-19,XOM,-0.003177,-0.067339
2021-04-20,XOM,-0.02107,-0.08699
2021-04-21,XOM,0.012842,-0.075265
2021-04-22,XOM,-0.013036,-0.08732
2021-04-23,XOM,0.005428,-0.082366
2021-04-26,XOM,0.001979,-0.08055
2021-04-27,XOM,0.013111,-0.068495
2021-04-28,XOM,0.030136,-0.040423
2021-04-29,XOM,0.014283,-0.026717
2021-04-30,XOM,-0.028843,-0.054789
2021-05-03,XOM,0.027603,-0.028698
2021-05-04,XOM,0.00629,-0.022588
2021-05-05,XOM,0.030073,0.006805
2021-05-06,XOM,0.009513,0.016382
2021-05-07,XOM,0.014298,0.030914
2021-05-10,XOM,0.002403,0.033391
2021-05-11,XOM,-0.031799,0.00053
2021-05-12,XOM,0.005358,0.005891
2021-05-13,XOM,-0.012325,-0.006507
2021-05-14,XOM,0.024789,0.018121
2021-05-17,XOM,0.023367,0.041911
2021-05-18,XOM,-0.0283,0.012425
2021-05-19,XOM,-0.023995,-0.011868
2021-05-20,XOM,-0.002374,-0.014213
2021-05-21,XOM,0.00136,-0.012873
2021-05-24,XOM,0.011711,-0.001313
2021-05-25,XOM,-0.022647,-0.02393
2021-05-26,XOM,0.011672,-0.012538
2021-05-27,XOM,-0.006447,-0.018904
2021-05-28,XOM,-0.003245,-0.022088
2021-06-01,XOM,0.035806,0.012927
2021-06-02,XOM,0.007939,0.020969
2021-06-03,XOM,0.003938,0.02499
2021-06-04,XOM,0.004413,0.029514
2021-06-07,XOM,-0.006509,0.022812
2021-06-08,XOM,0.01769,0.040906
2021-06-09,XOM,0.00837,0.049618
2021-06-10,XOM,0.001596,0.051294
2021-06-11,XOM,-0.009243,0.041577
2021-06-14,XOM,-0.001609,0.039901
2021-06-15,XOM,0.036411,0.077764
2021-06-16,XOM,-0.003575,0.073911
2021-06-17,XOM,-0.032917,0.038561
2021-06-18,XOM,-0.025649,0.011923
2021-06-21,XOM,0.036258,0.048613
2021-06-22,XOM,0.019172,0.068717
2021-06-23,XOM,0.007368,0.076592
2021-06-24,XOM,0.004046,0.080947
2021-06-25,XOM,0.00217,0.083293
2021-06-28,XOM,-0.025518,0.055649
2021-06-29,XOM,-0.006189,0.049116
2021-06-30,XOM,0.007346,0.056822
2021-07-01,XOM,0.002854,0.059838
2021-07-02,XOM,-0.001423,0.05833
2021-07-06,XOM,-0.028494,0.028173
2021-07-07,XOM,-0.015643,0.01209
2021-07-08,XOM,-0.00447,0.007566
2021-07-09,XOM,0.018124,0.025828
2021-07-12,XOM,-0.00098,0.024823
2021-07-13,XOM,-0.004741,0.019964
2021-07-14,XOM,-0.022175,-0.002653
2021-07-15,XOM,-0.009743,-0.01237
2021-07-16,XOM,-0.02765,-0.039679
2021-07-19,XOM,-0.034369,-0.072684
2021-07-20,XOM,0.011021,-0.062464
2021-07-21,XOM,0.032166,-0.032307
2021-07-22,XOM,-0.011254,-0.043197
2021-07-23,XOM,-0.001226,-0.04437
2021-07-26,XOM,0.025245,-0.020245
2021-07-27,XOM,-0.011115,-0.031135
2021-07-28,XOM,0.006744,-0.0246
2021-07-29,XOM,0.012195,-0.012706
2021-07-30,XOM,-0.023078,-0.035491
2021-08-02,XOM,0.000174,-0.035323
2021-08-03,XOM,0.010768,-0.024936
2021-08-04,XOM,-0.023368,-0.047721
2021-08-05,XOM,0.006333,-0.04169
2021-08-06,XOM,0.011539,-0.030632
2021-08-09,XOM,-0.011407,-0.04169
2021-08-10,XOM,0.017133,-0.025271
2021-08-11,XOM,0.002922,-0.022423
2021-08-12,XOM,-0.002262,-0.024634
2021-08-13,XOM,-0.010113,-0.034498
2021-08-16,XOM,-0.014621,-0.048614
2021-08-17,XOM,-0.006793,-0.055077
2021-08-18,XOM,-0.021058,-0.074975
2021-08-19,XOM,-0.03052,-0.103207
2021-08-20,XOM,0.00019,-0.103037
2021-08-23,XOM,0.041145,-0.066131
2021-08-24,XOM,0.008195,-0.058478
2021-08-25,XOM,0.001806,-0.056777
2021-08-26,XOM,-0.013523,-0.069533
2021-08-27,XOM,0.019375,-0.051505
2021-08-30,XOM,-0.010938,-0.06188
2021-08-31,XOM,-0.011603,-0.072764
2021-09-01,XOM,-0.013756,-0.085519
2021-09-02,XOM,0.024363,-0.06324
2021-09-03,XOM,-0.003813,-0.066812
2021-09-07,XOM,-0.005832,-0.072254
2021-09-08,XOM,-0.009166,-0.080758
2021-09-09,XOM,0.00074,-0.080077
2021-09-10,XOM,-0.002033,-0.081948
2021-09-13,XOM,0.02575,-0.058308
2021-09-14,XOM,-0.014267,-0.071744
2021-09-15,XOM,0.033712,-0.040451
2021-09-16,XOM,-0.010634,-0.050655
2021-09-17,XOM,-0.011824,-0.06188
2021-09-20,XOM,-0.02665,-0.08688
2021-09-21,XOM,-0.000931,-0.08773
2021-09-22,XOM,0.029269,-0.061029
2021-09-23,XOM,0.033871,-0.029225
2021-09-24,XOM,0.008935,-0.020552
2021-09-27,XOM,0.029693,0.008531
2021-09-28,XOM,0.010455,0.019075
2021-09-29,XOM,-0.000668,0.018395
2021-09-30,XOM,-0.017702,0.000367
2021-10-01,XOM,0.035872,0.036253
2021-10-04,XOM,0.012966,0.049688
2021-10-05,XOM,-0.00162,0.047987
2021-10-06,XOM,-0.018338,0.028769
2021-10-07,XOM,0.002811,0.03166
2021-10-08,XOM,0.025058,0.057512
2021-10-11,XOM,-0.009971,0.046967
2021-10-12,XOM,-0.005198,0.041525
2021-10-13,XOM,-0.002776,0.038634
2021-10-14,XOM,0.015228,0.05445
2021-10-15,XOM,0.009516,0.064484
2021-10-18,XOM,-0.000479,0.063974
2021-10-19,XOM,0.015026,0.079961
2021-10-20,XOM,0.005512,0.085914
2021-10-21,XOM,-0.018168,0.066185
2021-10-22,XOM,0.006859,0.073498
2021-10-25,XOM,0.019487,0.094417
2021-10-26,XOM,0.023154,0.119758
2021-10-27,XOM,-0.025972,0.090676
2021-10-28,XOM,0.002807,0.093737
2021-10-29,XOM,0.002488,0.096458
2021-11-01,XOM,0.017993,0.116187
2021-11-02,XOM,-0.012342,0.102411
2021-11-03,XOM,-0.01373,0.087274
2021-11-04,XOM,0.007508,0.095438
2021-11-05,XOM,0.009471,0.105812
2021-11-08,XOM,0.010766,0.117717
2021-11-09,XOM,0.009738,0.128602
2021-11-10,XOM,-0.019701,0.106368
2021-11-11,XOM,0.001869,0.108436
2021-11-12,XOM,-0.007619,0.09999
2021-11-15,XOM,0.008618,0.10947
2021-11-16,XOM,0.010098,0.120673
2021-11-17,XOM,-0.01092,0.108436
2021-11-18,XOM,-0.010885,0.096371
2021-11-19,XOM,-0.046219,0.045698
2021-11-22,XOM,0.013845,0.060176
2021-11-23,XOM,0.026337,0.088098
2021-11-24,XOM,0.005544,0.09413
2021-11-26,XOM,-0.035129,0.055694
2021-11-29,XOM,0.005551,0.061555
2021-11-30,XOM,-0.028414,0.031392
2021-12-01,XOM,-0.000836,0.03053
2021-12-02,XOM,0.02492,0.056211
2021-12-03,XOM,-0.006364,0.049489
2021-12-06,XOM,0.011332,0.061382
2021-12-07,XOM,0.011205,0.073275
2021-12-08,XOM,0.002891,0.076377
2021-12-09,XOM,0.002562,0.079135
2021-12-10,XOM,0.006389,0.086029
2021-12-13,XOM,-0.021901,0.062244
2021-12-14,XOM,-0.00146,0.060693
2021-12-15,XOM,-0.004387,0.056039
2021-12-16,XOM,0.001632,0.057763
2021-12-17,XOM,-0.021835,0.034667
2021-12-20,XOM,-0.014493,0.019671
2021-12-21,XOM,0.02265,0.042767
2021-12-22,XOM,0.008099,0.051213
2021-12-23,XOM,0.000492,0.05173
2021-12-27,XOM,0.014258,0.066725
2021-12-28,XOM,-0.003232,0.063278
2021-12-29,XOM,-0.008753,0.053971
2021-12-30,XOM,-0.005887,0.047766
2021-12-31,XOM,0.00658,0.05466
2022-01-03,XOM,0.038405,0.095164
2022-01-04,XOM,0.037614,0.136358
2022-01-05,XOM,0.012437,0.150491
2022-01-06,XOM,0.023521,0.177552
2022-01-07,XOM,0.008197,0.187204
2022-01-10,XOM,-0.005952,0.180137
2022-01-11,XOM,0.042062,0.229776
2022-01-12,XOM,-0.002943,0.226157
2022-01-13,XOM,-0.007169,0.217366
2022-01-14,XOM,0.017556,0.238739
2022-01-18,XOM,0.016836,0.259594
2022-01-19,XOM,0.000411,0.260111
2022-01-20,XOM,0.002188,0.262869
2022-01-21,XOM,-0.015013,0.24391
2022-01-24,XOM,0.008591,0.254596
2022-01-25,XOM,0.0294,0.29148
2022-01-26,XOM,-0.010143,0.278381
2022-01-27,XOM,0.012809,0.294755
2022-01-28,XOM,0.00213,0.297513
2022-01-31,XOM,0.009033,0.309233
2022-02-01,XOM,0.064112,0.393172
2022-02-02,XOM,-0.002598,0.389552
2022-02-03,XOM,-0.011659,0.373351
2022-02-04,XOM,0.021712,0.403169
2022-02-07,XOM,0.012038,0.42006
2022-02-08,XOM,-0.025853,0.383347
2022-02-09,XOM,-0.004787,0.376725
2022-02-10,XOM,-0.00962,0.36348
2022-02-11,XOM,0.025179,0.397812
2022-02-14,XOM,-0.015335,0.376376
2022-02-15,XOM,-0.012535,0.359124
2022-02-16,XOM,0.004616,0.365398
2022-02-17,XOM,-0.001532,0.363306
2022-02-18,XOM,-0.011121,0.348145
2022-02-22,XOM,-0.011634,0.332461
2022-02-23,XOM,0.004054,0.337863
2022-02-24,XOM,-0.012635,0.320959
2022-02-25,XOM,0.026913,0.35651
2022-02-28,XOM,0.007451,0.366617
2022-03-01,XOM,0.009564,0.379688
2022-03-02,XOM,0.017178,0.403388
2022-03-03,XOM,0.006333,0.412276
2022-03-04,XOM,0.037636,0.465428
2022-03-07,XOM,0.036033,0.518232
2022-03-08,XOM,0.007576,0.529733
2022-03-09,XOM,-0.056847,0.442773
2022-03-10,XOM,0.031042,0.48756
2022-03-11,XOM,-0.005155,0.479892
2022-03-14,XOM,-0.035798,0.426915
2022-03-15,XOM,-0.056912,0.345706
2022-03-16,XOM,-0.003756,0.340651
2022-03-17,XOM,0.026647,0.376376
2022-03-18,XOM,-0.003925,0.370974
2022-03-21,XOM,0.044871,0.432491
2022-03-22,XOM,-0.00438,0.426218
2022-03-23,XOM,0.015763,0.448698
2022-03-24,XOM,0.003007,0.453055
2022-03-25,XOM,0.021828,0.484772
2022-03-28,XOM,-0.028051,0.443122
2022-03-29,XOM,-0.005313,0.435454
2022-03-30,XOM,0.017118,0.460026
2022-03-31,XOM,-0.014204,0.439288
2022-04-01,XOM,0.006417,0.448524
2022-04-04,XOM,0.000481,0.449221
2022-04-05,XOM,-0.005171,0.441728
2022-04-06,XOM,0.011121,0.45776
2022-04-07,XOM,0.016737,0.482158
2022-04-08,XOM,0.021046,0.513352
2022-04-11,XOM,-0.034431,0.461246
2022-04-12,XOM,0.020871,0.491743
2022-04-13,XOM,0.014135,0.512829
2022-04-14,XOM,0.01175,0.530605
2022-04-18,XOM,0.008198,0.543152
2022-04-19,XOM,-0.008922,0.529385
2022-04-20,XOM,0.002279,0.53287
2022-04-21,XOM,-0.010573,0.516663
2022-04-22,XOM,-0.021832,0.483552
2022-04-25,XOM,-0.033713,0.433537
2022-04-26,XOM,0.000365,0.43406
2022-04-27,XOM,0.028557,0.475013
2022-04-28,XOM,0.030246,0.519626
2022-04-29,XOM,-0.022362,0.485643
2022-05-02,XOM,0.013607,0.505858
2022-05-03,XOM,0.0206,0.536879
2022-05-04,XOM,0.0398,0.598047
2022-05-05,XOM,-0.015158,0.573823
2022-05-06,XOM,0.015281,0.597873
2022-05-09,XOM,-0.078853,0.471876
2022-05-10,XOM,0.00663,0.481635
2022-05-11,XOM,0.020819,0.512481
2022-05-12,XOM,0.00454,0.519347
2022-05-13,XOM,0.029664,0.564417
2022-05-16,XOM,0.02352,0.601212
2022-05-17,XOM,0.012754,0.621634
2022-05-18,XOM,-0.01585,0.595931
2022-05-19,XOM,0.005405,0.604557
2022-05-20,XOM,0.0079,0.617233
2022-05-23,XOM,0.022099,0.652972
2022-05-24,XOM,0.005432,0.661951
2022-05-25,XOM,0.020127,0.695401
2022-05-26,XOM,0.003531,0.701387
2022-05-27,XOM,0.00983,0.718112
2022-05-31,XOM,-0.016292,0.690119
2022-06-01,XOM,0.019167,0.722514
2022-06-02,XOM,-0.001738,0.71952
2022-06-03,XOM,0.014539,0.74452
2022-06-06,XOM,-0.002523,0.740118
2022-06-07,XOM,0.045832,0.819871
2022-06-08,XOM,0.011802,0.84135
2022-06-09,XOM,-0.021608,0.801561
2022-06-10,XOM,-0.018274,0.768639
2022-06-13,XOM,-0.045889,0.687479
2022-06-14,XOM,0.002608,0.69188
2022-06-15,XOM,-0.012591,0.670577
2022-06-16,XOM,-0.036885,0.608959
2022-06-17,XOM,-0.057665,0.516178
2022-06-21,XOM,0.062239,0.610543
2022-06-22,XOM,-0.039571,0.546811
2022-06-23,XOM,-0.030162,0.500157
2022-06-24,XOM,0.019833,0.52991
2022-06-27,XOM,0.024511,0.567409
2022-06-28,XOM,0.027744,0.610895
2022-06-29,XOM,-0.03694,0.551389
2022-06-30,XOM,-0.028143,0.507727
2022-07-01,XOM,0.022303,0.541354
2022-07-05,XOM,-0.031297,0.493114
2022-07-06,XOM,-0.01804,0.466178
2022-07-07,XOM,0.031941,0.513009
2022-07-08,XOM,0.001629,0.515473
2022-07-11,XOM,-0.005111,0.507727
2022-07-12,XOM,-0.013312,0.487657
2022-07-13,XOM,0.004024,0.493643
2022-07-14,XOM,-0.020038,0.463714
2022-07-15,XOM,0.016839,0.488361
2022-07-18,XOM,0.018453,0.515826
2022-07-19,XOM,0.025203,0.554029
2022-07-20,XOM,0.010989,0.571107
2022-07-21,XOM,-0.016696,0.544875
2022-07-22,XOM,-0.007635,0.533079
2022-07-25,XOM,0.033302,0.584134
2022-07-26,XOM,-0.00389,0.577973
2022-07-27,XOM,0.021644,0.612127
2022-07-28,XOM,0.011685,0.630965
2022-07-29,XOM,0.046308,0.706493
2022-08-01,XOM,-0.025276,0.663359
2022-08-02,XOM,-0.00434,0.656141
2022-08-03,XOM,-0.032423,0.602444
2022-08-04,XOM,-0.042078,0.535016
2022-08-05,XOM,0.014451,0.557198
2022-08-08,XOM,0.005653,0.566001
2022-08-09,XOM,0.018437,0.594874
2022-08-10,XOM,0.009493,0.610014
2022-08-11,XOM,0.028928,0.656589
2022-08-12,XOM,0.008692,0.670988
2022-08-15,XOM,-0.017872,0.641124
2022-08-16,XOM,-0.009315,0.625836
2022-08-17,XOM,0.008091,0.63899
2022-08-18,XOM,0.023644,0.677743
2022-08-19,XOM,-0.003179,0.67241
2022-08-22,XOM,-0.000744,0.671166
2022-08-23,XOM,0.042443,0.742094
2022-08-24,XOM,0.005918,0.752404
2022-08-25,XOM,0.005173,0.76147
2022-08-26,XOM,-0.012312,0.739783
2022-08-29,XOM,0.02299,0.77978
2022-08-30,XOM,-0.038055,0.712051
2022-08-31,XOM,-0.007476,0.699252
2022-09-01,XOM,-0.017993,0.668677
2022-09-02,XOM,0.018323,0.699252
2022-09-06,XOM,-0.006695,0.687876
2022-09-07,XOM,-0.008531,0.673477
2022-09-08,XOM,0.008179,0.687164
2022-09-09,XOM,0.016753,0.715429
2022-09-12,XOM,0.011503,0.735161
2022-09-13,XOM,-0.023358,0.694631
2022-09-14,XOM,0.024546,0.736227
2022-09-15,XOM,-0.029077,0.685743
2022-09-16,XOM,-0.017083,0.656945
2022-09-19,XOM,-0.000107,0.656767
2022-09-20,XOM,-0.008154,0.643257
2022-09-21,XOM,-0.016119,0.61677
2022-09-22,XOM,-0.004178,0.610014
2022-09-23,XOM,-0.053218,0.524332
2022-09-26,XOM,-0.020641,0.492868
2022-09-27,XOM,0.020957,0.524154
2022-09-28,XOM,0.036389,0.579617
2022-09-29,XOM,-0.002026,0.576417
2022-09-30,XOM,-0.015449,0.552063
2022-10-03,XOM,0.0528,0.634013
2022-10-04,XOM,0.036445,0.693564
2022-10-05,XOM,0.040411,0.762003
2022-10-06,XOM,0.029661,0.814267
2022-10-07,XOM,-0.010092,0.795956
2022-10-10,XOM,-0.021677,0.757026
2022-10-11,XOM,-0.008498,0.742094
2022-10-12,XOM,0.004388,0.749738
2022-10-13,XOM,0.034949,0.810889
2022-10-14,XOM,-0.026308,0.763248
2022-10-17,XOM,0.014417,0.788668
2022-10-18,XOM,0.001789,0.791868
2022-10-19,XOM,0.029663,0.84502
2022-10-20,XOM,0.001349,0.847508
2022-10-21,XOM,0.01857,0.881817
2022-10-24,XOM,0.00699,0.894971
2022-10-25,XOM,-0.006754,0.882172
2022-10-26,XOM,0.0119,0.904571
2022-10-27,XOM,0.003827,0.911859
2022-10-28,XOM,0.029288,0.967855
2022-10-31,XOM,0.000994,0.969811
2022-11-01,XOM,0.009927,0.989365
2022-11-02,XOM,-0.020552,0.948479
2022-11-03,XOM,0.013594,0.974966
2022-11-04,XOM,0.010891,0.996475
2022-11-07,XOM,0.011842,1.020118
2022-11-08,XOM,0.003168,1.026517
2022-11-09,XOM,-0.044737,0.935858
2022-11-10,XOM,0.014692,0.9643
2022-11-11,XOM,0.031222,1.025629
2022-11-14,XOM,0.002919,1.031542
2022-11-15,XOM,0.006703,1.045161
2022-11-16,XOM,-0.010689,1.023299
2022-11-17,XOM,0.001328,1.025987
2022-11-18,XOM,-0.008668,1.008426
2022-11-21,XOM,-0.009904,0.988535
2022-11-22,XOM,0.028927,1.046057
2022-11-23,XOM,-0.004992,1.035843
2022-11-25,XOM,-0.003521,1.028675
2022-11-28,XOM,-0.030033,0.967749
2022-11-29,XOM,0.006648,0.98083
2022-11-30,XOM,0.007237,0.995165
2022-12-01,XOM,-0.00485,0.985488
2022-12-02,XOM,-0.008484,0.968645
2022-12-05,XOM,-0.027399,0.914706
2022-12-06,XOM,-0.027796,0.861485
2022-12-07,XOM,-0.002214,0.857364
2022-12-08,XOM,0.007429,0.871162
2022-12-09,XOM,-0.008427,0.855393
2022-12-12,XOM,0.024628,0.901087
2022-12-13,XOM,0.010934,0.921874
2022-12-14,XOM,-0.007366,0.907718
2022-12-15,XOM,-0.009581,0.88944
2022-12-16,XOM,-0.007018,0.876179
2022-12-19,XOM,0.004489,0.884602
2022-12-20,XOM,0.014453,0.911839
2022-12-21,XOM,0.012841,0.936389
2022-12-22,XOM,-0.020174,0.897324
2022-12-23,XOM,0.026445,0.947499
2022-12-27,XOM,0.013894,0.974558
2022-12-28,XOM,-0.016426,0.942123
2022-12-29,XOM,0.007566,0.956817
2022-12-30,XOM,0.010073,0.976529
2023-01-03,XOM,-0.034361,0.908614
2023-01-04,XOM,0.002911,0.914169
2023-01-05,XOM,0.022374,0.956997
2023-01-06,XOM,0.012087,0.98065
2023-01-09,XOM,-0.018637,0.943736
2023-01-10,XOM,0.014935,0.972766
2023-01-11,XOM,0.011627,0.995703
2023-01-12,XOM,0.016611,1.028854
2023-01-13,XOM,-0.000618,1.0276
2023-01-17,XOM,-0.001944,1.023657
2023-01-18,XOM,-0.020544,0.982084
2023-01-19,XOM,0.006419,0.994807
2023-01-20,XOM,0.018236,1.031183
2023-01-23,XOM,-0.005205,1.020611
2023-01-24,XOM,0.009312,1.039426
2023-01-25,XOM,-0.005272,1.028675
2023-01-26,XOM,0.040191,1.110209
2023-01-27,XOM,-0.018257,1.071682
2023-01-30,XOM,-0.017732,1.034946
2023-01-31,XOM,0.021575,1.07885
2023-02-01,XOM,-0.010947,1.056092
2023-02-02,XOM,-0.031288,0.99176
2023-02-03,XOM,0.006928,1.005559
2023-02-06,XOM,-0.001698,1.002154
2023-02-07,XOM,0.028551,1.059317
2023-02-08,XOM,-0.008702,1.041398
2023-02-09,XOM,0.003775,1.049103
2023-02-10,XOM,0.042151,1.135475
2023-02-13,XOM,-0.00389,1.127169
2023-02-14,XOM,-0.011715,1.102249
2023-02-15,XOM,-0.003006,1.09593
2023-02-16,XOM,-0.002929,1.08979
2023-02-17,XOM,-0.038451,1.009434
2023-02-21,XOM,-0.000988,1.007448
2023-02-22,XOM,-0.012953,0.981446
2023-02-23,XOM,0.009204,0.999683
2023-02-24,XOM,9e-05,0.999864
2023-02-27,XOM,-0.001806,0.996252
2023-02-28,XOM,-0.005789,0.984696
2023-03-01,XOM,0.008916,1.002392
2023-03-02,XOM,0.004599,1.011601
2023-03-03,XOM,0.012657,1.037062
2023-03-06,XOM,0.008864,1.05512
2023-03-07,XOM,-0.01933,1.015393
2023-03-08,XOM,-0.014604,0.98596
2023-03-09,XOM,-0.007729,0.970611
2023-03-10,XOM,-0.01237,0.946233
2023-03-13,XOM,-0.011505,0.923842
2023-03-14,XOM,0.003754,0.931065
2023-03-15,XOM,-0.049748,0.834999
2023-03-16,XOM,-0.005806,0.824345
2023-03-17,XOM,-0.011779,0.802857
2023-03-20,XOM,0.026142,0.849987
2023-03-21,XOM,0.044802,0.932871
2023-03-22,XOM,-0.022889,0.88863
2023-03-23,XOM,-0.011282,0.867322
2023-03-24,XOM,0.00116,0.869489
2023-03-27,XOM,0.021926,0.910479
2023-03-28,XOM,0.012477,0.934315
2023-03-29,XOM,0.017177,0.967541
2023-03-30,XOM,0.004864,0.977111
2023-03-31,XOM,0.001553,0.980181
2023-04-03,XOM,0.059,1.097013
2023-04-04,XOM,-0.009558,1.076969
2023-04-05,XOM,0.017127,1.112542
2023-04-06,XOM,-0.016583,1.077511
2023-04-10,XOM,-0.004433,1.068301
2023-04-11,XOM,0.007072,1.082928
2023-04-12,XOM,-0.00104,1.080762
2023-04-13,XOM,0.004686,1.090512
2023-04-14,XOM,0.002419,1.095568
2023-04-17,XOM,-0.011633,1.071191
2023-04-18,XOM,0.019529,1.11164
2023-04-19,XOM,-0.003164,1.104958
2023-04-20,XOM,-0.007978,1.088165
2023-04-21,XOM,0.0032,1.094846
2023-04-24,XOM,0.018877,1.134392
2023-04-25,XOM,-0.014213,1.104056
2023-04-26,XOM,-0.009183,1.084734
2023-04-27,XOM,0.011953,1.109653
2023-04-28,XOM,0.012925,1.13692
2023-05-01,XOM,-0.031012,1.070649
2023-05-02,XOM,-0.039853,0.988127
2023-05-03,XOM,-0.019709,0.948942
2023-05-04,XOM,-0.017511,0.914813
2023-05-05,XOM,0.024896,0.962485
2023-05-08,XOM,0.003957,0.97025
2023-05-09,XOM,0.000275,0.970791
2023-05-10,XOM,-0.012828,0.945511
2023-05-11,XOM,-0.018099,0.910299
2023-05-12,XOM,-9.5e-05,0.910118
2023-05-15,XOM,0.001907,0.913761
2023-05-16,XOM,-0.02427,0.867315
2023-05-17,XOM,0.022435,0.909208
2023-05-18,XOM,0.009063,0.926511
2023-05-19,XOM,0.004633,0.935436
2023-05-22,XOM,-0.01214,0.91194
2023-05-23,XOM,0.013623,0.937986
2023-05-24,XOM,0.011184,0.959661
2023-05-25,XOM,-0.017938,0.924508
2023-05-26,XOM,-0.00653,0.91194
2023-05-30,XOM,-0.00886,0.895001
2023-05-31,XOM,-0.017878,0.861122
2023-06-01,XOM,0.011548,0.882615
2023-06-02,XOM,0.02322,0.926329
2023-06-05,XOM,-0.004444,0.917768
2023-06-06,XOM,0.008168,0.933432
2023-06-07,XOM,0.022421,0.976782
2023-06-08,XOM,-0.003133,0.970589
2023-06-09,XOM,-0.007394,0.956018
2023-06-12,XOM,-0.009033,0.93835
2023-06-13,XOM,0.000188,0.938714
2023-06-14,XOM,-0.012026,0.9154
2023-06-15,XOM,0.006942,0.928697
2023-06-16,XOM,-0.007177,0.914854
2023-06-20,XOM,-0.022924,0.870958
2023-06-21,XOM,0.011195,0.891904
2023-06-22,XOM,-0.005488,0.881522
2023-06-23,XOM,-0.008712,0.865129
2023-06-26,XOM,0.018457,0.899554
2023-06-27,XOM,0.002493,0.90429
2023-06-28,XOM,0.00813,0.919772
2023-06-29,XOM,0.012334,0.94345
2023-06-30,XOM,0.005155,0.953468
2023-07-03,XOM,0.001958,0.957293
2023-07-05,XOM,-0.005118,0.947275
2023-07-06,XOM,-0.037321,0.874601
2023-07-07,XOM,0.002332,0.878972
2023-07-10,XOM,0.014831,0.90684
2023-07-11,XOM,0.012227,0.930154
2023-07-12,XOM,0.004907,0.939625
2023-07-13,XOM,-0.018312,0.904108
2023-07-14,XOM,-0.034436,0.838537
2023-07-17,XOM,0.004359,0.846551
2023-07-18,XOM,-0.004537,0.838172
2023-07-19,XOM,0.006936,0.850922
2023-07-20,XOM,0.017615,0.883526
2023-07-21,XOM,0.004642,0.892269
2023-07-24,XOM,0.015689,0.921957
2023-07-25,XOM,0.001516,0.924872
2023-07-26,XOM,-0.005583,0.914125
2023-07-27,XOM,0.00314,0.920136
2023-07-28,XOM,-0.011952,0.897186
2023-07-31,XOM,0.02957,0.953286
2023-08-01,XOM,-0.005781,0.941993
2023-08-02,XOM,-0.012474,0.917768
2023-08-03,XOM,0.017381,0.9511
2023-08-04,XOM,0.002801,0.956564
2023-08-07,XOM,-0.002048,0.952557
2023-08-08,XOM,0.004944,0.962211
2023-08-09,XOM,0.016987,0.995542
2023-08-10,XOM,0.005111,1.005743
2023-08-11,XOM,0.015529,1.036889
2023-08-14,XOM,0.000805,1.038528
2023-08-15,XOM,-0.025673,0.986192
2023-08-16,XOM,-0.016827,0.95277
2023-08-17,XOM,0.019372,0.9906
2023-08-18,XOM,0.015129,1.020716
2023-08-21,XOM,-0.012087,0.996292
2023-08-22,XOM,-0.005611,0.98509
2023-08-23,XOM,-0.008788,0.967645
2023-08-24,XOM,-0.007466,0.952954
2023-08-25,XOM,0.017866,0.987845
2023-08-28,XOM,0.008406,1.004556
2023-08-29,XOM,0.005954,1.016492
2023-08-30,XOM,0.009744,1.036141
2023-08-31,XOM,0.002796,1.041834
2023-09-01,XOM,0.020955,1.08462
2023-09-05,XOM,8.8e-05,1.084804
2023-09-06,XOM,0.008632,1.1028
2023-09-07,XOM,-0.00489,1.092517
2023-09-08,XOM,0.014568,1.123
2023-09-11,XOM,-0.012542,1.096373
2023-09-12,XOM,0.02917,1.157523
2023-09-13,XOM,-0.008937,1.138242
2023-09-14,XOM,0.017863,1.176437
2023-09-15,XOM,-0.015356,1.143016
2023-09-18,XOM,0.008055,1.160278
2023-09-19,XOM,-0.002635,1.154585
2023-09-20,XOM,-0.007926,1.137507
2023-09-21,XOM,-0.014089,1.107391
2023-09-22,XOM,0.001569,1.110697
2023-09-25,XOM,0.011223,1.134385
2023-09-26,XOM,0.001549,1.137691
2023-09-27,XOM,0.032557,1.207288
2023-09-28,XOM,-0.006073,1.193883
2023-09-29,XOM,-0.01582,1.159176
2023-10-02,XOM,-0.016585,1.123367
2023-10-03,XOM,0.00173,1.12704
2023-10-04,XOM,-0.037382,1.047526
2023-10-05,XOM,-0.022511,1.001434
2023-10-06,XOM,-0.016699,0.968012
2023-10-09,XOM,0.034991,1.036875
2023-10-10,XOM,-0.004237,1.028244
2023-10-11,XOM,-0.035853,0.955525
2023-10-12,XOM,-0.000188,0.955158
2023-10-13,XOM,0.031934,1.017594
2023-10-16,XOM,0.000728,1.019063
2023-10-17,XOM,0.013097,1.045506
2023-10-18,XOM,0.014005,1.074153
2023-10-19,XOM,0.00062,1.075439
2023-10-20,XOM,-0.017165,1.039813
2023-10-23,XOM,-0.014674,1.009881
2023-10-24,XOM,-0.009685,0.990416
2023-10-25,XOM,0.001845,0.994088
2023-10-26,XOM,-0.009117,0.975908
2023-10-27,XOM,-0.019052,0.938264
2023-10-30,XOM,0.003126,0.944323
2023-10-31,XOM,-0.000283,0.943773
2023-11-01,XOM,-0.001984,0.939916
2023-11-02,XOM,0.032847,1.003637
2023-11-03,XOM,-0.012189,0.979214
2023-11-06,XOM,-0.017721,0.94414
2023-11-07,XOM,-0.01568,0.913656
2023-11-08,XOM,-0.012283,0.890151
2023-11-09,XOM,0.000291,0.890702
2023-11-10,XOM,0.007673,0.905209
2023-11-13,XOM,0.010506,0.925225
2023-11-14,XOM,0.00385,0.932638
2023-11-15,XOM,-0.006041,0.920963
2023-11-16,XOM,-0.011576,0.898726
2023-11-17,XOM,0.0244,0.945054
2023-11-20,XOM,-0.004383,0.93653
2023-11-21,XOM,-0.000383,0.935788
2023-11-22,XOM,-0.004308,0.927449
2023-11-24,XOM,0.005384,0.937827
2023-11-27,XOM,-0.005833,0.926523
2023-11-28,XOM,-0.000577,0.925411
2023-11-29,XOM,-0.015014,0.896502
2023-11-30,XOM,0.003908,0.903914
2023-12-01,XOM,0.002433,0.908547
2023-12-04,XOM,-0.005437,0.89817
2023-12-05,XOM,-0.019428,0.861292
2023-12-06,XOM,-0.013242,0.836646
2023-12-07,XOM,-0.006962,0.823859
2023-12-08,XOM,0.011481,0.844799
2023-12-11,XOM,0.000703,0.846097
2023-12-12,XOM,-0.01576,0.817002
2023-12-13,XOM,0.008873,0.833124
2023-12-14,XOM,0.026891,0.882418
2023-12-15,XOM,-0.006694,0.869817
2023-12-18,XOM,0.007433,0.883715
2023-12-19,XOM,0.013182,0.908547
2023-12-20,XOM,-0.016701,0.876673
2023-12-21,XOM,0.004542,0.885197
2023-12-22,XOM,0.001769,0.888533
2023-12-26,XOM,0.002257,0.892795
2023-12-27,XOM,-0.004699,0.8839
2023-12-28,XOM,-0.01446,0.856659
2023-12-29,XOM,-0.002096,0.852768
2024-01-02,XOM,0.023805,0.896872
2024-01-03,XOM,0.008402,0.912809
2024-01-04,XOM,-0.008719,0.896131
2024-01-05,XOM,0.00303,0.901876
2024-01-08,XOM,-0.016662,0.870187
2024-01-09,XOM,-0.012386,0.847023
2024-01-10,XOM,-0.009832,0.828862
2024-01-11,XOM,-0.000203,0.828492
2024-01-12,XOM,0.012972,0.852212
2024-01-16,XOM,-0.022611,0.810331
2024-01-17,XOM,-0.007268,0.797174
2024-01-18,XOM,-0.001856,0.793838
2024-01-19,XOM,0.00155,0.796618
2024-01-22,XOM,-0.001341,0.794209
2024-01-23,XOM,0.011258,0.814408
2024-01-24,XOM,0.017261,0.845726
2024-01-25,XOM,0.025402,0.89261
2024-01-26,XOM,0.008518,0.908732
2024-01-29,XOM,0.001262,0.911142
2024-01-30,XOM,0.016678,0.943015
2024-01-31,XOM,-0.019456,0.905211
2024-02-01,XOM,-0.004085,0.897428
2024-02-02,XOM,-0.004102,0.889645
2024-02-05,XOM,-0.004119,0.881862
2024-02-06,XOM,0.006893,0.894834
2024-02-07,XOM,-0.000293,0.894278
2024-02-08,XOM,0.01712,0.926708
2024-02-09,XOM,-0.02116,0.885939
2024-02-12,XOM,0.013757,0.911883
2024-02-13,XOM,-0.008609,0.895424
2024-02-14,XOM,-0.004934,0.886072
2024-02-15,XOM,0.028659,0.940125
2024-02-16,XOM,0.0,0.940125
2024-02-20,XOM,-0.009448,0.921796
2024-02-21,XOM,0.020438,0.961073
2024-02-22,XOM,-0.000858,0.95939
2024-02-23,XOM,-0.008782,0.942183
2024-02-26,XOM,0.003948,0.949851
2024-02-27,XOM,-0.00211,0.945736
2024-02-28,XOM,0.002788,0.95116
2024-02-29,XOM,0.001917,0.954901
2024-03-01,XOM,0.012629,0.97959
2024-03-04,XOM,-0.013984,0.951909
2024-03-05,XOM,0.012265,0.975849
2024-03-06,XOM,0.010697,0.996984
2024-03-07,XOM,0.00562,1.008206
2024-03-08,XOM,0.009407,1.027097
2024-03-11,XOM,0.005905,1.039067
2024-03-12,XOM,-0.006421,1.025975
2024-03-13,XOM,0.01117,1.048606
2024-03-14,XOM,0.017712,1.084891
2024-03-15,XOM,-0.001794,1.08115
2024-03-18,XOM,0.009257,1.100415
2024-03-19,XOM,0.007035,1.115191
2024-03-20,XOM,-0.000884,1.113321
2024-03-21,XOM,0.004425,1.122673
2024-03-22,XOM,0.0,1.122673
2024-03-25,XOM,0.010221,1.144369
2024-03-26,XOM,-0.007501,1.128284
2024-03-27,XOM,0.01037,1.150354
2024-03-28,XOM,0.011046,1.174107
2024-04-01,XOM,0.006452,1.188135
2024-04-02,XOM,0.019574,1.230966
2024-04-03,XOM,0.000168,1.23134
2024-04-04,XOM,0.003521,1.239196
2024-04-05,XOM,0.013782,1.270057
2024-04-08,XOM,-0.006756,1.25472
2024-04-09,XOM,0.005226,1.266503
2024-04-10,XOM,0.008417,1.285581
2024-04-11,XOM,-0.003355,1.277913
2024-04-12,XOM,-0.011659,1.251353
2024-04-15,XOM,-0.005732,1.238448
2024-04-16,XOM,-0.008272,1.219931
2024-04-17,XOM,-0.000506,1.218809
2024-04-18,XOM,-0.000927,1.216751
2024-04-19,XOM,0.011475,1.242189
2024-04-22,XOM,0.005672,1.254907
2024-04-23,XOM,0.003899,1.263698
2024-04-24,XOM,0.000165,1.264072
2024-04-25,XOM,0.002313,1.269309
2024-04-26,XOM,-0.027776,1.206278
2024-04-29,XOM,0.014242,1.2377
2024-04-30,XOM,-0.011451,1.212076
2024-05-01,XOM,-0.01894,1.17018
2024-05-02,XOM,0.00181,1.174107
2024-05-03,XOM,-0.002065,1.169618
2024-05-06,XOM,0.006466,1.183646
2024-05-07,XOM,-0.004968,1.172798
2024-05-08,XOM,-0.000172,1.172424
2024-05-09,XOM,0.019716,1.215256
2024-05-10,XOM,-0.004053,1.206278
2024-05-13,XOM,-0.000424,1.205342
2024-05-14,XOM,0.00607,1.21873
2024-05-15,XOM,0.007733,1.235888
2024-05-16,XOM,-0.005987,1.222501
2024-05-17,XOM,0.015017,1.255875
2024-05-20,XOM,-0.008108,1.237585
2024-05-21,XOM,-0.00691,1.222124
2024-05-22,XOM,-0.02011,1.177437
2024-05-23,XOM,-0.01706,1.140291
2024-05-24,XOM,-0.000793,1.138594
2024-05-28,XOM,0.012696,1.165746
2024-05-29,XOM,-0.010709,1.142553
2024-05-30,XOM,0.003168,1.149342
2024-05-31,XOM,0.028687,1.210999
2024-06-03,XOM,-0.023964,1.158015
2024-06-04,XOM,-0.015553,1.124452
2024-06-05,XOM,0.003994,1.132937
2024-06-06,XOM,0.007514,1.148965
2024-06-07,XOM,-0.010705,1.125961
2024-06-10,XOM,0.002927,1.132183
2024-06-11,XOM,-0.008047,1.115025
2024-06-12,XOM,-0.011055,1.091644
2024-06-13,XOM,-0.008023,1.074862
2024-06-14,XOM,-0.008451,1.057327
2024-06-17,XOM,-0.006874,1.043185
2024-06-18,XOM,0.009413,1.062418
2024-06-20,XOM,0.021576,1.106917
2024-06-21,XOM,-0.00877,1.088438
2024-06-24,XOM,0.029704,1.150473
2024-06-25,XOM,0.002806,1.156507
2024-06-26,XOM,0.00035,1.157261
2024-06-27,XOM,0.004283,1.1665
2024-06-28,XOM,0.001915,1.170648
2024-07-01,XOM,-0.00139,1.167632
2024-07-02,XOM,-0.006785,1.152924
2024-07-03,XOM,0.00508,1.16386
2024-07-05,XOM,-0.012112,1.137651
2024-07-08,XOM,-0.010497,1.115213
2024-07-09,XOM,-0.011054,1.091832
2024-07-10,XOM,0.008834,1.110311
2024-07-11,XOM,0.011883,1.135389
2024-07-12,XOM,0.000177,1.135766
2024-07-15,XOM,0.017127,1.172345
2024-07-16,XOM,0.007204,1.187995
2024-07-17,XOM,0.013788,1.218164
2024-07-18,XOM,0.009861,1.240037
2024-07-19,XOM,-0.02298,1.188561
2024-07-22,XOM,-0.006892,1.173477
2024-07-23,XOM,-0.016136,1.138406
2024-07-24,XOM,0.014108,1.168574
2024-07-25,XOM,0.021042,1.214205
2024-07-26,XOM,-0.000852,1.212319
2024-07-29,XOM,-0.010483,1.189127
2024-07-30,XOM,0.017829,1.228158
2024-07-31,XOM,0.003554,1.236077
2024-08-01,XOM,-0.013829,1.205154
2024-08-02,XOM,-0.000599,1.203834
2024-08-05,XOM,-0.018053,1.164049
2024-08-06,XOM,-0.005315,1.152547
2024-08-07,XOM,0.013315,1.181207
2024-08-08,XOM,0.019104,1.222878
2024-08-09,XOM,0.008143,1.240979
2024-08-12,XOM,0.001262,1.243808
2024-08-13,XOM,-0.00958,1.222313
2024-08-14,XOM,0.009248,1.242865
2024-08-15,XOM,0.006187,1.256741
2024-08-16,XOM,-0.004717,1.246096
2024-08-19,XOM,0.003047,1.252939
2024-08-20,XOM,-0.033325,1.17786
2024-08-21,XOM,-0.006371,1.163984
2024-08-22,XOM,0.00773,1.180711
2024-08-23,XOM,0.013859,1.210933
2024-08-26,XOM,0.021406,1.258261
2024-08-27,XOM,-0.009511,1.236783
2024-08-28,XOM,-0.009857,1.214734
2024-08-29,XOM,0.013817,1.245336
2024-08-30,XOM,-0.001608,1.241725
2024-09-03,XOM,-0.020943,1.194776
2024-09-04,XOM,-0.012211,1.167976
2024-09-05,XOM,-0.007803,1.15106
2024-09-06,XOM,-0.004683,1.140986
2024-09-09,XOM,0.02104,1.186033
2024-09-10,XOM,-0.036432,1.106393
2024-09-11,XOM,-0.009926,1.085484
2024-09-12,XOM,0.013762,1.114186
2024-09-13,XOM,-0.000719,1.112665
2024-09-16,XOM,0.014035,1.142316
2024-09-17,XOM,0.013042,1.170257
2024-09-18,XOM,0.003503,1.17786
2024-09-19,XOM,0.012393,1.20485
2024-09-20,XOM,-0.006293,1.190975
2024-09-23,XOM,0.018131,1.2307
2024-09-24,XOM,-0.002641,1.224808
2024-09-25,XOM,-0.019479,1.181471
2024-09-26,XOM,-0.017165,1.144027
2024-09-27,XOM,0.026773,1.201429
2024-09-30,XOM,0.012088,1.228039
2024-10-01,XOM,0.023119,1.279549
2024-10-02,XOM,0.013258,1.309771
2024-10-03,XOM,0.008723,1.329919
2024-10-04,XOM,0.018355,1.372685
2024-10-07,XOM,0.004326,1.382949
2024-10-08,XOM,-0.026561,1.319655
2024-10-09,XOM,0.00041,1.320605
2024-10-10,XOM,0.0086,1.340563
2024-10-11,XOM,0.003817,1.349496
2024-10-14,XOM,0.003802,1.35843
2024-10-15,XOM,-0.030061,1.287532
2024-10-16,XOM,0.002576,1.293425
2024-10-17,XOM,-0.002569,1.287532
2024-10-18,XOM,-0.002825,1.28107
2024-10-21,XOM,0.000583,1.2824
2024-10-22,XOM,0.005163,1.294185
2024-10-23,XOM,-0.003563,1.286012
2024-10-24,XOM,-0.005654,1.273087
2024-10-25,XOM,-0.000836,1.271186
2024-10-28,XOM,-0.004938,1.259971
2024-10-29,XOM,-0.013625,1.22918
2024-10-30,XOM,-0.005031,1.217965
2024-10-31,XOM,0.000771,1.219676
2024-11-01,XOM,-0.01567,1.184893
2024-11-04,XOM,0.03184,1.25446
2024-11-05,XOM,0.002951,1.261112
2024-11-06,XOM,0.017149,1.299887
2024-11-07,XOM,0.00124,1.302738
2024-11-08,XOM,-0.00033,1.301978
2024-11-11,XOM,-0.005284,1.289813
2024-11-12,XOM,-0.000996,1.287532
2024-11-13,XOM,0.009306,1.308821
2024-11-14,XOM,0.000664,1.310354
2024-11-15,XOM,-0.010368,1.286399
2024-11-18,XOM,0.008381,1.305563
2024-11-19,XOM,-0.013964,1.273368
2024-11-20,XOM,0.014246,1.305754
2024-11-21,XOM,0.013381,1.336608
2024-11-22,XOM,-0.001148,1.333925
2024-11-25,XOM,-0.014944,1.299047
2024-11-26,XOM,-0.016671,1.26072
2024-11-27,XOM,-0.002628,1.254779
2024-11-29,XOM,0.00255,1.260528
2024-12-02,XOM,-0.000932,1.258421
2024-12-03,XOM,-0.001527,1.254971
2024-12-04,XOM,-0.028809,1.190007
2024-12-05,XOM,0.004375,1.199588
2024-12-06,XOM,-0.010542,1.176401
2024-12-09,XOM,-0.005899,1.163561
2024-12-10,XOM,-0.002037,1.159153
2024-12-11,XOM,-0.006657,1.144781
2024-12-12,XOM,-0.000894,1.142864
2024-12-13,XOM,-0.008764,1.124084
2024-12-16,XOM,-0.021382,1.078667
2024-12-17,XOM,-0.004241,1.069852
2024-12-18,XOM,-0.014721,1.039381
2024-12-19,XOM,-0.008551,1.021943
2024-12-20,XOM,0.003412,1.028842
2024-12-23,XOM,0.004061,1.037082
2024-12-24,XOM,0.000941,1.038998
2024-12-26,XOM,0.000846,1.040723
2024-12-27,XOM,-9.4e-05,1.040531
2024-12-30,XOM,-0.006762,1.026734
2019-01-03,CAT,-0.038534,-0.038534
2019-01-04,CAT,0.054646,0.014005
2019-01-07,CAT,0.000624,0.014638
2019-01-08,CAT,0.01201,0.026824
2019-01-09,CAT,0.003853,0.03078
2019-01-10,CAT,0.02065,0.052065
2019-01-11,CAT,-0.006468,0.04526
2019-01-14,CAT,-0.002271,0.042887
2019-01-15,CAT,-0.008422,0.034103
2019-01-16,CAT,0.007422,0.041779
2019-01-17,CAT,0.021874,0.064567
2019-01-18,CAT,0.021843,0.087821
2019-01-22,CAT,-0.031918,0.0531
2019-01-23,CAT,-0.003176,0.049755
2019-01-24,CAT,0.006903,0.057002
2019-01-25,CAT,0.031116,0.089891
2019-01-28,CAT,-0.091261,-0.009573
2019-01-29,CAT,0.017367,0.007628
2019-01-30,CAT,0.028294,0.036137
2019-01-31,CAT,0.023442,0.060426
2019-02-01,CAT,-0.016897,0.042508
2019-02-04,CAT,-0.000229,0.042269
2019-02-05,CAT,0.008557,0.051189
2019-02-06,CAT,-0.01106,0.039562
2019-02-07,CAT,-0.013483,0.025546
2019-02-08,CAT,-0.001397,0.024113
2019-02-11,CAT,0.002566,0.02674
2019-02-12,CAT,0.029008,0.056524
2019-02-13,CAT,0.003241,0.059949
2019-02-14,CAT,-0.003607,0.056126
2019-02-15,CAT,0.026995,0.084636
2019-02-19,CAT,-0.002937,0.08145
2019-02-20,CAT,0.033211,0.117365
2019-02-21,CAT,-0.010192,0.105978
2019-02-22,CAT,-0.00144,0.104385
2019-02-25,CAT,0.019685,0.126125
2019-02-26,CAT,-0.024256,0.09881
2019-02-27,CAT,0.011596,0.111552
2019-02-28,CAT,-0.016048,0.093714
2019-03-01,CAT,0.000946,0.094749
2019-03-04,CAT,0.006402,0.101757
2019-03-05,CAT,-0.008746,0.092121
2019-03-06,CAT,-0.016844,0.073725
2019-03-07,CAT,-0.015056,0.057559
2019-03-08,CAT,-0.010919,0.046012
2019-03-11,CAT,0.013399,0.060028
2019-03-12,CAT,-0.004733,0.055011
2019-03-13,CAT,0.007699,0.063134
2019-03-14,CAT,0.001423,0.064647
2019-03-15,CAT,-0.00763,0.056524
2019-03-18,CAT,0.010779,0.067912
2019-03-19,CAT,0.000372,0.06831
2019-03-20,CAT,-0.008498,0.059232
2019-03-21,CAT,0.007894,0.067593
2019-03-22,CAT,-0.032,0.03343
2019-03-25,CAT,0.012407,0.046251
2019-03-26,CAT,0.003501,0.049914
2019-03-27,CAT,-0.004854,0.044818
2019-03-28,CAT,0.008918,0.054135
2019-03-29,CAT,0.023571,0.078982
2019-04-01,CAT,0.035131,0.116888
2019-04-02,CAT,-0.000428,0.11641
2019-04-03,CAT,-0.006634,0.109004
2019-04-04,CAT,0.006248,0.115932
2019-04-05,CAT,0.001641,0.117764
2019-04-08,CAT,-0.003847,0.113463
2019-04-09,CAT,-0.024818,0.08583
2019-04-10,CAT,0.008654,0.095227
2019-04-11,CAT,0.009743,0.105898
2019-04-12,CAT,0.016778,0.124453
2019-04-15,CAT,-0.006728,0.116888
2019-04-16,CAT,0.012692,0.131063
2019-04-17,CAT,0.004999,0.136717
2019-04-18,CAT,0.010431,0.148575
2019-04-22,CAT,-0.006836,0.140723
2019-04-23,CAT,-0.002458,0.137919
2019-04-24,CAT,-0.030276,0.103468
2019-04-25,CAT,-0.011617,0.090649
2019-04-26,CAT,0.021303,0.113883
2019-04-29,CAT,-7.2e-05,0.113803
2019-04-30,CAT,0.002877,0.117008
2019-05-01,CAT,-0.009109,0.106833
2019-05-02,CAT,-0.021571,0.082958
2019-05-03,CAT,0.028778,0.114123
2019-05-06,CAT,-0.01654,0.095696
2019-05-07,CAT,-0.022594,0.07094
2019-05-08,CAT,-0.012868,0.057159
2019-05-09,CAT,-0.005684,0.051151
2019-05-10,CAT,0.001067,0.052272
2019-05-13,CAT,-0.045987,0.003881
2019-05-14,CAT,0.017319,0.021267
2019-05-15,CAT,-0.001334,0.019905
2019-05-16,CAT,-0.00542,0.014376
2019-05-17,CAT,-0.030408,-0.016469
2019-05-20,CAT,-0.002688,-0.019113
2019-05-21,CAT,0.020583,0.001077
2019-05-22,CAT,-0.011124,-0.01006
2019-05-23,CAT,-0.010521,-0.020475
2019-05-24,CAT,0.005235,-0.015347
2019-05-28,CAT,-0.010659,-0.025843
2019-05-29,CAT,-0.000905,-0.026724
2019-05-30,CAT,0.002963,-0.02384
2019-05-31,CAT,-0.016661,-0.040104
2019-06-03,CAT,0.007011,-0.033374
2019-06-04,CAT,0.011852,-0.021917
2019-06-05,CAT,0.008519,-0.013585
2019-06-06,CAT,0.002193,-0.011422
2019-06-07,CAT,0.008672,-0.002849
2019-06-10,CAT,0.010284,0.007406
2019-06-11,CAT,0.012248,0.019744
2019-06-12,CAT,-0.001414,0.018302
2019-06-13,CAT,0.000551,0.018863
2019-06-14,CAT,0.000472,0.019344
2019-06-17,CAT,0.000707,0.020065
2019-06-18,CAT,0.023641,0.04418
2019-06-19,CAT,0.002148,0.046424
2019-06-20,CAT,0.023122,0.07062
2019-06-21,CAT,0.001946,0.072703
2019-06-24,CAT,0.003585,0.076548
2019-06-25,CAT,-0.004912,0.071261
2019-06-26,CAT,0.010769,0.082797
2019-06-27,CAT,0.00259,0.085602
2019-06-28,CAT,0.00583,0.091931
2019-07-01,CAT,0.002275,0.094414
2019-07-02,CAT,-0.00549,0.088406
2019-07-03,CAT,-0.001914,0.086323
2019-07-05,CAT,-0.000737,0.085522
2019-07-08,CAT,-0.004798,0.080314
2019-07-09,CAT,-0.004079,0.075907
2019-07-10,CAT,-0.012287,0.062688
2019-07-11,CAT,0.009952,0.073263
2019-07-12,CAT,0.032846,0.108515
2019-07-15,CAT,0.009251,0.11877
2019-07-16,CAT,-0.003939,0.114364
2019-07-17,CAT,-0.024157,0.087444
2019-07-18,CAT,-0.006189,0.080714
2019-07-19,CAT,0.017705,0.099848
2019-07-22,CAT,-0.007267,0.091856
2019-07-23,CAT,0.021147,0.114946
2019-07-24,CAT,-0.044822,0.064971
2019-07-25,CAT,0.021226,0.087577
2019-07-26,CAT,-0.013288,0.073125
2019-07-29,CAT,0.011586,0.085558
2019-07-30,CAT,-0.01123,0.073368
2019-07-31,CAT,-0.009628,0.063034
2019-08-01,CAT,-0.037063,0.023635
2019-08-02,CAT,-0.017746,0.00547
2019-08-05,CAT,-0.023205,-0.017863
2019-08-06,CAT,0.003535,-0.014391
2019-08-07,CAT,-0.010649,-0.024887
2019-08-08,CAT,0.010267,-0.014875
2019-08-09,CAT,-0.021636,-0.036189
2019-08-12,CAT,-0.022282,-0.057665
2019-08-13,CAT,0.01962,-0.039177
2019-08-14,CAT,-0.03193,-0.069856
2019-08-15,CAT,0.000347,-0.069533
2019-08-16,CAT,0.010239,-0.060006
2019-08-19,CAT,0.007988,-0.052498
2019-08-20,CAT,-0.005879,-0.058068
2019-08-21,CAT,0.008657,-0.049914
2019-08-22,CAT,0.001784,-0.048219
2019-08-23,CAT,-0.032488,-0.07914
2019-08-26,CAT,0.003156,-0.076234
2019-08-27,CAT,-0.009089,-0.08463
2019-08-28,CAT,0.013053,-0.072682
2019-08-29,CAT,0.025335,-0.049188
2019-08-30,CAT,0.010444,-0.039257
2019-09-03,CAT,-0.016555,-0.055162
2019-09-04,CAT,0.017688,-0.03845
2019-09-05,CAT,0.032662,-0.007044
2019-09-06,CAT,-0.002358,-0.009385
2019-09-09,CAT,0.037082,0.027349
2019-09-10,CAT,0.02389,0.051892
2019-09-11,CAT,0.021491,0.074498
2019-09-12,CAT,-0.010068,0.063679
2019-09-13,CAT,0.015408,0.080068
2019-09-16,CAT,-0.004709,0.074982
2019-09-17,CAT,-0.00736,0.06707
2019-09-18,CAT,-0.008322,0.05819
2019-09-19,CAT,-0.007248,0.050519
2019-09-20,CAT,-0.015063,0.034696
2019-09-23,CAT,0.002029,0.036795
2019-09-24,CAT,-0.018922,0.017176
2019-09-25,CAT,0.004921,0.022182
2019-09-26,CAT,-0.001738,0.020406
2019-09-27,CAT,0.001582,0.02202
2019-09-30,CAT,-0.002212,0.01976
2019-10-01,CAT,-0.031193,-0.01205
2019-10-02,CAT,-0.019694,-0.031507
2019-10-03,CAT,0.000667,-0.030861
2019-10-04,CAT,0.008331,-0.022788
2019-10-07,CAT,-0.006527,-0.029166
2019-10-08,CAT,-0.01896,-0.047573
2019-10-09,CAT,0.012461,-0.035705
2019-10-10,CAT,0.02721,-0.009466
2019-10-11,CAT,0.04654,0.036633
2019-10-14,CAT,-0.000156,0.036472
2019-10-15,CAT,0.020642,0.057866
2019-10-16,CAT,-0.006411,0.051085
2019-10-17,CAT,0.01444,0.066263
2019-10-18,CAT,-0.002518,0.063578
2019-10-21,CAT,0.011629,0.075946
2019-10-22,CAT,0.011042,0.087826
2019-10-23,CAT,0.012342,0.101252
2019-10-24,CAT,-0.011009,0.089128
2019-10-25,CAT,0.04393,0.136973
2019-10-28,CAT,0.002362,0.139658
2019-10-29,CAT,0.009067,0.149992
2019-10-30,CAT,-0.007005,0.141936
2019-10-31,CAT,-0.018099,0.121268
2019-11-01,CAT,0.048549,0.175705
2019-11-04,CAT,0.016818,0.195477
2019-11-05,CAT,-0.003743,0.191002
2019-11-06,CAT,-0.006013,0.183841
2019-11-07,CAT,0.010447,0.196209
2019-11-08,CAT,0.007823,0.205567
2019-11-11,CAT,-0.00108,0.204265
2019-11-12,CAT,-0.011216,0.190758
2019-11-13,CAT,-0.012642,0.175705
2019-11-14,CAT,-0.007267,0.167161
2019-11-15,CAT,0.013037,0.182377
2019-11-18,CAT,-0.011836,0.168382
2019-11-19,CAT,-0.002856,0.165045
2019-11-20,CAT,-0.011594,0.151538
2019-11-21,CAT,0.013002,0.16651
2019-11-22,CAT,0.003627,0.170741
2019-11-25,CAT,0.017653,0.191409
2019-11-26,CAT,-0.002254,0.188723
2019-11-27,CAT,-0.002738,0.185469
2019-11-29,CAT,-0.00659,0.177657
2019-12-02,CAT,-0.012229,0.163255
2019-12-03,CAT,-0.020285,0.139658
2019-12-04,CAT,0.000428,0.140146
2019-12-05,CAT,0.006637,0.147714
2019-12-06,CAT,0.01184,0.161302
2019-12-09,CAT,0.000771,0.162197
2019-12-10,CAT,0.00028,0.162523
2019-12-11,CAT,0.007909,0.171717
2019-12-12,CAT,0.019306,0.194338
2019-12-13,CAT,-0.008516,0.184167
2019-12-16,CAT,-0.001168,0.182784
2019-12-17,CAT,0.006949,0.191002
2019-12-18,CAT,0.005124,0.197105
2019-12-19,CAT,-0.014274,0.180017
2019-12-20,CAT,0.017584,0.200766
2019-12-23,CAT,0.006302,0.208333
2019-12-24,CAT,-0.006869,0.200033
2019-12-26,CAT,0.005018,0.206055
2019-12-27,CAT,0.000405,0.206544
2019-12-30,CAT,-0.005126,0.200359
2019-12-31,CAT,0.001085,0.201661
2020-01-02,CAT,0.019299,0.224852
2020-01-03,CAT,-0.013884,0.207845
2020-01-06,CAT,-0.000674,0.207031
2020-01-07,CAT,-0.013212,0.191084
2020-01-08,CAT,0.008881,0.201661
2020-01-09,CAT,-0.002505,0.198651
2020-01-10,CAT,-0.00801,0.189049
2020-01-13,CAT,0.004722,0.194664
2020-01-14,CAT,-0.000954,0.193524
2020-01-15,CAT,-0.007567,0.184492
2020-01-16,CAT,0.0158,0.203208
2020-01-17,CAT,0.006401,0.21091
2020-01-21,CAT,-0.01306,0.195095
2020-01-22,CAT,-0.022078,0.168711
2020-01-23,CAT,0.000841,0.169694
2020-01-24,CAT,-0.016602,0.150274
2020-01-27,CAT,-0.033125,0.112172
2020-01-28,CAT,0.007442,0.120448
2020-01-29,CAT,-0.007021,0.112582
2020-01-30,CAT,-0.00302,0.109222
2020-01-31,CAT,-0.029696,0.076282
2020-02-03,CAT,-0.012029,0.063336
2020-02-04,CAT,0.02882,0.093981
2020-02-05,CAT,0.029436,0.126183
2020-02-06,CAT,-0.001382,0.124627
2020-02-07,CAT,-0.028269,0.092834
2020-02-10,CAT,0.007123,0.100618
2020-02-11,CAT,0.013922,0.115941
2020-02-12,CAT,0.024965,0.143801
2020-02-13,CAT,0.000931,0.144866
2020-02-14,CAT,-0.012382,0.13069
2020-02-18,CAT,-0.010218,0.119137
2020-02-19,CAT,0.00205,0.121431
2020-02-20,CAT,0.000511,0.122005
2020-02-21,CAT,0.002045,0.124299
2020-02-24,CAT,-0.036732,0.083001
2020-02-25,CAT,-0.023984,0.057026
2020-02-26,CAT,-0.005814,0.050881
2020-02-27,CAT,-0.038831,0.010075
2020-02-28,CAT,0.007869,0.018023
2020-03-02,CAT,0.027044,0.045555
2020-03-03,CAT,-0.025235,0.01917
2020-03-04,CAT,0.02428,0.043916
2020-03-05,CAT,-0.042622,-0.000578
2020-03-06,CAT,-0.004591,-0.005166
2020-03-09,CAT,-0.142822,-0.14725
2020-03-10,CAT,0.023254,-0.127421
2020-03-11,CAT,-0.054465,-0.174946
2020-03-12,CAT,-0.083722,-0.244021
2020-03-13,CAT,0.079992,-0.183549
2020-03-16,CAT,-0.062525,-0.234598
2020-03-17,CAT,0.07269,-0.178961
2020-03-18,CAT,-0.000798,-0.179616
2020-03-19,CAT,0.028865,-0.155936
2020-03-20,CAT,-0.072906,-0.217473
2020-03-23,CAT,-0.03822,-0.247381
2020-03-24,CAT,0.10332,-0.16962
2020-03-25,CAT,0.03286,-0.142334
2020-03-26,CAT,0.055699,-0.094563
2020-03-27,CAT,-0.045792,-0.136024
2020-03-30,CAT,0.059465,-0.084648
2020-03-31,CAT,0.038761,-0.049168
2020-04-01,CAT,-0.040417,-0.087598
2020-04-02,CAT,0.048406,-0.043432
2020-04-03,CAT,-0.017732,-0.060394
2020-04-06,CAT,0.050231,-0.013196
2020-04-07,CAT,0.012372,-0.000987
2020-04-08,CAT,0.044947,0.043916
2020-04-09,CAT,-0.018603,0.024496
2020-04-13,CAT,-0.087099,-0.064737
2020-04-14,CAT,0.020501,-0.045562
2020-04-15,CAT,-0.042496,-0.086123
2020-04-16,CAT,0.015153,-0.072275
2020-04-17,CAT,0.036634,-0.038288
2020-04-20,CAT,-0.014617,-0.052346
2020-04-21,CAT,-0.041448,-0.091625
2020-04-22,CAT,0.007192,-0.085092
2020-04-23,CAT,0.020517,-0.066321
2020-04-24,CAT,0.010008,-0.056977
2020-04-27,CAT,0.010172,-0.047385
2020-04-28,CAT,0.002257,-0.045235
2020-04-29,CAT,0.039841,-0.007196
2020-04-30,CAT,-0.030651,-0.037627
2020-05-01,CAT,-0.047259,-0.083108
2020-05-04,CAT,-0.028499,-0.109238
2020-05-05,CAT,0.011047,-0.099398
2020-05-06,CAT,-0.011385,-0.109652
2020-05-07,CAT,-0.00353,-0.112794
2020-05-08,CAT,0.044925,-0.072937
2020-05-11,CAT,-0.031219,-0.101879
2020-05-12,CAT,-0.033238,-0.131731
2020-05-13,CAT,-0.004953,-0.136031
2020-05-14,CAT,0.016367,-0.12189
2020-05-15,CAT,0.016292,-0.107585
2020-05-18,CAT,0.065789,-0.048873
2020-05-19,CAT,-0.025561,-0.073185
2020-05-20,CAT,0.032209,-0.043333
2020-05-21,CAT,-0.014089,-0.056811
2020-05-22,CAT,-0.01394,-0.06996
2020-05-26,CAT,0.043923,-0.02911
2020-05-27,CAT,0.042671,0.012319
2020-05-28,CAT,-0.013723,-0.001573
2020-05-29,CAT,-0.005052,-0.006617
2020-06-01,CAT,0.00308,-0.003558
2020-06-02,CAT,0.023402,0.019761
2020-06-03,CAT,0.030571,0.050936
2020-06-04,CAT,0.014714,0.0664
2020-06-05,CAT,0.047767,0.117338
2020-06-08,CAT,0.019242,0.138838
2020-06-09,CAT,-0.025631,0.109648
2020-06-10,CAT,-0.013041,0.095177
2020-06-11,CAT,-0.082226,0.005125
2020-06-12,CAT,0.013163,0.018356
2020-06-15,CAT,0.003735,0.02216
2020-06-16,CAT,0.052585,0.07591
2020-06-17,CAT,-0.01445,0.060363
2020-06-18,CAT,-0.004991,0.055071
2020-06-19,CAT,-0.001019,0.053996
2020-06-22,CAT,-0.013102,0.040187
2020-06-23,CAT,0.003657,0.043991
2020-06-24,CAT,-0.033188,0.009342
2020-06-25,CAT,0.021711,0.031256
2020-06-26,CAT,-0.018603,0.012071
2020-06-29,CAT,0.023368,0.035721
2020-06-30,CAT,0.00998,0.046058
2020-07-01,CAT,-0.003478,0.042419
2020-07-02,CAT,0.013168,0.056146
2020-07-06,CAT,0.013389,0.070286
2020-07-07,CAT,-0.017229,0.051846
2020-07-08,CAT,0.007311,0.059537
2020-07-09,CAT,-0.018731,0.039691
2020-07-10,CAT,0.018134,0.058544
2020-07-13,CAT,0.019998,0.079713
2020-07-14,CAT,0.048327,0.131892
2020-07-15,CAT,0.010812,0.144131
2020-07-16,CAT,0.001445,0.145784
2020-07-17,CAT,-0.004581,0.140536
2020-07-20,CAT,-0.016582,0.121624
2020-07-21,CAT,0.009211,0.131955
2020-07-22,CAT,0.00817,0.141203
2020-07-23,CAT,-0.002774,0.138037
2020-07-24,CAT,0.007174,0.146201
2020-07-27,CAT,0.016791,0.165446
2020-07-28,CAT,-0.013297,0.14995
2020-07-29,CAT,0.018112,0.170778
2020-07-30,CAT,-0.02704,0.13912
2020-07-31,CAT,-0.028158,0.107045
2020-08-03,CAT,-0.008278,0.09788
2020-08-04,CAT,-0.001973,0.095714
2020-08-05,CAT,0.026232,0.124457
2020-08-06,CAT,-0.004297,0.119625
2020-08-07,CAT,0.003944,0.12404
2020-08-10,CAT,0.052624,0.183191
2020-08-11,CAT,0.003591,0.18744
2020-08-12,CAT,0.000281,0.187774
2020-08-13,CAT,-0.013327,0.171945
2020-08-14,CAT,-0.005047,0.16603
2020-08-17,CAT,-0.00886,0.155699
2020-08-18,CAT,-0.002523,0.152783
2020-08-19,CAT,-0.002529,0.149867
2020-08-20,CAT,-0.003913,0.145368
2020-08-21,CAT,0.00691,0.153282
2020-08-24,CAT,0.023478,0.180359
2020-08-25,CAT,-0.003741,0.175943
2020-08-26,CAT,0.004818,0.181609
2020-08-27,CAT,0.010858,0.194439
2020-08-28,CAT,0.001813,0.196605
2020-08-31,CAT,-0.00919,0.185607
2020-09-01,CAT,0.026281,0.216766
2020-09-02,CAT,0.022047,0.243593
2020-09-03,CAT,-0.016815,0.222682
2020-09-04,CAT,0.009675,0.234511
2020-09-08,CAT,0.002294,0.237344
2020-09-09,CAT,0.028077,0.272085
2020-09-10,CAT,-0.018534,0.248508
2020-09-11,CAT,0.026492,0.281583
2020-09-14,CAT,-0.00208,0.278917
2020-09-15,CAT,-0.031985,0.23801
2020-09-16,CAT,0.016891,0.258922
2020-09-17,CAT,0.018265,0.281916
2020-09-18,CAT,-0.009619,0.269586
2020-09-21,CAT,-0.046329,0.210768
2020-09-22,CAT,0.012523,0.225931
2020-09-23,CAT,-0.018824,0.202853
2020-09-24,CAT,0.005264,0.209185
2020-09-25,CAT,0.005305,0.2156
2020-09-28,CAT,0.012131,0.230346
2020-09-29,CAT,-0.001828,0.228097
2020-09-30,CAT,0.011803,0.242592
2020-10-01,CAT,-0.016359,0.222265
2020-10-02,CAT,0.022016,0.249175
2020-10-05,CAT,0.023676,0.27875
2020-10-06,CAT,-0.01277,0.262421
2020-10-07,CAT,0.021382,0.289414
2020-10-08,CAT,0.012212,0.30516
2020-10-09,CAT,0.014554,0.324155
2020-10-12,CAT,0.023091,0.35473
2020-10-13,CAT,-0.003013,0.350648
2020-10-14,CAT,0.009191,0.363061
2020-10-15,CAT,0.00874,0.374975
2020-10-16,CAT,0.022479,0.405883
2020-10-19,CAT,-0.00723,0.395719
2020-10-20,CAT,0.008715,0.407883
2020-10-21,CAT,-0.009409,0.394636
2020-10-22,CAT,0.013501,0.413465
2020-10-23,CAT,-0.000237,0.413129
2020-10-26,CAT,-0.031971,0.36795
2020-10-27,CAT,-0.032414,0.323609
2020-10-28,CAT,-0.042746,0.267031
2020-10-29,CAT,0.02322,0.296451
2020-10-30,CAT,0.015388,0.3164
2020-11-02,CAT,0.039605,0.368537
2020-11-03,CAT,0.027072,0.405586
2020-11-04,CAT,-0.074304,0.301145
2020-11-05,CAT,0.050634,0.367028
2020-11-06,CAT,-0.011037,0.35194
2020-11-09,CAT,0.059086,0.431822
2020-11-10,CAT,0.008664,0.444227
2020-11-11,CAT,-0.016483,0.420422
2020-11-12,CAT,-0.001947,0.417656
2020-11-13,CAT,0.015254,0.439282
2020-11-16,CAT,0.008619,0.451687
2020-11-17,CAT,-0.007391,0.440958
2020-11-18,CAT,0.004828,0.447915
2020-11-19,CAT,0.000926,0.449256
2020-11-20,CAT,-0.003875,0.44364
2020-11-23,CAT,0.014806,0.465014
2020-11-24,CAT,0.012129,0.482784
2020-11-25,CAT,-0.012832,0.463757
2020-11-27,CAT,0.002577,0.467529
2020-11-30,CAT,-0.008511,0.45504
2020-12-01,CAT,-0.001901,0.452274
2020-12-02,CAT,0.003521,0.457387
2020-12-03,CAT,0.004371,0.463757
2020-12-04,CAT,0.043406,0.527293
2020-12-07,CAT,-0.019208,0.497956
2020-12-08,CAT,0.000727,0.499045
2020-12-09,CAT,0.006878,0.509356
2020-12-10,CAT,-0.006775,0.49913
2020-12-11,CAT,0.00246,0.502817
2020-12-14,CAT,-0.006916,0.492423
2020-12-15,CAT,0.020725,0.523353
2020-12-16,CAT,-0.012325,0.504578
2020-12-17,CAT,-0.001839,0.501812
2020-12-18,CAT,0.00999,0.516815
2020-12-21,CAT,-0.004421,0.51011
2020-12-22,CAT,-0.019871,0.480102
2020-12-23,CAT,0.01042,0.495525
2020-12-24,CAT,0.006389,0.505081
2020-12-28,CAT,-0.006627,0.495106
2020-12-29,CAT,-0.009643,0.480689
2020-12-30,CAT,0.01919,0.509104
2020-12-31,CAT,0.010998,0.525701
2021-01-04,CAT,0.000714,0.52679
2021-01-05,CAT,0.00818,0.539279
2021-01-06,CAT,0.055652,0.624944
2021-01-07,CAT,0.001909,0.628045
2021-01-08,CAT,0.000154,0.628297
2021-01-11,CAT,-0.002059,0.624944
2021-01-12,CAT,0.018983,0.65579
2021-01-13,CAT,-0.008352,0.64196
2021-01-14,CAT,0.007708,0.654616
2021-01-15,CAT,-0.014083,0.631314
2021-01-19,CAT,0.002428,0.635275
2021-01-20,CAT,-0.008863,0.620781
2021-01-21,CAT,-0.00078,0.619517
2021-01-22,CAT,-0.001301,0.61741
2021-01-25,CAT,-0.023966,0.578647
2021-01-26,CAT,-0.000694,0.577552
2021-01-27,CAT,-0.035148,0.522105
2021-01-28,CAT,0.020539,0.553368
2021-01-29,CAT,-0.008137,0.540728
2021-02-01,CAT,0.010282,0.55657
2021-02-02,CAT,0.042118,0.622129
2021-02-03,CAT,-0.005454,0.613281
2021-02-04,CAT,0.001044,0.614966
2021-02-05,CAT,0.007044,0.626342
2021-02-08,CAT,0.023057,0.663841
2021-02-09,CAT,-0.000861,0.662409
2021-02-10,CAT,0.00223,0.666116
2021-02-11,CAT,0.003186,0.671425
2021-02-12,CAT,-0.001815,0.668392
2021-02-16,CAT,0.022173,0.705385
2021-02-17,CAT,-0.000395,0.70471
2021-02-18,CAT,-0.011765,0.684655
2021-02-19,CAT,0.04997,0.768837
2021-02-22,CAT,0.038826,0.837514
2021-02-23,CAT,0.009722,0.855379
2021-02-24,CAT,0.010401,0.874676
2021-02-25,CAT,-0.002922,0.869199
2021-02-26,CAT,-0.026779,0.819144
2021-03-01,CAT,0.017973,0.85184
2021-03-02,CAT,-0.017929,0.818639
2021-03-03,CAT,-0.004216,0.81097
2021-03-04,CAT,-0.009958,0.792937
2021-03-05,CAT,0.034732,0.85521
2021-03-08,CAT,0.00645,0.867176
2021-03-09,CAT,-0.021572,0.826896
2021-03-10,CAT,0.01965,0.862794
2021-03-11,CAT,-0.005881,0.85184
2021-03-12,CAT,0.042046,0.929702
2021-03-15,CAT,0.007598,0.944364
2021-03-16,CAT,-0.018549,0.908298
2021-03-17,CAT,0.031661,0.968717
2021-03-18,CAT,-0.012627,0.943858
2021-03-19,CAT,-0.023366,0.898439
2021-03-22,CAT,0.00324,0.90459
2021-03-23,CAT,-0.034377,0.839115
2021-03-24,CAT,0.013654,0.864227
2021-03-25,CAT,0.013651,0.889675
2021-03-26,CAT,0.023411,0.933915
2021-03-29,CAT,0.003137,0.939982
2021-03-30,CAT,0.012423,0.964082
2021-03-31,CAT,-0.005191,0.953886
2021-04-01,CAT,0.003752,0.961218
2021-04-05,CAT,0.004168,0.969391
2021-04-06,CAT,-0.013136,0.943521
2021-04-07,CAT,-0.000997,0.941584
2021-04-08,CAT,0.000304,0.942173
2021-04-09,CAT,0.001172,0.944448
2021-04-12,CAT,0.00078,0.945965
2021-04-13,CAT,-0.006842,0.932651
2021-04-14,CAT,0.014083,0.959869
2021-04-15,CAT,-0.000258,0.959363
2021-04-16,CAT,0.003613,0.966442
2021-04-19,CAT,-0.004157,0.958268
2021-04-20,CAT,-0.020483,0.918157
2021-04-21,CAT,0.021219,0.958858
2021-04-22,CAT,-0.015358,0.928775
2021-04-23,CAT,0.009875,0.947821
2021-04-26,CAT,0.001956,0.95163
2021-04-27,CAT,-0.000954,0.949767
2021-04-28,CAT,0.008509,0.966359
2021-04-29,CAT,-0.020792,0.925473
2021-04-30,CAT,0.002814,0.930891
2021-05-03,CAT,0.000263,0.931399
2021-05-04,CAT,0.022965,0.975754
2021-05-05,CAT,0.019151,1.013592
2021-05-06,CAT,-0.003405,1.006735
2021-05-07,CAT,0.016535,1.039917
2021-05-10,CAT,0.006722,1.05363
2021-05-11,CAT,-0.013643,1.025611
2021-05-12,CAT,-0.008274,1.008851
2021-05-13,CAT,0.011588,1.032129
2021-05-14,CAT,0.008997,1.050413
2021-05-17,CAT,0.010568,1.072082
2021-05-18,CAT,-0.021733,1.02705
2021-05-19,CAT,-0.010857,1.005042
2021-05-20,CAT,-0.007937,0.989129
2021-05-21,CAT,0.009575,1.008174
2021-05-24,CAT,0.007629,1.023495
2021-05-25,CAT,-0.007865,1.007581
2021-05-26,CAT,0.002277,1.012152
2021-05-27,CAT,0.015018,1.042372
2021-05-28,CAT,-0.000829,1.040679
2021-06-01,CAT,0.006969,1.054899
2021-06-02,CAT,0.002884,1.060825
2021-06-03,CAT,0.001561,1.064041
2021-06-04,CAT,0.000738,1.065565
2021-06-07,CAT,-0.017458,1.029505
2021-06-08,CAT,0.001668,1.032891
2021-06-09,CAT,-0.022943,0.98625
2021-06-10,CAT,-0.038014,0.910745
2021-06-11,CAT,-0.022283,0.868167
2021-06-14,CAT,-0.007658,0.853862
2021-06-15,CAT,0.002055,0.857671
2021-06-16,CAT,-0.01048,0.838202
2021-06-17,CAT,-0.035504,0.772939
2021-06-18,CAT,-0.002817,0.767944
2021-06-21,CAT,0.020828,0.804767
2021-06-22,CAT,-0.000375,0.80409
2021-06-23,CAT,0.003096,0.809676
2021-06-24,CAT,0.02596,0.856655
2021-06-25,CAT,-0.013814,0.831007
2021-06-28,CAT,-0.000185,0.830668
2021-06-29,CAT,-0.00541,0.820765
2021-06-30,CAT,0.011762,0.842181
2021-07-01,CAT,-0.004227,0.834393
2021-07-02,CAT,0.004845,0.843281
2021-07-06,CAT,-0.019471,0.80739
2021-07-07,CAT,0.00548,0.817294
2021-07-08,CAT,-0.012017,0.795456
2021-07-09,CAT,0.025034,0.840403
2021-07-12,CAT,0.005335,0.850222
2021-07-13,CAT,-0.015509,0.821526
2021-07-14,CAT,-0.016497,0.791477
2021-07-15,CAT,-0.001087,0.78953
2021-07-16,CAT,-0.016366,0.760242
2021-07-19,CAT,-0.018178,0.728244
2021-07-20,CAT,0.02403,0.769773
2021-07-21,CAT,0.01332,0.793347
2021-07-22,CAT,-0.00745,0.779986
2021-07-23,CAT,0.001769,0.783135
2021-07-26,CAT,0.007159,0.7959
2021-07-27,CAT,-0.005355,0.786283
2021-07-28,CAT,0.007337,0.799389
2021-07-29,CAT,0.005297,0.80892
2021-07-30,CAT,-0.027333,0.759476
2021-08-02,CAT,-0.00769,0.745945
2021-08-03,CAT,0.01628,0.774369
2021-08-04,CAT,-0.019089,0.740498
2021-08-05,CAT,0.013055,0.763221
2021-08-06,CAT,0.005599,0.773092
2021-08-09,CAT,0.002592,0.777688
2021-08-10,CAT,0.024798,0.82177
2021-08-11,CAT,0.035456,0.886363
2021-08-12,CAT,-0.006406,0.874278
2021-08-13,CAT,-0.007583,0.860066
2021-08-16,CAT,-0.003935,0.852747
2021-08-17,CAT,-0.019613,0.816409
2021-08-18,CAT,-0.017007,0.785517
2021-08-19,CAT,-0.025547,0.739903
2021-08-20,CAT,0.002397,0.744073
2021-08-23,CAT,0.020494,0.779815
2021-08-24,CAT,0.016496,0.809175
2021-08-25,CAT,0.010208,0.827643
2021-08-26,CAT,-0.016391,0.797686
2021-08-27,CAT,0.007527,0.811218
2021-08-30,CAT,-0.006484,0.799474
2021-08-31,CAT,-0.002743,0.794538
2021-09-01,CAT,-0.0138,0.769773
2021-09-02,CAT,0.018369,0.802282
2021-09-03,CAT,-0.006658,0.790283
2021-09-07,CAT,-0.010172,0.772071
2021-09-08,CAT,-0.007011,0.759646
2021-09-09,CAT,-0.006529,0.748157
2021-09-10,CAT,-0.001996,0.744668
2021-09-13,CAT,0.005805,0.754796
2021-09-14,CAT,-0.018768,0.721861
2021-09-15,CAT,0.016804,0.750796
2021-09-16,CAT,-0.010354,0.732669
2021-09-17,CAT,-0.018909,0.699905
2021-09-20,CAT,-0.044706,0.623909
2021-09-21,CAT,-0.005136,0.615569
2021-09-22,CAT,0.007954,0.628419
2021-09-23,CAT,0.027541,0.673268
2021-09-24,CAT,0.001018,0.674971
2021-09-27,CAT,0.016157,0.702032
2021-09-28,CAT,0.00275,0.706713
2021-09-29,CAT,-0.013363,0.683906
2021-09-30,CAT,-0.029818,0.633696
2021-10-01,CAT,0.012294,0.65378
2021-10-04,CAT,-0.006175,0.643568
2021-10-05,CAT,-0.003262,0.638206
2021-10-06,CAT,-0.003324,0.63276
2021-10-07,CAT,0.020275,0.665864
2021-10-08,CAT,-0.003014,0.660843
2021-10-11,CAT,-0.011632,0.641525
2021-10-12,CAT,-0.015397,0.61625
2021-10-13,CAT,-0.00516,0.60791
2021-10-14,CAT,0.028528,0.65378
2021-10-15,CAT,0.024134,0.693693
2021-10-18,CAT,-0.004221,0.686544
2021-10-19,CAT,0.014936,0.711734
2021-10-20,CAT,0.015164,0.73769
2021-10-21,CAT,-0.01004,0.720244
2021-10-22,CAT,-0.00189,0.716993
2021-10-25,CAT,0.007775,0.730342
2021-10-26,CAT,-0.01271,0.708349
2021-10-27,CAT,-0.017582,0.678314
2021-10-28,CAT,0.040585,0.746429
2021-10-29,CAT,-0.000392,0.745745
2021-11-01,CAT,0.006715,0.757468
2021-11-02,CAT,0.008472,0.772357
2021-11-03,CAT,-0.017236,0.741808
2021-11-04,CAT,0.000197,0.742151
2021-11-05,CAT,0.011248,0.761746
2021-11-08,CAT,0.040655,0.83337
2021-11-09,CAT,-0.020723,0.795376
2021-11-10,CAT,-0.014966,0.768507
2021-11-11,CAT,0.009,0.784423
2021-11-12,CAT,0.003549,0.790755
2021-11-15,CAT,-0.007455,0.777406
2021-11-16,CAT,-0.010977,0.757895
2021-11-17,CAT,-0.011926,0.73693
2021-11-18,CAT,-0.007685,0.723582
2021-11-19,CAT,-0.004866,0.715195
2021-11-22,CAT,0.009679,0.731796
2021-11-23,CAT,0.014576,0.75704
2021-11-24,CAT,0.008475,0.77193
2021-11-26,CAT,-0.040277,0.700562
2021-11-29,CAT,-0.01414,0.676517
2021-11-30,CAT,-0.013118,0.654525
2021-12-01,CAT,-0.009723,0.638438
2021-12-02,CAT,0.027785,0.683962
2021-12-03,CAT,0.005132,0.692605
2021-12-06,CAT,0.017594,0.722384
2021-12-07,CAT,0.015948,0.749852
2021-12-08,CAT,-0.001467,0.747285
2021-12-09,CAT,-0.000294,0.746771
2021-12-10,CAT,-0.003282,0.741038
2021-12-13,CAT,-0.010862,0.722127
2021-12-14,CAT,0.001938,0.725464
2021-12-15,CAT,0.004513,0.733251
2021-12-16,CAT,0.017872,0.764228
2021-12-17,CAT,-0.023282,0.723154
2021-12-20,CAT,-0.029349,0.672581
2021-12-21,CAT,0.014581,0.696969
2021-12-22,CAT,0.019363,0.729828
2021-12-23,CAT,0.020035,0.764485
2021-12-27,CAT,0.000873,0.766025
2021-12-28,CAT,0.001163,0.768079
2021-12-29,CAT,0.003436,0.774154
2021-12-30,CAT,-0.006029,0.763458
2021-12-31,CAT,0.003202,0.769105
2022-01-03,CAT,0.001258,0.771331
2022-01-04,CAT,0.053526,0.866144
2022-01-05,CAT,0.007658,0.880434
2022-01-06,CAT,0.010194,0.899602
2022-01-07,CAT,0.00991,0.918427
2022-01-10,CAT,-0.011374,0.896607
2022-01-11,CAT,-0.007625,0.882145
2022-01-12,CAT,0.011139,0.90311
2022-01-13,CAT,0.020683,0.942473
2022-01-14,CAT,0.008546,0.959074
2022-01-18,CAT,0.004062,0.967032
2022-01-19,CAT,-0.031037,0.905982
2022-01-20,CAT,-0.022693,0.86273
2022-01-21,CAT,-0.011725,0.84089
2022-01-24,CAT,0.001121,0.842953
2022-01-25,CAT,-9.3e-05,0.842781
2022-01-26,CAT,-9.3e-05,0.84261
2022-01-27,CAT,-0.009893,0.82438
2022-01-28,CAT,-0.051892,0.729709
2022-01-31,CAT,0.001988,0.733148
2022-02-01,CAT,0.018803,0.765738
2022-02-02,CAT,-0.001997,0.762212
2022-02-03,CAT,-0.021226,0.724808
2022-02-04,CAT,-0.010868,0.706063
2022-02-07,CAT,0.007106,0.718187
2022-02-08,CAT,0.008408,0.732632
2022-02-09,CAT,0.010422,0.75069
2022-02-10,CAT,-0.002603,0.746133
2022-02-11,CAT,-0.009012,0.730397
2022-02-14,CAT,-0.006708,0.718789
2022-02-15,CAT,0.01761,0.749056
2022-02-16,CAT,0.001131,0.751034
2022-02-17,CAT,-0.043704,0.674506
2022-02-18,CAT,-0.014327,0.650515
2022-02-22,CAT,-0.003855,0.644152
2022-02-23,CAT,-0.023744,0.605114
2022-02-24,CAT,-0.010607,0.588089
2022-02-25,CAT,0.012832,0.608468
2022-02-28,CAT,0.00278,0.612939
2022-03-01,CAT,-0.025322,0.572096
2022-03-02,CAT,0.053492,0.65619
2022-03-03,CAT,0.01163,0.675452
2022-03-04,CAT,0.004157,0.682416
2022-03-07,CAT,0.005315,0.691359
2022-03-08,CAT,0.067616,0.805721
2022-03-09,CAT,-0.001048,0.80383
2022-03-10,CAT,0.009581,0.821113
2022-03-11,CAT,0.014354,0.847253
2022-03-14,CAT,0.00284,0.852498
2022-03-15,CAT,0.004735,0.861269
2022-03-16,CAT,-0.001756,0.858001
2022-03-17,CAT,0.026009,0.906326
2022-03-18,CAT,-0.003563,0.899533
2022-03-21,CAT,0.012675,0.923609
2022-03-22,CAT,-0.00447,0.91501
2022-03-23,CAT,-0.002425,0.910367
2022-03-24,CAT,0.00018,0.910711
2022-03-25,CAT,0.005175,0.9206
2022-03-28,CAT,-0.00676,0.907616
2022-03-29,CAT,-0.003651,0.900651
2022-03-30,CAT,0.009229,0.918192
2022-03-31,CAT,-0.001165,0.915956
2022-04-01,CAT,-0.013688,0.889731
2022-04-04,CAT,0.004732,0.898673
2022-04-05,CAT,-0.021693,0.857486
2022-04-06,CAT,0.000879,0.859119
2022-04-07,CAT,-0.001434,0.856453
2022-04-08,CAT,0.005234,0.86617
2022-04-11,CAT,-0.004516,0.857743
2022-04-12,CAT,0.003009,0.863333
2022-04-13,CAT,0.007245,0.876833
2022-04-14,CAT,0.043707,0.958864
2022-04-18,CAT,0.009262,0.977007
2022-04-19,CAT,0.009743,0.996268
2022-04-20,CAT,0.012577,1.021376
2022-04-21,CAT,-0.010677,0.999793
2022-04-22,CAT,-0.065497,0.868812
2022-04-25,CAT,0.001849,0.872269
2022-04-26,CAT,-0.029534,0.816973
2022-04-27,CAT,0.017404,0.848595
2022-04-28,CAT,-0.007104,0.835463
2022-04-29,CAT,-0.008944,0.819047
2022-05-02,CAT,0.007267,0.832265
2022-05-03,CAT,0.007309,0.845657
2022-05-04,CAT,0.041991,0.923158
2022-05-05,CAT,-0.029921,0.865615
2022-05-06,CAT,-0.005928,0.854557
2022-05-09,CAT,-0.038947,0.782327
2022-05-10,CAT,-0.015997,0.753815
2022-05-11,CAT,0.010937,0.772996
2022-05-12,CAT,-0.010623,0.754161
2022-05-13,CAT,0.006403,0.765393
2022-05-16,CAT,0.013997,0.790103
2022-05-17,CAT,0.028476,0.841078
2022-05-18,CAT,-0.024168,0.796583
2022-05-19,CAT,-0.005675,0.786388
2022-05-20,CAT,-0.043239,0.709147
2022-05-23,CAT,0.031999,0.763838
2022-05-24,CAT,0.007348,0.776797
2022-05-25,CAT,0.017797,0.80842
2022-05-26,CAT,0.017582,0.840214
2022-05-27,CAT,0.019484,0.87607
2022-05-31,CAT,-0.005941,0.864924
2022-06-01,CAT,0.007969,0.879785
2022-06-02,CAT,0.011169,0.90078
2022-06-03,CAT,0.013182,0.925835
2022-06-06,CAT,0.003275,0.932143
2022-06-07,CAT,0.015517,0.962123
2022-06-08,CAT,0.011889,0.985451
2022-06-09,CAT,-0.026675,0.932489
2022-06-10,CAT,-0.037958,0.859136
2022-06-13,CAT,-0.038572,0.787424
2022-06-14,CAT,-0.000918,0.785783
2022-06-15,CAT,-0.003338,0.779821
2022-06-16,CAT,-0.054418,0.682968
2022-06-17,CAT,-0.011037,0.664392
2022-06-21,CAT,0.019363,0.696619
2022-06-22,CAT,-0.04349,0.622834
2022-06-23,CAT,-0.048768,0.543692
2022-06-24,CAT,0.038171,0.602617
2022-06-27,CAT,0.011321,0.62076
2022-06-28,CAT,-0.0008,0.619464
2022-06-29,CAT,-0.021127,0.585251
2022-06-30,CAT,-0.025725,0.54447
2022-07-01,CAT,-0.002629,0.540409
2022-07-05,CAT,-0.025408,0.501271
2022-07-06,CAT,-0.008345,0.488742
2022-07-07,CAT,0.046254,0.557603
2022-07-08,CAT,-0.006545,0.547408
2022-07-11,CAT,-0.022781,0.512157
2022-07-12,CAT,-0.003028,0.507578
2022-07-13,CAT,-0.003553,0.502221
2022-07-14,CAT,-0.022603,0.468266
2022-07-15,CAT,0.020242,0.497987
2022-07-18,CAT,0.000635,0.498938
2022-07-19,CAT,0.04179,0.561579
2022-07-20,CAT,0.002674,0.565754
2022-07-21,CAT,0.005668,0.574629
2022-07-22,CAT,-0.013095,0.554009
2022-07-25,CAT,0.017859,0.581763
2022-07-26,CAT,-0.00319,0.576716
2022-07-27,CAT,0.022182,0.611691
2022-07-28,CAT,0.013981,0.634224
2022-07-29,CAT,0.05542,0.724792
2022-08-01,CAT,-0.0171,0.695299
2022-08-02,CAT,-0.058247,0.596553
2022-08-03,CAT,-0.003487,0.590985
2022-08-04,CAT,0.004211,0.597684
2022-08-05,CAT,0.00953,0.612909
2022-08-08,CAT,0.002265,0.616563
2022-08-09,CAT,0.001184,0.618477
2022-08-10,CAT,0.025211,0.65928
2022-08-11,CAT,0.017198,0.687817
2022-08-12,CAT,0.014639,0.712525
2022-08-15,CAT,-0.004522,0.704782
2022-08-16,CAT,0.008012,0.718441
2022-08-17,CAT,-0.00805,0.704608
2022-08-18,CAT,0.007247,0.716962
2022-08-19,CAT,-0.008868,0.701737
2022-08-22,CAT,-0.019632,0.668328
2022-08-23,CAT,0.028421,0.715744
2022-08-24,CAT,-0.015466,0.689208
2022-08-25,CAT,0.02431,0.730273
2022-08-26,CAT,-0.034996,0.669721
2022-08-29,CAT,-0.00073,0.668503
2022-08-30,CAT,-0.025237,0.626394
2022-08-31,CAT,-0.011929,0.606993
2022-09-01,CAT,-0.01229,0.587244
2022-09-02,CAT,-0.008825,0.573236
2022-09-06,CAT,-0.00094,0.571757
2022-09-07,CAT,0.001107,0.573498
2022-09-08,CAT,0.012661,0.59342
2022-09-09,CAT,0.034617,0.648579
2022-09-12,CAT,0.015357,0.673896
2022-09-13,CAT,-0.042048,0.603513
2022-09-14,CAT,0.001845,0.606471
2022-09-15,CAT,-0.011698,0.587679
2022-09-16,CAT,-0.016549,0.561404
2022-09-19,CAT,0.01471,0.584373
2022-09-20,CAT,-0.022624,0.548528
2022-09-21,CAT,-0.033934,0.49598
2022-09-22,CAT,-0.008142,0.4838
2022-09-23,CAT,-0.036998,0.428902
2022-09-26,CAT,-0.009864,0.414808
2022-09-27,CAT,-0.001106,0.413242
2022-09-28,CAT,0.03275,0.459527
2022-09-29,CAT,-0.011087,0.443344
2022-09-30,CAT,-0.01097,0.42751
2022-10-03,CAT,0.043576,0.489716
2022-10-04,CAT,0.049057,0.562796
2022-10-05,CAT,-0.006959,0.551921
2022-10-06,CAT,0.002411,0.555662
2022-10-07,CAT,-0.007047,0.5447
2022-10-10,CAT,0.006308,0.554444
2022-10-11,CAT,0.006045,0.563841
2022-10-12,CAT,-0.001391,0.561665
2022-10-13,CAT,0.020278,0.593333
2022-10-14,CAT,-0.027028,0.550268
2022-10-17,CAT,0.014647,0.572976
2022-10-18,CAT,0.01521,0.596901
2022-10-19,CAT,0.004685,0.604383
2022-10-20,CAT,-0.020986,0.570714
2022-10-21,CAT,0.060667,0.666004
2022-10-24,CAT,0.005678,0.675463
2022-10-25,CAT,0.018505,0.706467
2022-10-26,CAT,0.010881,0.725035
2022-10-27,CAT,0.077071,0.857986
2022-10-28,CAT,0.03394,0.921046
2022-10-31,CAT,-0.01313,0.895822
2022-11-01,CAT,0.009424,0.913689
2022-11-02,CAT,-0.018124,0.879006
2022-11-03,CAT,0.022001,0.920345
2022-11-04,CAT,0.039177,0.995579
2022-11-07,CAT,0.003336,1.002235
2022-11-08,CAT,0.005249,1.012745
2022-11-09,CAT,-0.018581,0.975347
2022-11-10,CAT,0.030638,1.035867
2022-11-11,CAT,0.01738,1.071251
2022-11-14,CAT,4.2e-05,1.071338
2022-11-15,CAT,-0.008076,1.05461
2022-11-16,CAT,-0.00925,1.035604
2022-11-17,CAT,-0.008519,1.018263
2022-11-18,CAT,0.004296,1.026933
2022-11-21,CAT,0.003197,1.033414
2022-11-22,CAT,0.021924,1.077994
2022-11-23,CAT,-0.001433,1.075016
2022-11-25,CAT,-0.00515,1.064331
2022-11-28,CAT,-0.014425,1.034553
2022-11-29,CAT,0.012139,1.059252
2022-11-30,CAT,0.005486,1.07055
2022-12-01,CAT,-0.003046,1.064244
2022-12-02,CAT,0.001867,1.068098
2022-12-05,CAT,-0.015076,1.036918
2022-12-06,CAT,-0.018403,0.999433
2022-12-07,CAT,0.003022,1.005476
2022-12-08,CAT,0.008473,1.022467
2022-12-09,CAT,-0.01572,0.990674
2022-12-12,CAT,0.025386,1.04121
2022-12-13,CAT,0.010427,1.062492
2022-12-14,CAT,-0.004289,1.053647
2022-12-15,CAT,-0.016291,1.02019
2022-12-16,CAT,0.008931,1.038232
2022-12-19,CAT,-0.001848,1.034466
2022-12-20,CAT,0.012269,1.059426
2022-12-21,CAT,0.028026,1.117144
2022-12-22,CAT,-0.017333,1.080446
2022-12-23,CAT,0.009809,1.100854
2022-12-27,CAT,0.013632,1.129493
2022-12-28,CAT,-0.015464,1.096562
2022-12-29,CAT,0.003426,1.103744
2022-12-30,CAT,-0.002665,1.098138
2023-01-03,CAT,-0.002838,1.092183
2023-01-04,CAT,0.010382,1.113903
2023-01-05,CAT,-0.004475,1.104445
2023-01-06,CAT,0.035708,1.179591
2023-01-09,CAT,-0.009001,1.159972
2023-01-10,CAT,0.015773,1.194041
2023-01-11,CAT,0.000878,1.195969
2023-01-12,CAT,0.017309,1.233979
2023-01-13,CAT,0.013291,1.26367
2023-01-17,CAT,-0.008512,1.244402
2023-01-18,CAT,-0.013424,1.214273
2023-01-19,CAT,-0.023329,1.162617
2023-01-20,CAT,0.016114,1.197465
2023-01-23,CAT,0.011974,1.223778
2023-01-24,CAT,0.01943,1.266986
2023-01-25,CAT,0.003222,1.27429
2023-01-26,CAT,0.014239,1.306674
2023-01-27,CAT,0.009232,1.32797
2023-01-30,CAT,-0.011491,1.301219
2023-01-31,CAT,-0.03522,1.220169
2023-02-01,CAT,-0.0109,1.195969
2023-02-02,CAT,-0.018594,1.155137
2023-02-03,CAT,0.011678,1.180305
2023-02-06,CAT,0.014772,1.212513
2023-02-07,CAT,-0.007,1.197025
2023-02-08,CAT,-0.003164,1.190073
2023-02-09,CAT,-0.010407,1.167281
2023-02-10,CAT,0.005644,1.179513
2023-02-13,CAT,0.001938,1.183737
2023-02-14,CAT,-0.015273,1.150385
2023-02-15,CAT,0.017761,1.188577
2023-02-16,CAT,-0.008766,1.169393
2023-02-17,CAT,0.005152,1.180569
2023-02-21,CAT,-0.028573,1.118265
2023-02-22,CAT,-0.011715,1.093449
2023-02-23,CAT,0.000252,1.093976
2023-02-24,CAT,-0.007481,1.078312
2023-02-27,CAT,0.016132,1.11184
2023-02-28,CAT,-0.001792,1.108057
2023-03-01,CAT,0.038071,1.188314
2023-03-02,CAT,0.014115,1.219201
2023-03-03,CAT,0.012412,1.246746
2023-03-06,CAT,-0.005209,1.235042
2023-03-07,CAT,-0.030869,1.166049
2023-03-08,CAT,0.010482,1.188753
2023-03-09,CAT,-0.0312,1.120465
2023-03-10,CAT,-0.057893,0.997704
2023-03-13,CAT,-0.010176,0.977376
2023-03-14,CAT,0.004317,0.985912
2023-03-15,CAT,-0.037267,0.911903
2023-03-16,CAT,0.006674,0.924663
2023-03-17,CAT,-0.016918,0.892103
2023-03-20,CAT,0.02465,0.938743
2023-03-21,CAT,0.020925,0.979311
2023-03-22,CAT,-0.022097,0.935575
2023-03-23,CAT,-0.002319,0.931087
2023-03-24,CAT,-0.011074,0.909703
2023-03-27,CAT,0.004562,0.918415
2023-03-28,CAT,0.009908,0.937423
2023-03-29,CAT,0.0129,0.962415
2023-03-30,CAT,0.006906,0.975967
2023-03-31,CAT,0.01915,1.013808
2023-04-03,CAT,0.004501,1.022872
2023-04-04,CAT,-0.05403,0.913575
2023-04-05,CAT,-0.018027,0.879079
2023-04-06,CAT,-0.020419,0.84071
2023-04-10,CAT,0.030406,0.896679
2023-04-11,CAT,0.023523,0.941295
2023-04-12,CAT,-0.000453,0.940415
2023-04-13,CAT,0.005306,0.950711
2023-04-14,CAT,0.009068,0.968399
2023-04-17,CAT,0.006974,0.982127
2023-04-18,CAT,-0.000177,0.981776
2023-04-19,CAT,-0.002442,0.976936
2023-04-20,CAT,-0.010594,0.955992
2023-04-21,CAT,-0.003619,0.948913
2023-04-24,CAT,0.014346,0.976872
2023-04-25,CAT,-0.021483,0.934402
2023-04-26,CAT,-0.01116,0.912814
2023-04-27,CAT,-0.008603,0.896357
2023-04-28,CAT,0.020856,0.935907
2023-05-01,CAT,-0.006993,0.92237
2023-05-02,CAT,-0.009757,0.903612
2023-05-03,CAT,0.002277,0.907947
2023-05-04,CAT,-0.024392,0.861408
2023-05-05,CAT,0.022388,0.903081
2023-05-08,CAT,-0.001395,0.900427
2023-05-09,CAT,-0.006053,0.888925
2023-05-10,CAT,-0.001499,0.886094
2023-05-11,CAT,-0.01473,0.858311
2023-05-12,CAT,-0.002333,0.853976
2023-05-15,CAT,0.008352,0.86946
2023-05-16,CAT,-0.019358,0.833272
2023-05-17,CAT,0.023649,0.876626
2023-05-18,CAT,0.012353,0.899808
2023-05-19,CAT,0.00028,0.900339
2023-05-22,CAT,-0.002421,0.895738
2023-05-23,CAT,-0.007234,0.882024
2023-05-24,CAT,-0.014151,0.855392
2023-05-25,CAT,0.001335,0.857869
2023-05-26,CAT,0.008667,0.873972
2023-05-30,CAT,-0.008971,0.857161
2023-05-31,CAT,-0.019771,0.820442
2023-06-01,CAT,0.016136,0.849818
2023-06-02,CAT,0.083991,1.005185
2023-06-05,CAT,-0.018356,0.968378
2023-06-06,CAT,0.018924,1.005628
2023-06-07,CAT,0.03913,1.084108
2023-06-08,CAT,-0.00467,1.074375
2023-06-09,CAT,0.002474,1.079507
2023-06-12,CAT,0.012211,1.1049
2023-06-13,CAT,0.031694,1.171613
2023-06-14,CAT,-0.008637,1.152856
2023-06-15,CAT,0.017878,1.191344
2023-06-16,CAT,-0.00969,1.170109
2023-06-20,CAT,-0.016798,1.133656
2023-06-21,CAT,0.001368,1.136576
2023-06-22,CAT,-0.017144,1.099945
2023-06-23,CAT,-0.012219,1.074287
2023-06-26,CAT,0.010706,1.096495
2023-06-27,CAT,0.015784,1.129586
2023-06-28,CAT,0.004902,1.140026
2023-06-29,CAT,0.009799,1.160996
2023-06-30,CAT,0.007411,1.17701
2023-07-03,CAT,0.005202,1.188335
2023-07-05,CAT,-0.010108,1.166216
2023-07-06,CAT,-0.017359,1.128612
2023-07-07,CAT,0.019121,1.169313
2023-07-10,CAT,0.014805,1.20143
2023-07-11,CAT,0.016237,1.237176
2023-07-12,CAT,0.002966,1.243811
2023-07-13,CAT,0.008912,1.263808
2023-07-14,CAT,-0.000938,1.261684
2023-07-17,CAT,0.007198,1.277964
2023-07-18,CAT,0.024664,1.334148
2023-07-19,CAT,0.000914,1.336282
2023-07-20,CAT,-0.006318,1.321522
2023-07-21,CAT,-0.013176,1.290934
2023-07-24,CAT,0.006676,1.306228
2023-07-25,CAT,0.010371,1.330147
2023-07-26,CAT,-0.014272,1.296892
2023-07-27,CAT,-7.7e-05,1.296714
2023-07-28,CAT,0.008246,1.315653
2023-07-31,CAT,0.018201,1.3578
2023-08-01,CAT,0.088547,1.566576
2023-08-02,CAT,-0.003742,1.556973
2023-08-03,CAT,-0.021281,1.502557
2023-08-04,CAT,-0.017801,1.458009
2023-08-07,CAT,0.018846,1.504334
2023-08-08,CAT,0.004403,1.51536
2023-08-09,CAT,0.005797,1.529942
2023-08-10,CAT,-0.002495,1.523629
2023-08-11,CAT,0.004933,1.536078
2023-08-14,CAT,-0.002384,1.530031
2023-08-15,CAT,-0.025199,1.466278
2023-08-16,CAT,-0.010311,1.440848
2023-08-17,CAT,0.002404,1.446716
2023-08-18,CAT,-0.004979,1.434535
2023-08-21,CAT,-0.003835,1.425198
2023-08-22,CAT,-0.009349,1.402525
2023-08-23,CAT,0.010474,1.427688
2023-08-24,CAT,-0.013661,1.394523
2023-08-25,CAT,0.012105,1.423509
2023-08-28,CAT,0.008182,1.443338
2023-08-29,CAT,0.019069,1.48993
2023-08-30,CAT,0.008213,1.51038
2023-08-31,CAT,-0.00425,1.499711
2023-09-01,CAT,0.018212,1.545235
2023-09-05,CAT,-0.016139,1.504157
2023-09-06,CAT,0.004509,1.515449
2023-09-07,CAT,-0.005196,1.502378
2023-09-08,CAT,0.00302,1.509936
2023-09-11,CAT,-0.000815,1.507891
2023-09-12,CAT,-0.000851,1.505757
2023-09-13,CAT,-0.020901,1.453385
2023-09-14,CAT,0.024065,1.512426
2023-09-15,CAT,-0.012068,1.482105
2023-09-18,CAT,0.006412,1.498021
2023-09-19,CAT,-0.00452,1.486729
2023-09-20,CAT,-0.00379,1.477304
2023-09-21,CAT,-0.023617,1.418797
2023-09-22,CAT,0.003786,1.427955
2023-09-25,CAT,0.004431,1.438714
2023-09-26,CAT,-0.017319,1.396478
2023-09-27,CAT,0.011836,1.424842
2023-09-28,CAT,0.012944,1.45623
2023-09-29,CAT,-0.011729,1.427421
2023-10-02,CAT,-0.004689,1.41604
2023-10-03,CAT,-0.01012,1.391588
2023-10-04,CAT,-0.014648,1.356555
2023-10-05,CAT,-0.015961,1.318943
2023-10-06,CAT,0.020092,1.365536
2023-10-09,CAT,0.019771,1.412306
2023-10-10,CAT,0.00704,1.429289
2023-10-11,CAT,-0.001391,1.42591
2023-10-12,CAT,-0.011802,1.397278
2023-10-13,CAT,-0.006194,1.382429
2023-10-16,CAT,0.010637,1.407771
2023-10-17,CAT,0.006869,1.424309
2023-10-18,CAT,-0.049257,1.304894
2023-10-19,CAT,-0.024419,1.24861
2023-10-20,CAT,-0.0095,1.227249
2023-10-23,CAT,-0.007544,1.210447
2023-10-24,CAT,0.009017,1.230378
2023-10-25,CAT,-0.018473,1.189175
2023-10-26,CAT,-0.010248,1.166742
2023-10-27,CAT,-0.015963,1.132154
2023-10-30,CAT,0.015091,1.164329
2023-10-31,CAT,-0.066526,1.020344
2023-11-01,CAT,0.025569,1.072003
2023-11-02,CAT,0.031445,1.137158
2023-11-03,CAT,0.006817,1.151727
2023-11-06,CAT,-0.01026,1.129651
2023-11-07,CAT,-0.014101,1.099621
2023-11-08,CAT,-0.000426,1.098727
2023-11-09,CAT,-0.002853,1.092739
2023-11-10,CAT,0.023617,1.142164
2023-11-13,CAT,0.008303,1.159949
2023-11-14,CAT,0.025613,1.215273
2023-11-15,CAT,0.013032,1.244142
2023-11-16,CAT,-0.01147,1.218401
2023-11-17,CAT,0.01958,1.261838
2023-11-20,CAT,-0.010353,1.238422
2023-11-21,CAT,-0.004152,1.229127
2023-11-22,CAT,-0.013632,1.198739
2023-11-24,CAT,0.005488,1.210804
2023-11-27,CAT,0.000121,1.211073
2023-11-28,CAT,0.000445,1.212056
2023-11-29,CAT,0.007879,1.229484
2023-11-30,CAT,0.005091,1.240835
2023-12-01,CAT,0.024091,1.294818
2023-12-04,CAT,-0.007828,1.276853
2023-12-05,CAT,0.001727,1.280786
2023-12-06,CAT,0.003057,1.287757
2023-12-07,CAT,0.005626,1.300627
2023-12-08,CAT,0.008119,1.319307
2023-12-11,CAT,0.005472,1.331998
2023-12-12,CAT,0.001955,1.336556
2023-12-13,CAT,0.025016,1.395008
2023-12-14,CAT,0.064186,1.548735
2023-12-15,CAT,0.001999,1.553829
2023-12-18,CAT,-0.000105,1.553561
2023-12-19,CAT,0.025375,1.618359
2023-12-20,CAT,-0.011094,1.589312
2023-12-21,CAT,0.001243,1.592529
2023-12-22,CAT,0.001,1.595121
2023-12-26,CAT,0.01815,1.642222
2023-12-27,CAT,0.008423,1.664477
2023-12-28,CAT,-0.004159,1.653394
2023-12-29,CAT,-0.004076,1.64258
2024-01-02,CAT,-0.010011,1.616124
2024-01-03,CAT,-0.028732,1.540959
2024-01-04,CAT,0.006331,1.557047
2024-01-05,CAT,0.009892,1.58234
2024-01-08,CAT,0.011491,1.612013
2024-01-09,CAT,0.000137,1.612371
2024-01-10,CAT,0.003626,1.621844
2024-01-11,CAT,-0.004398,1.610315
2024-01-12,CAT,-0.005649,1.595568
2024-01-16,CAT,-0.01095,1.567147
2024-01-17,CAT,-0.029941,1.490283
2024-01-18,CAT,0.011736,1.519509
2024-01-19,CAT,0.016679,1.561531
2024-01-22,CAT,0.011883,1.591969
2024-01-23,CAT,0.000554,1.593406
2024-01-24,CAT,0.006405,1.610017
2024-01-25,CAT,0.034712,1.700615
2024-01-26,CAT,-0.004455,1.688583
2024-01-29,CAT,0.012758,1.722884
2024-01-30,CAT,0.004979,1.736442
2024-01-31,CAT,-0.014602,1.696485
2024-02-01,CAT,0.024575,1.76275
2024-02-02,CAT,0.02405,1.829195
2024-02-05,CAT,0.020026,1.885852
2024-02-06,CAT,0.004107,1.897705
2024-02-07,CAT,0.002696,1.905516
2024-02-08,CAT,-0.004914,1.89124
2024-02-09,CAT,-0.015031,1.847781
2024-02-12,CAT,0.014094,1.887918
2024-02-13,CAT,-0.02733,1.808992
2024-02-14,CAT,0.012371,1.843741
2024-02-15,CAT,0.020082,1.900848
2024-02-16,CAT,-0.003591,1.890432
2024-02-20,CAT,-0.02538,1.817073
2024-02-21,CAT,0.010837,1.847602
2024-02-22,CAT,0.015608,1.892048
2024-02-23,CAT,0.005557,1.90812
2024-02-26,CAT,0.004631,1.921589
2024-02-27,CAT,0.006915,1.941791
2024-02-28,CAT,0.005891,1.959121
2024-02-29,CAT,0.013351,1.998629
2024-03-01,CAT,0.008205,2.023231
2024-03-04,CAT,0.005791,2.04074
2024-03-05,CAT,-0.015119,1.994768
2024-03-06,CAT,0.006296,2.013624
2024-03-07,CAT,0.013676,2.054838
2024-03-08,CAT,-0.003028,2.045589
2024-03-11,CAT,-0.012441,2.007697
2024-03-12,CAT,0.006777,2.02808
2024-03-13,CAT,0.012691,2.06651
2024-03-14,CAT,0.001172,2.070102
2024-03-15,CAT,0.014769,2.115446
2024-03-18,CAT,0.014209,2.159712
2024-03-19,CAT,0.005684,2.17767
2024-03-20,CAT,0.007205,2.200566
2024-03-21,CAT,0.022752,2.273386
2024-03-22,CAT,-0.017693,2.215471
2024-03-25,CAT,-0.006031,2.196077
2024-03-26,CAT,0.001236,2.200028
2024-03-27,CAT,0.023177,2.274194
2024-03-28,CAT,0.004881,2.290177
2024-04-01,CAT,-0.007341,2.266023
2024-04-02,CAT,0.002997,2.275811
2024-04-03,CAT,0.030041,2.374221
2024-04-04,CAT,-0.015966,2.320346
2024-04-05,CAT,0.025717,2.405737
2024-04-08,CAT,-0.01537,2.353389
2024-04-09,CAT,-0.004204,2.339292
2024-04-10,CAT,0.000457,2.340818
2024-04-11,CAT,-0.000242,2.340011
2024-04-12,CAT,-0.017071,2.282994
2024-04-15,CAT,-0.004704,2.26755
2024-04-16,CAT,-0.011074,2.231365
2024-04-17,CAT,-0.004335,2.217358
2024-04-18,CAT,-0.001089,2.213855
2024-04-19,CAT,-0.005524,2.196102
2024-04-22,CAT,0.008318,2.222687
2024-04-23,CAT,0.015771,2.273513
2024-04-24,CAT,0.000743,2.275946
2024-04-25,CAT,-0.070203,2.045966
2024-04-26,CAT,0.015917,2.09445
2024-04-29,CAT,0.018696,2.152305
2024-04-30,CAT,-0.043539,2.015057
2024-05-01,CAT,-0.010461,1.983516
2024-05-02,CAT,0.0132,2.022897
2024-05-03,CAT,0.003905,2.034703
2024-05-06,CAT,0.015887,2.082915
2024-05-07,CAT,0.008477,2.109049
2024-05-08,CAT,-0.001449,2.104543
2024-05-09,CAT,0.021132,2.170149
2024-05-10,CAT,0.008557,2.197274
2024-05-13,CAT,0.005327,2.214306
2024-05-14,CAT,0.004206,2.227824
2024-05-15,CAT,0.005193,2.244586
2024-05-16,CAT,-0.025886,2.160596
2024-05-17,CAT,0.015825,2.210611
2024-05-20,CAT,0.018189,2.269007
2024-05-21,CAT,-0.010145,2.235844
2024-05-22,CAT,-0.008717,2.207637
2024-05-23,CAT,-0.014722,2.160416
2024-05-24,CAT,-0.005133,2.144195
2024-05-28,CAT,-0.006965,2.122296
2024-05-29,CAT,-0.024129,2.046958
2024-05-30,CAT,0.003372,2.057232
2024-05-31,CAT,-0.002152,2.050653
2024-06-03,CAT,-0.021151,1.986129
2024-06-04,CAT,-0.011438,1.951975
2024-06-05,CAT,0.005739,1.968916
2024-06-06,CAT,-0.003521,1.958463
2024-06-07,CAT,0.00198,1.96432
2024-06-10,CAT,0.002037,1.970358
2024-06-11,CAT,-0.006978,1.949631
2024-06-12,CAT,0.004338,1.962428
2024-06-13,CAT,-0.00721,1.94107
2024-06-14,CAT,-0.014983,1.897003
2024-06-17,CAT,0.002893,1.905384
2024-06-18,CAT,0.008499,1.930076
2024-06-20,CAT,0.012272,1.966033
2024-06-21,CAT,-0.003919,1.954408
2024-06-24,CAT,0.006589,1.973873
2024-06-25,CAT,-0.007879,1.950442
2024-06-26,CAT,-0.002046,1.944404
2024-06-27,CAT,0.002234,1.950983
2024-06-28,CAT,0.017224,2.001809
2024-07-01,CAT,-0.012069,1.965582
2024-07-02,CAT,-0.004011,1.953686
2024-07-03,CAT,0.008695,1.97937
2024-07-05,CAT,-0.006836,1.959004
2024-07-08,CAT,0.002162,1.965401
2024-07-09,CAT,-0.009117,1.938367
2024-07-10,CAT,0.007422,1.960175
2024-07-11,CAT,0.008068,1.984057
2024-07-12,CAT,0.013469,2.024249
2024-07-15,CAT,0.030335,2.115988
2024-07-16,CAT,0.042832,2.249452
2024-07-17,CAT,-0.00771,2.224399
2024-07-18,CAT,-0.004947,2.208448
2024-07-19,CAT,-0.023593,2.13275
2024-07-22,CAT,0.004766,2.14768
2024-07-23,CAT,-0.010636,2.114201
2024-07-24,CAT,-0.023622,2.040637
2024-07-25,CAT,0.024581,2.115377
2024-07-26,CAT,0.017949,2.171296
2024-07-29,CAT,-0.016977,2.117458
2024-07-30,CAT,-0.008156,2.092031
2024-07-31,CAT,0.01311,2.132569
2024-08-01,CAT,-0.042403,1.999738
2024-08-02,CAT,-0.032125,1.903372
2024-08-05,CAT,-0.012684,1.866545
2024-08-06,CAT,0.030429,1.953772
2024-08-07,CAT,-0.001961,1.947981
2024-08-08,CAT,0.031799,2.041723
2024-08-09,CAT,0.006247,2.060725
2024-08-12,CAT,-0.006593,2.040546
2024-08-13,CAT,0.008243,2.065611
2024-08-14,CAT,-0.003572,2.054662
2024-08-15,CAT,0.023846,2.127502
2024-08-16,CAT,-0.006249,2.107957
2024-08-19,CAT,0.003406,2.118544
2024-08-20,CAT,-0.003917,2.106328
2024-08-21,CAT,-0.000961,2.103342
2024-08-22,CAT,-0.001779,2.097823
2024-08-23,CAT,0.017672,2.152566
2024-08-26,CAT,0.007893,2.177449
2024-08-27,CAT,-0.000114,2.177087
2024-08-28,CAT,-0.008316,2.150666
2024-08-29,CAT,0.009879,2.181792
2024-08-30,CAT,0.012683,2.222148
2024-09-03,CAT,-0.044538,2.07864
2024-09-04,CAT,-0.010257,2.047061
2024-09-05,CAT,-0.009473,2.018197
2024-09-06,CAT,-0.012592,1.980193
2024-09-09,CAT,0.014209,2.02254
2024-09-10,CAT,0.000359,2.023626
2024-09-11,CAT,0.002514,2.031226
2024-09-12,CAT,0.013672,2.072668
2024-09-13,CAT,0.016874,2.124516
2024-09-16,CAT,0.007674,2.148494
2024-09-17,CAT,0.016467,2.200342
2024-09-18,CAT,0.004043,2.213281
2024-09-19,CAT,0.051222,2.377872
2024-09-20,CAT,-0.012027,2.337245
2024-09-23,CAT,0.006372,2.358508
2024-09-24,CAT,0.039766,2.492063
2024-09-25,CAT,-0.0199,2.422571
2024-09-26,CAT,0.033602,2.537577
2024-09-27,CAT,0.000307,2.538662
2024-09-30,CAT,0.000102,2.539025
2024-10-01,CAT,0.003247,2.550516
2024-10-02,CAT,0.004231,2.565537
2024-10-03,CAT,-0.007512,2.538753
2024-10-04,CAT,0.015342,2.593044
2024-10-07,CAT,0.002921,2.60354
2024-10-08,CAT,-0.025838,2.510432
2024-10-09,CAT,0.021214,2.584901
2024-10-10,CAT,0.001136,2.588972
2024-10-11,CAT,0.013564,2.637652
2024-10-14,CAT,-0.020074,2.564632
2024-10-15,CAT,-0.015129,2.510703
2024-10-16,CAT,0.014511,2.561646
2024-10-17,CAT,0.00221,2.569518
2024-10-18,CAT,-0.001597,2.563817
2024-10-21,CAT,-0.00502,2.545928
2024-10-22,CAT,-0.005173,2.527584
2024-10-23,CAT,-0.007028,2.502794
2024-10-24,CAT,0.003448,2.514871
2024-10-25,CAT,-0.002816,2.504973
2024-10-28,CAT,0.012022,2.547109
2024-10-29,CAT,-0.007936,2.518958
2024-10-30,CAT,-0.021341,2.443858
2024-10-31,CAT,-0.008016,2.416252
2024-11-01,CAT,0.009118,2.4474
2024-11-04,CAT,-0.008192,2.419158
2024-11-05,CAT,0.018193,2.481362
2024-11-06,CAT,0.087409,2.785665
2024-11-07,CAT,-0.020797,2.706933
2024-11-08,CAT,-0.036354,2.572172
2024-11-11,CAT,0.008059,2.600958
2024-11-12,CAT,-0.008902,2.568903
2024-11-13,CAT,-0.015114,2.514962
2024-11-14,CAT,0.000749,2.517595
2024-11-15,CAT,-0.008493,2.487719
2024-11-18,CAT,0.001015,2.491261
2024-11-19,CAT,-0.00554,2.471918
2024-11-20,CAT,-0.002171,2.464381
2024-11-21,CAT,0.021206,2.537846
2024-11-22,CAT,0.020278,2.609585
2024-11-25,CAT,0.020529,2.683686
2024-11-26,CAT,0.005374,2.703482
2024-11-27,CAT,-0.010127,2.665978
2024-11-29,CAT,0.00597,2.687863
2024-12-02,CAT,-0.008865,2.655172
2024-12-03,CAT,-0.008074,2.625659
2024-12-04,CAT,0.000626,2.627929
2024-12-05,CAT,-0.011339,2.586793
2024-12-06,CAT,0.000127,2.587247
2024-12-09,CAT,0.010708,2.625659
2024-12-10,CAT,-0.027225,2.526949
2024-12-11,CAT,0.001236,2.531308
2024-12-12,CAT,-0.020804,2.457843
2024-12-13,CAT,-0.000709,2.455391
2024-12-16,CAT,-0.004179,2.440952
2024-12-17,CAT,-0.008234,2.412619
2024-12-18,CAT,-0.031692,2.304466
2024-12-19,CAT,-0.009673,2.272501
2024-12-20,CAT,0.015734,2.32399
2024-12-23,CAT,-0.001776,2.318087
2024-12-24,CAT,0.005966,2.337884
2024-12-26,CAT,-0.001224,2.333797
2024-12-27,CAT,-0.006156,2.313274
2024-12-30,CAT,-0.00507,2.296475
2019-01-03,AMZN,-0.025241,-0.025241
2019-01-04,AMZN,0.050064,0.023559
2019-01-07,AMZN,0.034353,0.058722
2019-01-08,AMZN,0.016612,0.076309
2019-01-09,AMZN,0.001714,0.078155
2019-01-10,AMZN,-0.001928,0.076075
2019-01-11,AMZN,-0.009455,0.065901
2019-01-14,AMZN,-0.014233,0.05073
2019-01-15,AMZN,0.035462,0.087991
2019-01-16,AMZN,0.005506,0.093982
2019-01-17,AMZN,0.005606,0.100115
2019-01-18,AMZN,0.00176,0.102051
2019-01-22,AMZN,-0.037749,0.06045
2019-01-23,AMZN,0.00481,0.06555
2019-01-24,AMZN,0.009091,0.075237
2019-01-25,AMZN,0.009451,0.085399
2019-01-28,AMZN,-0.019562,0.064166
2019-01-29,AMZN,-0.02687,0.035572
2019-01-30,AMZN,0.048027,0.085308
2019-01-31,AMZN,0.028915,0.116689
2019-02-01,AMZN,-0.053819,0.05659
2019-02-04,AMZN,0.004354,0.06119
2019-02-05,AMZN,0.015612,0.077758
2019-02-06,AMZN,-0.011183,0.065706
2019-02-07,AMZN,-0.015784,0.048885
2019-02-08,AMZN,-0.016198,0.031895
2019-02-11,AMZN,0.00175,0.033701
2019-02-12,AMZN,0.029547,0.064244
2019-02-13,AMZN,0.001215,0.065537
2019-02-14,AMZN,-0.010579,0.054264
2019-02-15,AMZN,-0.009059,0.044714
2019-02-19,AMZN,0.012208,0.057468
2019-02-20,AMZN,-0.003367,0.053907
2019-02-21,AMZN,-0.00164,0.052179
2019-02-22,AMZN,0.007484,0.060053
2019-02-25,AMZN,0.000883,0.060989
2019-02-26,AMZN,0.002082,0.063198
2019-02-27,AMZN,0.002866,0.066245
2019-02-28,AMZN,-0.000768,0.065427
2019-03-01,AMZN,0.019453,0.086153
2019-03-04,AMZN,0.01462,0.102032
2019-03-05,AMZN,-0.002205,0.099602
2019-03-06,AMZN,-0.013873,0.084346
2019-03-07,AMZN,-0.025765,0.056409
2019-03-08,AMZN,-0.003167,0.053062
2019-03-11,AMZN,0.030738,0.085431
2019-03-12,AMZN,0.001484,0.087043
2019-03-13,AMZN,0.010585,0.098549
2019-03-14,AMZN,-0.002715,0.095567
2019-03-15,AMZN,0.015502,0.112551
2019-03-18,AMZN,0.017397,0.131906
2019-03-19,AMZN,0.011308,0.144705
2019-03-20,AMZN,0.020104,0.167718
2019-03-21,AMZN,0.012235,0.182005
2019-03-22,AMZN,-0.029952,0.146602
2019-03-25,AMZN,0.005377,0.152768
2019-03-26,AMZN,0.005354,0.158941
2019-03-27,AMZN,-0.010125,0.147207
2019-03-28,AMZN,0.004372,0.152222
2019-03-29,AMZN,0.004133,0.156985
2019-04-01,AMZN,0.018779,0.178711
2019-04-02,AMZN,-0.000116,0.178575
2019-04-03,AMZN,0.003705,0.182941
2019-04-04,AMZN,-0.001011,0.181746
2019-04-05,AMZN,0.010127,0.193713
2019-04-08,AMZN,0.006847,0.201887
2019-04-09,AMZN,-0.007579,0.192778
2019-04-10,AMZN,0.006259,0.200243
2019-04-11,AMZN,-0.001765,0.198125
2019-04-12,AMZN,-0.000548,0.197469
2019-04-15,AMZN,0.000982,0.198645
2019-04-16,AMZN,0.009849,0.21045
2019-04-17,AMZN,0.000955,0.211607
2019-04-18,AMZN,-0.001678,0.209573
2019-04-22,AMZN,0.013762,0.226219
2019-04-23,AMZN,0.019318,0.249907
2019-04-24,AMZN,-0.011446,0.235601
2019-04-25,AMZN,0.000263,0.235926
2019-04-26,AMZN,0.025433,0.267359
2019-04-29,AMZN,-0.006254,0.259432
2019-04-30,AMZN,-0.006144,0.251694
2019-05-01,AMZN,-0.007786,0.241948
2019-05-02,AMZN,-0.005598,0.234996
2019-05-03,AMZN,0.032428,0.275045
2019-05-06,AMZN,-0.006069,0.267307
2019-05-07,AMZN,-0.01515,0.248108
2019-05-08,AMZN,-0.001681,0.246009
2019-05-09,AMZN,-0.009334,0.234379
2019-05-10,AMZN,-0.005206,0.227954
2019-05-13,AMZN,-0.035609,0.184228
2019-05-14,AMZN,0.009568,0.195559
2019-05-15,AMZN,0.016863,0.215719
2019-05-16,AMZN,0.019464,0.239382
2019-05-17,AMZN,-0.020219,0.214322
2019-05-20,AMZN,-0.005366,0.207806
2019-05-21,AMZN,-0.00078,0.206864
2019-05-22,AMZN,0.001163,0.208267
2019-05-23,AMZN,-0.023768,0.17955
2019-05-24,AMZN,0.004296,0.184617
2019-05-28,AMZN,0.007212,0.193161
2019-05-29,AMZN,-0.009388,0.18196
2019-05-30,AMZN,-0.001578,0.180095
2019-05-31,AMZN,-0.022711,0.153294
2019-06-03,AMZN,-0.046409,0.099771
2019-06-04,AMZN,0.021782,0.123726
2019-06-05,AMZN,0.005169,0.129534
2019-06-06,AMZN,0.009123,0.139839
2019-06-07,AMZN,0.028312,0.17211
2019-06-10,AMZN,0.031374,0.208884
2019-06-11,AMZN,0.00165,0.210879
2019-06-12,AMZN,-0.004496,0.205434
2019-06-13,AMZN,0.008074,0.215167
2019-06-14,AMZN,-0.000337,0.214758
2019-06-17,AMZN,0.00875,0.225387
2019-06-18,AMZN,0.008133,0.235354
2019-06-19,AMZN,0.003902,0.240175
2019-06-20,AMZN,0.004925,0.246282
2019-06-21,AMZN,-0.003592,0.241806
2019-06-24,AMZN,0.00136,0.243495
2019-06-25,AMZN,-0.018616,0.220345
2019-06-26,AMZN,0.010414,0.233054
2019-06-27,AMZN,0.003399,0.237244
2019-06-28,AMZN,-0.005593,0.230325
2019-07-01,AMZN,0.015082,0.248881
2019-07-02,AMZN,0.006305,0.256755
2019-07-03,AMZN,0.002425,0.259803
2019-07-05,AMZN,0.002017,0.262343
2019-07-08,AMZN,0.004843,0.268457
2019-07-09,AMZN,0.018429,0.291834
2019-07-10,AMZN,0.014641,0.310747
2019-07-11,AMZN,-0.0081,0.300131
2019-07-12,AMZN,0.004962,0.306582
2019-07-15,AMZN,0.004968,0.313073
2019-07-16,AMZN,-0.005487,0.305868
2019-07-17,AMZN,-0.008891,0.294257
2019-07-18,AMZN,-0.007093,0.285077
2019-07-19,AMZN,-0.006765,0.276383
2019-07-22,AMZN,0.010746,0.290099
2019-07-23,AMZN,0.004462,0.295856
2019-07-24,AMZN,0.003169,0.299962
2019-07-25,AMZN,-0.013489,0.282426
2019-07-26,AMZN,-0.015589,0.262434
2019-07-29,AMZN,-0.015748,0.242553
2019-07-30,AMZN,-0.007279,0.233509
2019-07-31,AMZN,-0.016723,0.21288
2019-08-01,AMZN,-0.006139,0.205434
2019-08-02,AMZN,-0.017291,0.184591
2019-08-05,AMZN,-0.031872,0.146836
2019-08-06,AMZN,0.01286,0.161585
2019-08-07,AMZN,0.003115,0.165204
2019-08-08,AMZN,0.02202,0.190861
2019-08-09,AMZN,-0.013809,0.174417
2019-08-12,AMZN,-0.012536,0.159694
2019-08-13,AMZN,0.022085,0.185306
2019-08-14,AMZN,-0.033645,0.145426
2019-08-15,AMZN,0.007465,0.153977
2019-08-16,AMZN,0.009262,0.164665
2019-08-19,AMZN,0.013138,0.179965
2019-08-20,AMZN,-0.008116,0.170389
2019-08-21,AMZN,0.012302,0.184786
2019-08-22,AMZN,-0.010353,0.17252
2019-08-23,AMZN,-0.030499,0.136759
2019-08-26,AMZN,0.011002,0.149266
2019-08-27,AMZN,-0.00398,0.144692
2019-08-28,AMZN,0.001374,0.146265
2019-08-29,AMZN,0.012555,0.160656
2019-08-30,AMZN,-0.005659,0.154087
2019-09-03,AMZN,0.007628,0.162891
2019-09-04,AMZN,0.006023,0.169895
2019-09-05,AMZN,0.02227,0.195948
2019-09-06,AMZN,-0.003917,0.191264
2019-09-09,AMZN,-0.001178,0.189861
2019-09-10,AMZN,-0.005897,0.182844
2019-09-11,AMZN,0.00134,0.184429
2019-09-12,AMZN,0.011278,0.197787
2019-09-13,AMZN,-0.002284,0.195052
2019-09-16,AMZN,-0.017126,0.174586
2019-09-17,AMZN,0.008137,0.184143
2019-09-18,AMZN,-0.002793,0.180836
2019-09-19,AMZN,0.002223,0.183461
2019-09-20,AMZN,-0.01501,0.165698
2019-09-23,AMZN,-0.004938,0.159941
2019-09-24,AMZN,-0.024472,0.131555
2019-09-25,AMZN,0.015342,0.148915
2019-09-26,AMZN,-0.016111,0.130405
2019-09-27,AMZN,-0.008271,0.121055
2019-09-30,AMZN,0.006062,0.127852
2019-10-01,AMZN,-0.00015,0.127683
2019-10-02,AMZN,-0.012917,0.113116
2019-10-03,AMZN,0.006532,0.120386
2019-10-04,AMZN,0.008832,0.130281
2019-10-07,AMZN,-0.004018,0.12574
2019-10-08,AMZN,-0.01567,0.1081
2019-10-09,AMZN,0.009663,0.118807
2019-10-10,AMZN,-0.001005,0.117683
2019-10-11,AMZN,0.006778,0.125259
2019-10-14,AMZN,0.002604,0.128189
2019-10-15,AMZN,0.017824,0.148298
2019-10-16,AMZN,0.005686,0.154828
2019-10-17,AMZN,0.005654,0.161357
2019-10-18,AMZN,-0.016767,0.141885
2019-10-21,AMZN,0.016017,0.160175
2019-10-22,AMZN,-0.011161,0.147226
2019-10-23,AMZN,-0.002016,0.144913
2019-10-24,AMZN,0.010561,0.157004
2019-10-25,AMZN,-0.010922,0.144367
2019-10-28,AMZN,0.008942,0.1546
2019-10-29,AMZN,-0.008086,0.145264
2019-10-30,AMZN,0.009803,0.156491
2019-10-31,AMZN,-0.001871,0.154327
2019-11-01,AMZN,0.008319,0.16393
2019-11-04,AMZN,0.00738,0.17252
2019-11-05,AMZN,-0.001635,0.170603
2019-11-06,AMZN,-0.003297,0.166744
2019-11-07,AMZN,-0.004215,0.161825
2019-11-08,AMZN,-0.001297,0.160318
2019-11-11,AMZN,-0.007968,0.151072
2019-11-12,AMZN,0.003584,0.155198
2019-11-13,AMZN,-0.013999,0.139027
2019-11-14,AMZN,0.00085,0.139995
2019-11-15,AMZN,-0.008612,0.130178
2019-11-18,AMZN,0.007496,0.13865
2019-11-19,AMZN,0.000148,0.138819
2019-11-20,AMZN,-0.004142,0.134102
2019-11-21,AMZN,-0.006199,0.127072
2019-11-22,AMZN,0.006347,0.134225
2019-11-25,AMZN,0.016108,0.152495
2019-11-26,AMZN,0.013023,0.167504
2019-11-27,AMZN,0.012004,0.181518
2019-11-29,AMZN,-0.009739,0.170012
2019-12-02,AMZN,-0.010662,0.157537
2019-12-03,AMZN,-0.006533,0.149974
2019-12-04,AMZN,-0.005237,0.143951
2019-12-05,AMZN,-0.011478,0.130821
2019-12-06,AMZN,0.006389,0.138046
2019-12-09,AMZN,-0.001193,0.136688
2019-12-10,AMZN,-0.005887,0.129996
2019-12-11,AMZN,0.005468,0.136174
2019-12-12,AMZN,0.006639,0.143718
2019-12-13,AMZN,0.000346,0.144114
2019-12-16,AMZN,0.004696,0.149487
2019-12-17,AMZN,0.012124,0.163423
2019-12-18,AMZN,-0.003703,0.159116
2019-12-19,AMZN,0.004624,0.164476
2019-12-20,AMZN,-0.003225,0.160721
2019-12-23,AMZN,0.003638,0.164944
2019-12-24,AMZN,-0.002114,0.162481
2019-12-26,AMZN,0.044467,0.214173
2019-12-27,AMZN,0.000551,0.214842
2019-12-30,AMZN,-0.012253,0.199957
2019-12-31,AMZN,0.000514,0.200574
2020-01-02,AMZN,0.027151,0.233171
2020-01-03,AMZN,-0.012139,0.218201
2020-01-06,AMZN,0.014886,0.236335
2020-01-07,AMZN,0.002092,0.238921
2020-01-08,AMZN,-0.007809,0.229246
2020-01-09,AMZN,0.004799,0.235146
2020-01-10,AMZN,-0.009411,0.223522
2020-01-13,AMZN,0.004323,0.228811
2020-01-14,AMZN,-0.011558,0.214608
2020-01-15,AMZN,-0.003969,0.209787
2020-01-16,AMZN,0.00855,0.220131
2020-01-17,AMZN,-0.00704,0.211542
2020-01-21,AMZN,0.01463,0.229266
2020-01-22,AMZN,-0.0024,0.226316
2020-01-23,AMZN,-0.001526,0.224445
2020-01-24,AMZN,-0.012172,0.209541
2020-01-27,AMZN,-0.017887,0.187905
2020-01-28,AMZN,0.013624,0.204089
2020-01-29,AMZN,0.002563,0.207176
2020-01-30,AMZN,0.006824,0.215414
2020-01-31,AMZN,0.073791,0.305101
2020-02-03,AMZN,-0.00225,0.302164
2020-02-04,AMZN,0.022687,0.331707
2020-02-05,AMZN,-0.004781,0.32534
2020-02-06,AMZN,0.005079,0.332071
2020-02-07,AMZN,0.014169,0.350945
2020-02-10,AMZN,0.026274,0.386439
2020-02-11,AMZN,0.007915,0.397413
2020-02-12,AMZN,0.004277,0.40339
2020-02-13,AMZN,-0.00469,0.396809
2020-02-14,AMZN,-0.006977,0.387063
2020-02-18,AMZN,0.009743,0.400577
2020-02-19,AMZN,0.00675,0.41003
2020-02-20,AMZN,-0.007889,0.398907
2020-02-21,AMZN,-0.026534,0.361789
2020-02-24,AMZN,-0.041356,0.305471
2020-02-25,AMZN,-0.01819,0.281724
2020-02-26,AMZN,0.003472,0.286175
2020-02-27,AMZN,-0.048136,0.224263
2020-02-28,AMZN,-0.000292,0.223906
2020-03-02,AMZN,0.037266,0.269516
2020-03-03,AMZN,-0.02301,0.240305
2020-03-04,AMZN,0.035013,0.283732
2020-03-05,AMZN,-0.026217,0.250076
2020-03-06,AMZN,-0.011923,0.235172
2020-03-09,AMZN,-0.052854,0.169888
2020-03-10,AMZN,0.050655,0.229149
2020-03-11,AMZN,-0.037509,0.183045
2020-03-12,AMZN,-0.079221,0.089323
2020-03-13,AMZN,0.064648,0.159746
2020-03-16,AMZN,-0.053698,0.097471
2020-03-17,AMZN,0.070266,0.174586
2020-03-18,AMZN,0.012258,0.188983
2020-03-19,AMZN,0.027831,0.222074
2020-03-20,AMZN,-0.018523,0.199437
2020-03-23,AMZN,0.030735,0.236302
2020-03-24,AMZN,0.019587,0.260517
2020-03-25,AMZN,-0.027968,0.225264
2020-03-26,AMZN,0.036933,0.270516
2020-03-27,AMZN,-0.028325,0.234529
2020-03-30,AMZN,0.033604,0.276013
2020-03-31,AMZN,-0.007246,0.266768
2020-04-01,AMZN,-0.021552,0.239467
2020-04-02,AMZN,0.005834,0.246698
2020-04-03,AMZN,-0.006379,0.238745
2020-04-06,AMZN,0.047729,0.29787
2020-04-07,AMZN,0.007013,0.306972
2020-04-08,AMZN,0.015609,0.327373
2020-04-09,AMZN,-0.000117,0.327217
2020-04-13,AMZN,0.061735,0.409153
2020-04-14,AMZN,0.052769,0.483513
2020-04-15,AMZN,0.010669,0.499341
2020-04-16,AMZN,0.043555,0.564644
2020-04-17,AMZN,-0.013782,0.54308
2020-04-20,AMZN,0.007836,0.555171
2020-04-21,AMZN,-0.02736,0.512621
2020-04-22,AMZN,0.015193,0.535601
2020-04-23,AMZN,0.015215,0.558965
2020-04-24,AMZN,0.004489,0.565963
2020-04-27,AMZN,-0.014198,0.543729
2020-04-28,AMZN,-0.026061,0.503499
2020-04-29,AMZN,0.025336,0.541592
2020-04-30,AMZN,0.04269,0.607402
2020-05-01,AMZN,-0.075974,0.485281
2020-05-04,AMZN,0.013101,0.50474
2020-05-05,AMZN,0.000782,0.505916
2020-05-06,AMZN,0.014436,0.527655
2020-05-07,AMZN,0.006954,0.538278
2020-05-08,AMZN,0.005068,0.546075
2020-05-11,AMZN,0.012351,0.56517
2020-05-12,AMZN,-0.021606,0.531352
2020-05-13,AMZN,0.004654,0.53848
2020-05-14,AMZN,0.008839,0.552078
2020-05-15,AMZN,0.008762,0.565677
2020-05-18,AMZN,0.006839,0.576384
2020-05-19,AMZN,0.009508,0.591373
2020-05-20,AMZN,0.019846,0.622956
2020-05-21,AMZN,-0.020497,0.58969
2020-05-22,AMZN,-0.00403,0.583284
2020-05-26,AMZN,-0.006164,0.573525
2020-05-27,AMZN,-0.004736,0.566073
2020-05-28,AMZN,-0.003854,0.560037
2020-05-29,AMZN,0.017188,0.586851
2020-06-01,AMZN,0.011739,0.605479
2020-06-02,AMZN,0.000554,0.606369
2020-06-03,AMZN,0.002423,0.61026
2020-06-04,AMZN,-0.007182,0.598695
2020-06-05,AMZN,0.009103,0.613249
2020-06-08,AMZN,0.016536,0.639927
2020-06-09,AMZN,0.030427,0.689825
2020-06-10,AMZN,0.017913,0.720095
2020-06-11,AMZN,-0.033802,0.661952
2020-06-12,AMZN,-0.005059,0.653545
2020-06-15,AMZN,0.010868,0.671516
2020-06-16,AMZN,0.016555,0.699187
2020-06-17,AMZN,0.009831,0.715891
2020-06-18,AMZN,0.004922,0.724338
2020-06-19,AMZN,0.007924,0.738001
2020-06-22,AMZN,0.014508,0.763217
2020-06-23,AMZN,0.018642,0.796086
2020-06-24,AMZN,-0.010856,0.776588
2020-06-25,AMZN,0.00738,0.789699
2020-06-26,AMZN,-0.022403,0.749605
2020-06-29,AMZN,-0.004638,0.74149
2020-06-30,AMZN,0.029264,0.792454
2020-07-01,AMZN,0.043453,0.870342
2020-07-02,AMZN,0.00403,0.877879
2020-07-06,AMZN,0.05769,0.986213
2020-07-07,AMZN,-0.018619,0.949231
2020-07-08,AMZN,0.026996,1.001852
2020-07-09,AMZN,0.032949,1.067811
2020-07-10,AMZN,0.005458,1.079097
2020-07-13,AMZN,-0.03,1.016724
2020-07-14,AMZN,-0.006443,1.003729
2020-07-15,AMZN,-0.024361,0.954916
2020-07-16,AMZN,-0.002981,0.949088
2020-07-17,AMZN,-0.012644,0.924444
2020-07-20,AMZN,0.079295,1.077044
2020-07-21,AMZN,-0.018315,1.039003
2020-07-22,AMZN,-0.01223,1.014066
2020-07-23,AMZN,-0.036569,0.940414
2020-07-24,AMZN,0.007487,0.954942
2020-07-27,AMZN,0.015388,0.985024
2020-07-28,AMZN,-0.017963,0.949368
2020-07-29,AMZN,0.011065,0.970938
2020-07-30,AMZN,0.006049,0.98286
2020-07-31,AMZN,0.036961,1.056149
2020-08-03,AMZN,-0.016681,1.02185
2020-08-04,AMZN,0.008657,1.039353
2020-08-05,AMZN,0.021091,1.082365
2020-08-06,AMZN,0.006231,1.09534
2020-08-07,AMZN,-0.017842,1.057955
2020-08-10,AMZN,-0.006093,1.045415
2020-08-11,AMZN,-0.021438,1.001566
2020-08-12,AMZN,0.026478,1.054563
2020-08-13,AMZN,-0.000386,1.053771
2020-08-14,AMZN,-0.004113,1.045324
2020-08-17,AMZN,0.010924,1.067668
2020-08-18,AMZN,0.040875,1.152183
2020-08-19,AMZN,-0.015701,1.118392
2020-08-20,AMZN,0.011314,1.14236
2020-08-21,AMZN,-0.003836,1.134141
2020-08-24,AMZN,0.006923,1.148915
2020-08-25,AMZN,0.011801,1.174274
2020-08-26,AMZN,0.028496,1.236231
2020-08-27,AMZN,-0.012159,1.20904
2020-08-28,AMZN,0.000529,1.21021
2020-08-31,AMZN,0.014451,1.24215
2020-09-01,AMZN,0.013955,1.27344
2020-09-02,AMZN,0.009239,1.294446
2020-09-03,AMZN,-0.046284,1.188249
2020-09-04,AMZN,-0.021787,1.140573
2020-09-08,AMZN,-0.043944,1.046507
2020-09-09,AMZN,0.037707,1.123674
2020-09-10,AMZN,-0.028605,1.062925
2020-09-11,AMZN,-0.018547,1.024663
2020-09-14,AMZN,-0.004252,1.016055
2020-09-15,AMZN,0.017132,1.050594
2020-09-16,AMZN,-0.024723,0.999896
2020-09-17,AMZN,-0.022537,0.954825
2020-09-18,AMZN,-0.017888,0.919857
2020-09-21,AMZN,0.001882,0.92347
2020-09-22,AMZN,0.056923,1.03296
2020-09-23,AMZN,-0.041269,0.949062
2020-09-24,AMZN,0.006644,0.962011
2020-09-25,AMZN,0.024949,1.010961
2020-09-28,AMZN,0.025498,1.062237
2020-09-29,AMZN,-0.00919,1.043284
2020-09-30,AMZN,0.001224,1.045786
2020-10-01,AMZN,0.023035,1.09291
2020-10-02,AMZN,-0.029883,1.030368
2020-10-05,AMZN,0.023744,1.078577
2020-10-06,AMZN,-0.03102,1.014099
2020-10-07,AMZN,0.030881,1.076296
2020-10-08,AMZN,-0.001608,1.072957
2020-10-09,AMZN,0.03012,1.135395
2020-10-12,AMZN,0.04755,1.236933
2020-10-13,AMZN,0.000203,1.237387
2020-10-14,AMZN,-0.023208,1.185462
2020-10-15,AMZN,-0.00745,1.16918
2020-10-16,AMZN,-0.01975,1.126338
2020-10-19,AMZN,-0.020014,1.083781
2020-10-20,AMZN,0.003056,1.090148
2020-10-21,AMZN,-0.009969,1.069312
2020-10-22,AMZN,-0.002681,1.063763
2020-10-23,AMZN,0.008815,1.081955
2020-10-26,AMZN,0.000824,1.083671
2020-10-27,AMZN,0.024724,1.135187
2020-10-28,AMZN,-0.037595,1.054914
2020-10-29,AMZN,0.015249,1.08625
2020-10-30,AMZN,-0.054456,0.97264
2020-11-02,AMZN,-0.010431,0.952064
2020-11-03,AMZN,0.014622,0.980606
2020-11-04,AMZN,0.06323,1.105839
2020-11-05,AMZN,0.024942,1.158362
2020-11-06,AMZN,-0.0032,1.151456
2020-11-09,AMZN,-0.050623,1.042544
2020-11-10,AMZN,-0.034583,0.971906
2020-11-11,AMZN,0.03373,1.038418
2020-11-12,AMZN,-0.008641,1.020804
2020-11-13,AMZN,0.005958,1.032843
2020-11-16,AMZN,0.000719,1.034305
2020-11-17,AMZN,0.001469,1.037294
2020-11-18,AMZN,-0.009631,1.017672
2020-11-19,AMZN,0.003722,1.025183
2020-11-20,AMZN,-0.005653,1.013735
2020-11-23,AMZN,-0.000326,1.013079
2020-11-24,AMZN,0.006348,1.025859
2020-11-25,AMZN,0.021491,1.069396
2020-11-27,AMZN,0.003224,1.076069
2020-11-30,AMZN,-0.008544,1.058332
2020-12-01,AMZN,0.016427,1.092143
2020-12-02,AMZN,-0.00514,1.08139
2020-12-03,AMZN,-0.005244,1.070475
2020-12-04,AMZN,-0.007578,1.054784
2020-12-07,AMZN,-0.001448,1.051808
2020-12-08,AMZN,0.006108,1.064342
2020-12-09,AMZN,-0.023004,1.016854
2020-12-10,AMZN,-0.000873,1.015093
2020-12-11,AMZN,0.004814,1.024793
2020-12-14,AMZN,0.013012,1.051139
2020-12-15,AMZN,0.002582,1.056435
2020-12-16,AMZN,0.023961,1.105709
2020-12-17,AMZN,-0.001506,1.102539
2020-12-18,AMZN,-0.010639,1.080169
2020-12-21,AMZN,0.001415,1.083112
2020-12-22,AMZN,0.000106,1.083333
2020-12-23,AMZN,-0.006627,1.069526
2020-12-24,AMZN,-0.003949,1.061353
2020-12-28,AMZN,0.035071,1.133647
2020-12-29,AMZN,0.011584,1.158362
2020-12-30,AMZN,-0.010882,1.134875
2020-12-31,AMZN,-0.008801,1.116085
2021-01-04,AMZN,-0.021585,1.07041
2021-01-05,AMZN,0.010004,1.091123
2021-01-06,AMZN,-0.024897,1.039061
2021-01-07,AMZN,0.007577,1.054511
2021-01-08,AMZN,0.006496,1.067857
2021-01-11,AMZN,-0.021519,1.023357
2021-01-12,AMZN,0.002126,1.027659
2021-01-13,AMZN,0.014438,1.056935
2021-01-14,AMZN,-0.012136,1.031973
2021-01-15,AMZN,-0.007425,1.016886
2021-01-19,AMZN,0.005319,1.027613
2021-01-20,AMZN,0.0457,1.120276
2021-01-21,AMZN,0.013363,1.14861
2021-01-22,AMZN,-0.004463,1.13902
2021-01-25,AMZN,0.000538,1.14017
2021-01-26,AMZN,0.009754,1.161046
2021-01-27,AMZN,-0.028126,1.100264
2021-01-28,AMZN,0.001559,1.103539
2021-01-29,AMZN,-0.009705,1.083125
2021-02-01,AMZN,0.04263,1.171928
2021-02-02,AMZN,0.011104,1.196046
2021-02-03,AMZN,-0.019962,1.152209
2021-02-04,AMZN,0.005576,1.16421
2021-02-05,AMZN,0.006349,1.177951
2021-02-08,AMZN,-0.008714,1.158973
2021-02-09,AMZN,-0.005399,1.147317
2021-02-10,AMZN,-0.005573,1.135349
2021-02-11,AMZN,-0.007439,1.119464
2021-02-12,AMZN,0.004776,1.129586
2021-02-16,AMZN,-0.002673,1.123895
2021-02-17,AMZN,0.012142,1.149682
2021-02-18,AMZN,0.005921,1.16241
2021-02-19,AMZN,-0.023535,1.111518
2021-02-22,AMZN,-0.021281,1.066583
2021-02-23,AMZN,0.004326,1.075523
2021-02-24,AMZN,-0.010947,1.052803
2021-02-25,AMZN,-0.0324,0.986291
2021-02-26,AMZN,0.0117,1.009531
2021-03-01,AMZN,0.017204,1.044103
2021-03-02,AMZN,-0.016404,1.010571
2021-03-03,AMZN,-0.028932,0.952402
2021-03-04,AMZN,-0.009128,0.93458
2021-03-05,AMZN,0.007687,0.949452
2021-03-08,AMZN,-0.016167,0.917934
2021-03-09,AMZN,0.037568,0.989988
2021-03-10,AMZN,-0.001701,0.986603
2021-03-11,AMZN,0.018298,1.022955
2021-03-12,AMZN,-0.00774,1.007296
2021-03-15,AMZN,-0.002528,1.002222
2021-03-16,AMZN,0.003303,1.008836
2021-03-17,AMZN,0.014189,1.037339
2021-03-18,AMZN,-0.034359,0.967339
2021-03-19,AMZN,0.015512,0.997856
2021-03-22,AMZN,0.011678,1.021187
2021-03-23,AMZN,0.00856,1.038489
2021-03-24,AMZN,-0.016073,1.005724
2021-03-25,AMZN,-0.01322,0.979209
2021-03-26,AMZN,0.001894,0.982958
2021-03-29,AMZN,0.007765,0.998356
2021-03-30,AMZN,-0.006646,0.985076
2021-03-31,AMZN,0.012696,1.010279
2021-04-01,AMZN,0.021628,1.053758
2021-04-05,AMZN,0.020794,1.096464
2021-04-06,AMZN,-0.000902,1.094573
2021-04-07,AMZN,0.017237,1.130678
2021-04-08,AMZN,0.006071,1.143614
2021-04-09,AMZN,0.022096,1.190978
2021-04-12,AMZN,0.002132,1.19565
2021-04-13,AMZN,0.006099,1.20904
2021-04-14,AMZN,-0.019706,1.165509
2021-04-15,AMZN,0.013828,1.195455
2021-04-16,AMZN,0.006022,1.208676
2021-04-19,AMZN,-0.008069,1.190855
2021-04-20,AMZN,-0.011068,1.166607
2021-04-21,AMZN,0.008196,1.184364
2021-04-22,AMZN,-0.015758,1.149942
2021-04-23,AMZN,0.009622,1.170629
2021-04-26,AMZN,0.02039,1.214888
2021-04-27,AMZN,0.002473,1.220365
2021-04-28,AMZN,0.012018,1.247049
2021-04-29,AMZN,0.003704,1.255372
2021-04-30,AMZN,-0.001121,1.252844
2021-05-03,AMZN,-0.02334,1.200262
2021-05-04,AMZN,-0.022035,1.151781
2021-05-05,AMZN,-0.012479,1.124928
2021-05-06,AMZN,0.010955,1.148207
2021-05-07,AMZN,-0.004464,1.138617
2021-05-10,AMZN,-0.030721,1.072918
2021-05-11,AMZN,0.010475,1.094631
2021-05-12,AMZN,-0.022324,1.047871
2021-05-13,AMZN,0.003024,1.054063
2021-05-14,AMZN,0.019431,1.093975
2021-05-17,AMZN,0.014735,1.12483
2021-05-18,AMZN,-0.011653,1.10007
2021-05-19,AMZN,-0.000149,1.099758
2021-05-20,AMZN,0.004914,1.110075
2021-05-21,AMZN,-0.013733,1.081098
2021-05-24,AMZN,0.013084,1.108327
2021-05-25,AMZN,0.004333,1.117463
2021-05-26,AMZN,0.001875,1.121432
2021-05-27,AMZN,-0.010735,1.09866
2021-05-28,AMZN,-0.002179,1.094086
2021-06-01,AMZN,-0.001371,1.091214
2021-06-02,AMZN,0.004766,1.101181
2021-06-03,AMZN,-0.014527,1.070657
2021-06-04,AMZN,0.006028,1.083138
2021-06-07,AMZN,-0.002561,1.077804
2021-06-08,AMZN,0.020669,1.12075
2021-06-09,AMZN,0.00522,1.131821
2021-06-10,AMZN,0.020877,1.176327
2021-06-11,AMZN,-0.000842,1.174495
2021-06-14,AMZN,0.011067,1.19856
2021-06-15,AMZN,-0.000219,1.198079
2021-06-16,AMZN,0.009494,1.218948
2021-06-17,AMZN,0.021665,1.267021
2021-06-18,AMZN,-0.000671,1.265501
2021-06-21,AMZN,-0.009447,1.244099
2021-06-22,AMZN,0.014905,1.277547
2021-06-23,AMZN,-0.000462,1.276494
2021-06-24,AMZN,-0.015623,1.240928
2021-06-25,AMZN,-0.013807,1.209989
2021-06-28,AMZN,0.012474,1.237556
2021-06-29,AMZN,0.001234,1.240318
2021-06-30,AMZN,-0.002314,1.235133
2021-07-01,AMZN,-0.00209,1.230461
2021-07-02,AMZN,0.022724,1.281146
2021-07-06,AMZN,0.046927,1.388193
2021-07-07,AMZN,0.00567,1.401733
2021-07-08,AMZN,0.009422,1.424363
2021-07-09,AMZN,-0.003235,1.416521
2021-07-12,AMZN,-0.000212,1.416008
2021-07-13,AMZN,-0.011077,1.389246
2021-07-14,AMZN,0.001175,1.392053
2021-07-15,AMZN,-0.013711,1.359255
2021-07-16,AMZN,-0.015854,1.321851
2021-07-19,AMZN,-0.006727,1.306232
2021-07-20,AMZN,0.006649,1.321565
2021-07-21,AMZN,0.003361,1.329368
2021-07-22,AMZN,0.014736,1.363693
2021-07-23,AMZN,0.005115,1.375784
2021-07-26,AMZN,0.011809,1.403839
2021-07-27,AMZN,-0.019847,1.35613
2021-07-28,AMZN,0.001084,1.358683
2021-07-29,AMZN,-0.008374,1.338932
2021-07-30,AMZN,-0.075649,1.161994
2021-08-02,AMZN,0.001169,1.164522
2021-08-03,AMZN,0.010434,1.187106
2021-08-04,AMZN,-0.003422,1.179621
2021-08-05,AMZN,0.00634,1.193441
2021-08-06,AMZN,-0.009197,1.173267
2021-08-09,AMZN,-0.000918,1.171272
2021-08-10,AMZN,-0.006341,1.157505
2021-08-11,AMZN,-0.008604,1.138942
2021-08-12,AMZN,0.00346,1.146343
2021-08-13,AMZN,-0.002885,1.140151
2021-08-16,AMZN,0.001524,1.143412
2021-08-17,AMZN,-0.017287,1.106359
2021-08-18,AMZN,-0.012566,1.079889
2021-08-19,AMZN,-0.004208,1.071138
2021-08-20,AMZN,0.003827,1.079064
2021-08-23,AMZN,0.0206,1.121894
2021-08-24,AMZN,0.01222,1.147824
2021-08-25,AMZN,-0.001997,1.143536
2021-08-26,AMZN,0.005098,1.154464
2021-08-27,AMZN,0.010142,1.176314
2021-08-30,AMZN,0.021477,1.223055
2021-08-31,AMZN,0.014385,1.255034
2021-09-01,AMZN,0.002365,1.260368
2021-09-02,AMZN,-0.004564,1.250051
2021-09-03,AMZN,0.004311,1.259751
2021-09-07,AMZN,0.008982,1.280048
2021-09-08,AMZN,0.004619,1.29058
2021-09-09,AMZN,-0.011726,1.26372
2021-09-10,AMZN,-0.004308,1.253968
2021-09-13,AMZN,-0.003453,1.246185
2021-09-14,AMZN,-0.002074,1.241526
2021-09-15,AMZN,0.007475,1.258282
2021-09-16,AMZN,0.003582,1.266371
2021-09-17,AMZN,-0.007373,1.249661
2021-09-20,AMZN,-0.030842,1.180277
2021-09-21,AMZN,-0.003606,1.172416
2021-09-22,AMZN,0.010892,1.196078
2021-09-23,AMZN,0.010636,1.219436
2021-09-24,AMZN,0.002787,1.225621
2021-09-27,AMZN,-0.005757,1.212809
2021-09-28,AMZN,-0.026378,1.154438
2021-09-29,AMZN,-0.004475,1.144796
2021-09-30,AMZN,-0.004871,1.134349
2021-10-01,AMZN,-0.000542,1.133192
2021-10-04,AMZN,-0.028472,1.072457
2021-10-05,AMZN,0.009788,1.092741
2021-10-06,AMZN,0.012732,1.119386
2021-10-07,AMZN,0.012391,1.145647
2021-10-08,AMZN,-0.004182,1.136675
2021-10-11,AMZN,-0.012869,1.109179
2021-10-12,AMZN,0.000317,1.109848
2021-10-13,AMZN,0.011379,1.133855
2021-10-14,AMZN,0.004744,1.143977
2021-10-15,AMZN,0.03308,1.214901
2021-10-18,AMZN,0.011065,1.239408
2021-10-19,AMZN,-0.000751,1.237725
2021-10-20,AMZN,-0.008446,1.218825
2021-10-21,AMZN,0.005842,1.231787
2021-10-22,AMZN,-0.028955,1.167166
2021-10-25,AMZN,-0.004551,1.157303
2021-10-26,AMZN,0.016775,1.193492
2021-10-27,AMZN,0.004864,1.204161
2021-10-28,AMZN,0.015941,1.239298
2021-10-29,AMZN,-0.021511,1.191128
2021-11-01,AMZN,-0.016107,1.155835
2021-11-02,AMZN,-0.001615,1.152352
2021-11-03,AMZN,0.021508,1.198645
2021-11-04,AMZN,0.027482,1.259069
2021-11-05,AMZN,0.012076,1.28635
2021-11-08,AMZN,-0.008528,1.266852
2021-11-09,AMZN,0.025007,1.32354
2021-11-10,AMZN,-0.026335,1.26235
2021-11-11,AMZN,-0.002743,1.256145
2021-11-12,AMZN,0.015162,1.290353
2021-11-15,AMZN,0.005824,1.303691
2021-11-16,AMZN,-0.001404,1.300456
2021-11-17,AMZN,0.002344,1.305848
2021-11-18,AMZN,0.041437,1.401396
2021-11-19,AMZN,-0.005273,1.388733
2021-11-22,AMZN,-0.028287,1.321162
2021-11-23,AMZN,0.002091,1.326015
2021-11-24,AMZN,0.000103,1.326256
2021-11-26,AMZN,-0.021185,1.276975
2021-11-29,AMZN,0.016267,1.314015
2021-11-30,AMZN,-0.015302,1.278606
2021-12-01,AMZN,-0.018063,1.237446
2021-12-02,AMZN,-0.001847,1.233314
2021-12-03,AMZN,-0.013839,1.202407
2021-12-06,AMZN,0.011086,1.226823
2021-12-07,AMZN,0.027987,1.289144
2021-12-08,AMZN,-3.7e-05,1.28906
2021-12-09,AMZN,-0.01128,1.26324
2021-12-10,AMZN,-0.011248,1.237784
2021-12-13,AMZN,-0.015356,1.20342
2021-12-14,AMZN,-0.002807,1.197235
2021-12-15,AMZN,0.024978,1.252117
2021-12-16,AMZN,-0.025641,1.19437
2021-12-17,AMZN,0.006789,1.209268
2021-12-20,AMZN,-0.017284,1.171084
2021-12-21,AMZN,0.019979,1.214459
2021-12-22,AMZN,0.003638,1.222515
2021-12-23,AMZN,0.000184,1.222925
2021-12-27,AMZN,-0.008178,1.204746
2021-12-28,AMZN,0.005844,1.217629
2021-12-29,AMZN,-0.008555,1.198658
2021-12-30,AMZN,-0.003289,1.191426
2021-12-31,AMZN,-0.011429,1.16638
2022-01-03,AMZN,0.022118,1.214296
2022-01-04,AMZN,-0.016916,1.17684
2022-01-05,AMZN,-0.018893,1.135713
2022-01-06,AMZN,-0.006711,1.12138
2022-01-07,AMZN,-0.004288,1.112284
2022-01-10,AMZN,-0.00657,1.098406
2022-01-11,AMZN,0.024002,1.148772
2022-01-12,AMZN,-0.000937,1.146758
2022-01-13,AMZN,-0.02417,1.094872
2022-01-14,AMZN,0.005731,1.106879
2022-01-18,AMZN,-0.019863,1.06503
2022-01-19,AMZN,-0.016477,1.031005
2022-01-20,AMZN,-0.029632,0.970821
2022-01-21,AMZN,-0.059502,0.853554
2022-01-24,AMZN,0.013327,0.878256
2022-01-25,AMZN,-0.031534,0.819028
2022-01-26,AMZN,-0.007954,0.804558
2022-01-27,AMZN,0.005509,0.814499
2022-01-28,AMZN,0.031084,0.870901
2022-01-31,AMZN,0.038864,0.943611
2022-02-01,AMZN,0.010831,0.964662
2022-02-02,AMZN,-0.003843,0.957112
2022-02-03,AMZN,-0.078128,0.804208
2022-02-04,AMZN,0.135359,1.048423
2022-02-07,AMZN,0.001878,1.05227
2022-02-08,AMZN,0.022022,1.097464
2022-02-09,AMZN,-0.001388,1.094553
2022-02-10,AMZN,-0.013562,1.066148
2022-02-11,AMZN,-0.035911,0.99195
2022-02-14,AMZN,0.012222,1.016295
2022-02-15,AMZN,0.008658,1.033753
2022-02-16,AMZN,0.010159,1.054414
2022-02-17,AMZN,-0.021809,1.009609
2022-02-18,AMZN,-0.013262,0.982958
2022-02-22,AMZN,-0.015753,0.951719
2022-02-23,AMZN,-0.035756,0.881933
2022-02-24,AMZN,0.045095,0.9668
2022-02-25,AMZN,0.016058,0.998382
2022-02-28,AMZN,-0.001466,0.995452
2022-03-01,AMZN,-0.015766,0.963993
2022-03-02,AMZN,0.006024,0.975824
2022-03-03,AMZN,-0.02732,0.921846
2022-03-04,AMZN,-0.015264,0.892511
2022-03-07,AMZN,-0.05622,0.786113
2022-03-08,AMZN,-0.010465,0.767421
2022-03-09,AMZN,0.024001,0.809841
2022-03-10,AMZN,0.054125,0.907799
2022-03-11,AMZN,-0.008807,0.890997
2022-03-14,AMZN,-0.025229,0.843288
2022-03-15,AMZN,0.038868,0.914933
2022-03-16,AMZN,0.038934,0.989488
2022-03-17,AMZN,0.027008,1.043219
2022-03-18,AMZN,0.025512,1.095346
2022-03-21,AMZN,0.001495,1.098478
2022-03-22,AMZN,0.021038,1.142626
2022-03-23,AMZN,-0.008982,1.123382
2022-03-24,AMZN,0.001478,1.12652
2022-03-25,AMZN,0.006868,1.141125
2022-03-28,AMZN,0.025593,1.195922
2022-03-29,AMZN,0.00192,1.200139
2022-03-30,AMZN,-0.017801,1.160974
2022-03-31,AMZN,-0.019865,1.118047
2022-04-01,AMZN,0.003451,1.125357
2022-04-04,AMZN,0.029264,1.187554
2022-04-05,AMZN,-0.025492,1.131789
2022-04-06,AMZN,-0.0323,1.062932
2022-04-07,AMZN,-0.006119,1.050308
2022-04-08,AMZN,-0.021067,1.007114
2022-04-11,AMZN,-0.021614,0.963733
2022-04-12,AMZN,-0.002213,0.959386
2022-04-13,AMZN,0.031524,1.021155
2022-04-14,AMZN,-0.024653,0.971328
2022-04-18,AMZN,0.007109,0.985342
2022-04-19,AMZN,0.034889,1.054609
2022-04-20,AMZN,-0.026041,1.001105
2022-04-21,AMZN,-0.037026,0.927011
2022-04-22,AMZN,-0.026609,0.875735
2022-04-25,AMZN,0.011943,0.898137
2022-04-26,AMZN,-0.045751,0.811296
2022-04-27,AMZN,-0.008781,0.795391
2022-04-28,AMZN,0.046534,0.878938
2022-04-29,AMZN,-0.140494,0.614958
2022-05-02,AMZN,0.001758,0.617797
2022-05-03,AMZN,-0.00198,0.614594
2022-05-04,AMZN,0.01348,0.63636
2022-05-05,AMZN,-0.07561,0.512634
2022-05-06,AMZN,-0.014041,0.491395
2022-05-09,AMZN,-0.052134,0.413643
2022-05-10,AMZN,0.000643,0.414552
2022-05-11,AMZN,-0.032032,0.369241
2022-05-12,AMZN,0.01479,0.389493
2022-05-13,AMZN,0.057276,0.469077
2022-05-16,AMZN,-0.019853,0.439911
2022-05-17,AMZN,0.041133,0.499139
2022-05-18,AMZN,-0.071562,0.391858
2022-05-19,AMZN,0.001928,0.394541
2022-05-20,AMZN,0.002535,0.398076
2022-05-23,AMZN,-0.000316,0.397634
2022-05-24,AMZN,-0.032141,0.352712
2022-05-25,AMZN,0.025696,0.387472
2022-05-26,AMZN,0.040295,0.44338
2022-05-27,AMZN,0.036632,0.496254
2022-05-31,AMZN,0.04397,0.562045
2022-06-01,AMZN,0.012266,0.581205
2022-06-02,AMZN,0.03145,0.630934
2022-06-03,AMZN,-0.025185,0.589859
2022-06-06,AMZN,0.019943,0.621566
2022-06-07,AMZN,-0.014344,0.598306
2022-06-08,AMZN,-0.014797,0.574656
2022-06-09,AMZN,-0.041508,0.509294
2022-06-10,AMZN,-0.055962,0.424831
2022-06-13,AMZN,-0.054537,0.347125
2022-06-14,AMZN,-0.013119,0.329452
2022-06-15,AMZN,0.05239,0.399102
2022-06-16,AMZN,-0.037243,0.346995
2022-06-17,AMZN,0.024696,0.38026
2022-06-21,AMZN,0.023159,0.412226
2022-06-22,AMZN,0.002484,0.415735
2022-06-23,AMZN,0.032033,0.461085
2022-06-24,AMZN,0.035752,0.513323
2022-06-27,AMZN,-0.027821,0.471221
2022-06-28,AMZN,-0.051404,0.395594
2022-06-29,AMZN,0.014153,0.415345
2022-06-30,AMZN,-0.024881,0.38013
2022-07-01,AMZN,0.031541,0.423661
2022-07-05,AMZN,0.035962,0.474859
2022-07-06,AMZN,0.007313,0.485645
2022-07-07,AMZN,0.017493,0.511633
2022-07-08,AMZN,-0.006791,0.501368
2022-07-11,AMZN,-0.032803,0.452119
2022-07-12,AMZN,-0.02264,0.419243
2022-07-13,AMZN,0.010804,0.434577
2022-07-14,AMZN,0.002083,0.437565
2022-07-15,AMZN,0.026394,0.475509
2022-07-18,AMZN,0.001849,0.478238
2022-07-19,AMZN,0.039117,0.536063
2022-07-20,AMZN,0.038575,0.595317
2022-07-21,AMZN,0.01515,0.619486
2022-07-22,AMZN,-0.017732,0.590769
2022-07-25,AMZN,-0.010456,0.574136
2022-07-26,AMZN,-0.052254,0.491882
2022-07-27,AMZN,0.053654,0.571927
2022-07-28,AMZN,0.010829,0.58895
2022-07-29,AMZN,0.103615,0.753588
2022-08-01,AMZN,0.00326,0.759306
2022-08-02,AMZN,-0.009085,0.743323
2022-08-03,AMZN,0.039952,0.812972
2022-08-04,AMZN,0.021861,0.852605
2022-08-05,AMZN,-0.012415,0.829605
2022-08-08,AMZN,-0.009872,0.811543
2022-08-09,AMZN,-0.011333,0.791012
2022-08-10,AMZN,0.035261,0.854164
2022-08-11,AMZN,-0.014367,0.827526
2022-08-12,AMZN,0.020691,0.86534
2022-08-15,AMZN,-0.002578,0.860532
2022-08-16,AMZN,0.011175,0.881323
2022-08-17,AMZN,-0.018511,0.846498
2022-08-18,AMZN,0.001407,0.849097
2022-08-19,AMZN,-0.028602,0.79621
2022-08-22,AMZN,-0.036244,0.731108
2022-08-23,AMZN,0.003003,0.736306
2022-08-24,AMZN,0.001347,0.738645
2022-08-25,AMZN,0.026009,0.783865
2022-08-26,AMZN,-0.047567,0.699012
2022-08-29,AMZN,-0.007342,0.686537
2022-08-30,AMZN,-0.008167,0.672763
2022-08-31,AMZN,-0.015226,0.647294
2022-09-01,AMZN,0.008283,0.660938
2022-09-02,AMZN,-0.002425,0.65691
2022-09-06,AMZN,-0.01098,0.638718
2022-09-07,AMZN,0.026723,0.682509
2022-09-08,AMZN,0.002626,0.686927
2022-09-09,AMZN,0.026575,0.731758
2022-09-12,AMZN,0.023861,0.77308
2022-09-13,AMZN,-0.070575,0.647944
2022-09-14,AMZN,0.013641,0.670424
2022-09-15,AMZN,-0.017659,0.640927
2022-09-16,AMZN,-0.021777,0.605193
2022-09-19,AMZN,0.009148,0.619876
2022-09-20,AMZN,-0.019814,0.58778
2022-09-21,AMZN,-0.029872,0.540351
2022-09-22,AMZN,-0.010376,0.524368
2022-09-23,AMZN,-0.030091,0.478498
2022-09-26,AMZN,0.012041,0.4963
2022-09-27,AMZN,-0.006426,0.486684
2022-09-28,AMZN,0.031466,0.533464
2022-09-29,AMZN,-0.027201,0.491752
2022-09-30,AMZN,-0.015679,0.468362
2022-10-03,AMZN,0.025487,0.505786
2022-10-04,AMZN,0.04496,0.573486
2022-10-05,AMZN,-0.001156,0.571667
2022-10-06,AMZN,-0.005374,0.563221
2022-10-07,AMZN,-0.047714,0.488633
2022-10-10,AMZN,-0.007769,0.477068
2022-10-11,AMZN,-0.012844,0.458096
2022-10-12,AMZN,0.006149,0.467063
2022-10-13,AMZN,-0.003277,0.462255
2022-10-14,AMZN,-0.050031,0.389097
2022-10-17,AMZN,0.064453,0.478628
2022-10-18,AMZN,0.022585,0.512023
2022-10-19,AMZN,-0.011086,0.49526
2022-10-20,AMZN,0.001564,0.497599
2022-10-21,AMZN,0.035315,0.550486
2022-10-24,AMZN,0.00419,0.556984
2022-10-25,AMZN,0.00651,0.567119
2022-10-26,AMZN,-0.040962,0.502927
2022-10-27,AMZN,-0.040636,0.441854
2022-10-28,AMZN,-0.068042,0.343746
2022-10-31,AMZN,-0.00938,0.331142
2022-11-01,AMZN,-0.055154,0.257724
2022-11-02,AMZN,-0.048249,0.19704
2022-11-03,AMZN,-0.030612,0.160396
2022-11-04,AMZN,0.018813,0.182226
2022-11-07,AMZN,-0.004946,0.176379
2022-11-08,AMZN,-0.006075,0.169232
2022-11-09,AMZN,-0.042676,0.119334
2022-11-10,AMZN,0.121778,0.255644
2022-11-11,AMZN,0.043051,0.309701
2022-11-14,AMZN,-0.02282,0.279814
2022-11-15,AMZN,0.004569,0.285661
2022-11-16,AMZN,-0.018395,0.262012
2022-11-17,AMZN,-0.023373,0.232514
2022-11-18,AMZN,-0.007485,0.223289
2022-11-21,AMZN,-0.017846,0.201458
2022-11-22,AMZN,0.008003,0.211074
2022-11-23,AMZN,0.009979,0.223159
2022-11-25,AMZN,-0.007649,0.213803
2022-11-28,AMZN,0.005781,0.22082
2022-11-29,AMZN,-0.016285,0.200938
2022-11-30,AMZN,0.044579,0.254475
2022-12-01,AMZN,-0.010773,0.240961
2022-12-02,AMZN,-0.014346,0.223159
2022-12-05,AMZN,-0.033146,0.182616
2022-12-06,AMZN,-0.030326,0.146752
2022-12-07,AMZN,0.00238,0.149481
2022-12-08,AMZN,0.021366,0.17404
2022-12-09,AMZN,-0.013946,0.157667
2022-12-12,AMZN,0.016388,0.176639
2022-12-13,AMZN,0.021425,0.201848
2022-12-14,AMZN,-0.009839,0.190023
2022-12-15,AMZN,-0.034178,0.149351
2022-12-16,AMZN,-0.00667,0.141684
2022-12-19,AMZN,-0.033462,0.103481
2022-12-20,AMZN,0.00318,0.106989
2022-12-21,AMZN,0.018547,0.12752
2022-12-22,AMZN,-0.034344,0.088797
2022-12-23,AMZN,0.017425,0.107769
2022-12-27,AMZN,-0.025924,0.079051
2022-12-28,AMZN,-0.014692,0.063198
2022-12-29,AMZN,0.028844,0.093865
2022-12-30,AMZN,-0.002138,0.091526
2023-01-03,AMZN,0.021667,0.115175
2023-01-04,AMZN,-0.007924,0.106339
2023-01-05,AMZN,-0.023726,0.080091
2023-01-06,AMZN,0.035611,0.118554
2023-01-09,AMZN,0.01487,0.135187
2023-01-10,AMZN,0.028732,0.167803
2023-01-11,AMZN,0.058084,0.235633
2023-01-12,AMZN,0.001893,0.237972
2023-01-13,AMZN,0.029915,0.275006
2023-01-17,AMZN,-0.021097,0.248108
2023-01-18,AMZN,-0.006143,0.240441
2023-01-19,AMZN,-0.018647,0.217311
2023-01-20,AMZN,0.038108,0.263701
2023-01-23,AMZN,0.002776,0.267209
2023-01-24,AMZN,-0.012305,0.251616
2023-01-25,AMZN,0.008929,0.262791
2023-01-26,AMZN,0.020992,0.2893
2023-01-27,AMZN,0.030437,0.328543
2023-01-30,AMZN,-0.01653,0.306582
2023-01-31,AMZN,0.025659,0.340108
2023-02-01,AMZN,0.019587,0.366356
2023-02-02,AMZN,0.073799,0.467193
2023-02-03,AMZN,-0.084315,0.343486
2023-02-06,AMZN,-0.011703,0.327763
2023-02-07,AMZN,-0.000685,0.326854
2023-02-08,AMZN,-0.020174,0.300085
2023-02-09,AMZN,-0.018091,0.276565
2023-02-10,AMZN,-0.006413,0.268379
2023-02-13,AMZN,0.019773,0.293458
2023-02-14,AMZN,0.001607,0.295537
2023-02-15,AMZN,0.014644,0.314509
2023-02-16,AMZN,-0.029755,0.275396
2023-02-17,AMZN,-0.009679,0.263051
2023-02-21,AMZN,-0.026955,0.229006
2023-02-22,AMZN,0.012793,0.244729
2023-02-23,AMZN,0.000313,0.245119
2023-02-24,AMZN,-0.024212,0.214972
2023-02-27,AMZN,0.002781,0.218351
2023-02-28,AMZN,0.005013,0.224458
2023-03-01,AMZN,-0.021861,0.19769
2023-03-02,AMZN,-0.000434,0.19717
2023-03-03,AMZN,0.030066,0.233164
2023-03-06,AMZN,-0.012118,0.218221
2023-03-07,AMZN,-0.002133,0.215622
2023-03-08,AMZN,0.003955,0.22043
2023-03-09,AMZN,-0.017781,0.198729
2023-03-10,AMZN,-0.016477,0.178978
2023-03-13,AMZN,0.018737,0.201068
2023-03-14,AMZN,0.026507,0.232904
2023-03-15,AMZN,0.013912,0.250057
2023-03-16,AMZN,0.039917,0.299955
2023-03-17,AMZN,-0.010896,0.285791
2023-03-20,AMZN,-0.012532,0.269678
2023-03-21,AMZN,0.02968,0.307362
2023-03-22,AMZN,-0.018984,0.282543
2023-03-23,AMZN,0.000101,0.282673
2023-03-24,AMZN,-0.005876,0.275136
2023-03-27,AMZN,-0.000917,0.273967
2023-03-28,AMZN,-0.00816,0.263571
2023-03-29,AMZN,0.030954,0.302684
2023-03-30,AMZN,0.017456,0.325424
2023-03-31,AMZN,0.012647,0.342187
2023-04-03,AMZN,-0.00852,0.330752
2023-04-04,AMZN,0.015038,0.350763
2023-04-05,AMZN,-0.027417,0.313729
2023-04-06,AMZN,0.009496,0.326204
2023-04-10,AMZN,0.001078,0.327633
2023-04-11,AMZN,-0.022022,0.298396
2023-04-12,AMZN,-0.020917,0.271238
2023-04-13,AMZN,0.046714,0.330622
2023-04-14,AMZN,0.001074,0.332051
2023-04-17,AMZN,0.002244,0.33504
2023-04-18,AMZN,-0.004283,0.329322
2023-04-19,AMZN,0.01955,0.355311
2023-04-20,AMZN,-0.004698,0.348944
2023-04-21,AMZN,0.030344,0.389876
2023-04-24,AMZN,-0.007012,0.38013
2023-04-25,AMZN,-0.034272,0.332831
2023-04-26,AMZN,0.023496,0.364147
2023-04-27,AMZN,0.046104,0.42704
2023-04-28,AMZN,-0.039792,0.370255
2023-05-01,AMZN,-0.032243,0.326074
2023-05-02,AMZN,0.015483,0.346605
2023-05-03,AMZN,0.000193,0.346865
2023-05-04,AMZN,0.003377,0.351413
2023-05-05,AMZN,0.015962,0.372984
2023-05-08,AMZN,0.001609,0.375193
2023-05-09,AMZN,0.007465,0.385458
2023-05-10,AMZN,0.033483,0.431848
2023-05-11,AMZN,0.01806,0.457707
2023-05-12,AMZN,-0.017115,0.432758
2023-05-15,AMZN,0.008525,0.444972
2023-05-16,AMZN,0.019784,0.47356
2023-05-17,AMZN,0.018519,0.500848
2023-05-18,AMZN,0.022944,0.535283
2023-05-19,AMZN,-0.016081,0.510594
2023-05-22,AMZN,-0.010667,0.494481
2023-05-23,AMZN,-0.000174,0.494221
2023-05-24,AMZN,0.015306,0.517091
2023-05-25,AMZN,-0.014989,0.494351
2023-05-26,AMZN,0.044435,0.560752
2023-05-30,AMZN,0.012905,0.580893
2023-05-31,AMZN,-0.008877,0.566859
2023-06-01,AMZN,0.018162,0.595317
2023-06-02,AMZN,0.012055,0.614549
2023-06-05,AMZN,0.008451,0.628193
2023-06-06,AMZN,0.010455,0.645215
2023-06-07,AMZN,-0.042493,0.575306
2023-06-08,AMZN,0.024911,0.614549
2023-06-09,AMZN,-0.0066,0.603893
2023-06-12,AMZN,0.02544,0.644695
2023-06-13,AMZN,0.000711,0.645865
2023-06-14,AMZN,-0.001895,0.642746
2023-06-15,AMZN,0.005458,0.651712
2023-06-16,AMZN,-0.012745,0.630662
2023-06-20,AMZN,0.002311,0.63443
2023-06-21,AMZN,-0.007553,0.622085
2023-06-22,AMZN,0.042618,0.691215
2023-06-23,AMZN,-0.0063,0.68056
2023-06-26,AMZN,-0.015464,0.654571
2023-06-27,AMZN,0.014529,0.678611
2023-06-28,AMZN,-0.001084,0.676791
2023-06-29,AMZN,-0.008834,0.661978
2023-06-30,AMZN,0.019234,0.693944
2023-07-03,AMZN,-0.001074,0.692125
2023-07-05,AMZN,0.001229,0.694204
2023-07-06,AMZN,-0.015493,0.667955
2023-07-07,AMZN,0.011063,0.686407
2023-07-10,AMZN,-0.020419,0.651972
2023-07-11,AMZN,0.012979,0.673413
2023-07-12,AMZN,0.015686,0.699662
2023-07-13,AMZN,0.026758,0.745142
2023-07-14,AMZN,0.002829,0.75008
2023-07-17,AMZN,-0.008316,0.735526
2023-07-18,AMZN,-0.005466,0.72604
2023-07-19,AMZN,0.019047,0.758916
2023-07-20,AMZN,-0.039894,0.688746
2023-07-21,AMZN,0.000308,0.689266
2023-07-24,AMZN,-0.009231,0.673673
2023-07-25,AMZN,0.002562,0.677961
2023-07-26,AMZN,-0.007589,0.665226
2023-07-27,AMZN,0.00078,0.666526
2023-07-28,AMZN,0.030877,0.717984
2023-07-31,AMZN,0.011119,0.737085
2023-08-01,AMZN,-0.014886,0.711227
2023-08-02,AMZN,-0.026426,0.666006
2023-08-03,AMZN,0.00546,0.675102
2023-08-04,AMZN,0.082693,0.813622
2023-08-07,AMZN,0.018987,0.848057
2023-08-08,AMZN,-0.016031,0.81843
2023-08-09,AMZN,-0.014935,0.791272
2023-08-10,AMZN,0.00515,0.800498
2023-08-11,AMZN,-0.001083,0.798549
2023-08-14,AMZN,0.015606,0.826616
2023-08-15,AMZN,-0.02063,0.788933
2023-08-16,AMZN,-0.018886,0.755148
2023-08-17,AMZN,-0.00807,0.740984
2023-08-18,AMZN,-0.005672,0.731108
2023-08-21,AMZN,0.010959,0.75008
2023-08-22,AMZN,-0.003193,0.744492
2023-08-23,AMZN,0.00946,0.760995
2023-08-24,AMZN,-0.027155,0.713176
2023-08-25,AMZN,0.010771,0.731628
2023-08-28,AMZN,-0.0009,0.730068
2023-08-29,AMZN,0.013294,0.753068
2023-08-30,AMZN,0.001186,0.755148
2023-08-31,AMZN,0.021766,0.793351
2023-09-01,AMZN,0.000797,0.79478
2023-09-05,AMZN,-0.006154,0.783735
2023-09-06,AMZN,-0.013914,0.758916
2023-09-07,AMZN,0.018395,0.791272
2023-09-08,AMZN,0.002757,0.79621
2023-09-11,AMZN,0.035231,0.859492
2023-09-12,AMZN,-0.013068,0.835193
2023-09-13,AMZN,0.025632,0.882232
2023-09-14,AMZN,-0.000898,0.880543
2023-09-15,AMZN,-0.02992,0.824277
2023-09-18,AMZN,-0.00292,0.81895
2023-09-19,AMZN,-0.016788,0.788413
2023-09-20,AMZN,-0.017002,0.758006
2023-09-21,AMZN,-0.044053,0.68056
2023-09-22,AMZN,-0.001624,0.677831
2023-09-25,AMZN,0.016651,0.705769
2023-09-26,AMZN,-0.040299,0.637029
2023-09-27,AMZN,0.0,0.637029
2023-09-28,AMZN,0.0,0.637029
2023-09-29,AMZN,0.009049,0.651842
2023-10-02,AMZN,0.018408,0.682249
2023-10-03,AMZN,-0.036614,0.620656
2023-10-04,AMZN,0.018281,0.650283
2023-10-05,AMZN,-0.008189,0.636769
2023-10-06,AMZN,0.015878,0.662758
2023-10-09,AMZN,0.002344,0.666656
2023-10-10,AMZN,0.009512,0.682509
2023-10-11,AMZN,0.01815,0.713046
2023-10-12,AMZN,0.003793,0.719543
2023-10-13,AMZN,-0.019195,0.686537
2023-10-16,AMZN,0.021265,0.722402
2023-10-17,AMZN,-0.008148,0.708368
2023-10-18,AMZN,-0.025405,0.664967
2023-10-19,AMZN,0.002107,0.668475
2023-10-20,AMZN,-0.025156,0.626503
2023-10-23,AMZN,0.011105,0.644565
2023-10-24,AMZN,0.015803,0.670554
2023-10-25,AMZN,-0.055772,0.577385
2023-10-26,AMZN,-0.014993,0.553735
2023-10-27,AMZN,0.068328,0.659899
2023-10-30,AMZN,0.038907,0.724481
2023-10-31,AMZN,0.002863,0.729419
2023-11-01,AMZN,0.029379,0.780227
2023-11-02,AMZN,0.00781,0.794131
2023-11-03,AMZN,0.003839,0.801018
2023-11-06,AMZN,0.008225,0.815831
2023-11-07,AMZN,0.021254,0.854424
2023-11-08,AMZN,-0.004415,0.846238
2023-11-09,AMZN,-0.010417,0.827006
2023-11-10,AMZN,0.021053,0.865469
2023-11-13,AMZN,-0.006757,0.852865
2023-11-14,AMZN,0.022512,0.894577
2023-11-15,AMZN,-0.017833,0.860792
2023-11-16,AMZN,-0.002584,0.855984
2023-11-17,AMZN,0.016453,0.88652
2023-11-20,AMZN,0.006544,0.898865
2023-11-21,AMZN,-0.01526,0.869888
2023-11-22,AMZN,0.019528,0.906402
2023-11-24,AMZN,0.000204,0.906792
2023-11-27,AMZN,0.006747,0.919656
2023-11-28,AMZN,-0.004738,0.91056
2023-11-29,AMZN,-0.004829,0.901334
2023-11-30,AMZN,-0.001572,0.898345
2023-12-01,AMZN,0.006434,0.91056
2023-12-04,AMZN,-0.014895,0.882102
2023-12-05,AMZN,0.014085,0.908611
2023-12-06,AMZN,-0.016068,0.877944
2023-12-07,AMZN,0.01633,0.908611
2023-12-08,AMZN,0.003676,0.915628
2023-12-11,AMZN,-0.010379,0.895746
2023-12-12,AMZN,0.010899,0.916407
2023-12-13,AMZN,0.009222,0.93408
2023-12-14,AMZN,-0.00954,0.915628
2023-12-15,AMZN,0.017298,0.948763
2023-12-18,AMZN,0.027339,1.00204
2023-12-19,AMZN,-0.001817,0.998402
2023-12-20,AMZN,-0.010859,0.976701
2023-12-21,AMZN,0.011307,0.999051
2023-12-22,AMZN,-0.00273,0.993594
2023-12-26,AMZN,-6.5e-05,0.993464
2023-12-27,AMZN,-0.000456,0.992554
2023-12-28,AMZN,0.000261,0.993074
2023-12-29,AMZN,-0.009388,0.974362
2024-01-02,AMZN,-0.013229,0.948243
2024-01-03,AMZN,-0.009738,0.929272
2024-01-04,AMZN,-0.026268,0.878594
2024-01-05,AMZN,0.004634,0.8873
2024-01-08,AMZN,0.026577,0.937458
2024-01-09,AMZN,0.015225,0.966955
2024-01-10,AMZN,0.015591,0.997622
2024-01-11,AMZN,0.009432,1.016464
2024-01-12,AMZN,-0.003609,1.009187
2024-01-16,AMZN,-0.009442,0.990215
2024-01-17,AMZN,-0.009467,0.971374
2024-01-18,AMZN,0.011799,0.994633
2024-01-19,AMZN,0.011987,1.018543
2024-01-22,AMZN,-0.003605,1.011266
2024-01-23,AMZN,0.008011,1.027379
2024-01-24,AMZN,0.005448,1.038424
2024-01-25,AMZN,0.00561,1.049859
2024-01-26,AMZN,0.008685,1.067662
2024-01-29,AMZN,0.013449,1.09547
2024-01-30,AMZN,-0.014015,1.066102
2024-01-31,AMZN,-0.023899,1.016724
2024-02-01,AMZN,0.026289,1.069741
2024-02-02,AMZN,0.078666,1.23256
2024-02-05,AMZN,-0.008731,1.213068
2024-02-06,AMZN,-0.006811,1.197995
2024-02-07,AMZN,0.008158,1.215927
2024-02-08,AMZN,-0.004046,1.206961
2024-02-09,AMZN,0.027143,1.266865
2024-02-12,AMZN,-0.012095,1.239447
2024-02-13,AMZN,-0.021469,1.191368
2024-02-14,AMZN,0.013876,1.221775
2024-02-15,AMZN,-0.006901,1.206441
2024-02-16,AMZN,-0.001708,1.202673
2024-02-20,AMZN,-0.014335,1.171097
2024-02-21,AMZN,0.009038,1.190718
2024-02-22,AMZN,0.03553,1.268554
2024-02-23,AMZN,0.002349,1.273882
2024-02-26,AMZN,-0.001486,1.270503
2024-02-27,AMZN,-0.006811,1.25504
2024-02-28,AMZN,-0.00219,1.250102
2024-02-29,AMZN,0.02079,1.296882
2024-03-01,AMZN,0.00826,1.315854
2024-03-04,AMZN,-0.003591,1.307537
2024-03-05,AMZN,-0.019484,1.262577
2024-03-06,AMZN,-0.003503,1.25465
2024-03-07,AMZN,0.019077,1.297662
2024-03-08,AMZN,-0.008314,1.27856
2024-03-11,AMZN,-0.019333,1.234509
2024-03-12,AMZN,0.019946,1.27908
2024-03-13,AMZN,0.006671,1.294283
2024-03-14,AMZN,0.012404,1.322741
2024-03-15,AMZN,-0.024224,1.266475
2024-03-18,AMZN,0.000344,1.267255
2024-03-19,AMZN,0.008138,1.285707
2024-03-20,AMZN,0.012791,1.314944
2024-03-21,AMZN,0.0,1.314944
2024-03-22,AMZN,0.004042,1.3243
2024-03-25,AMZN,0.004696,1.335216
2024-03-26,AMZN,-0.007846,1.316893
2024-03-27,AMZN,0.008581,1.336775
2024-03-28,AMZN,0.003058,1.343922
2024-04-01,AMZN,0.003271,1.351588
2024-04-02,AMZN,-0.001547,1.34795
2024-04-03,AMZN,0.009519,1.3703
2024-04-04,AMZN,-0.013212,1.338984
2024-04-05,AMZN,0.028167,1.404865
2024-04-08,AMZN,0.000648,1.406425
2024-04-09,AMZN,0.002592,1.412662
2024-04-10,AMZN,0.001508,1.4163
2024-04-11,AMZN,0.016671,1.456583
2024-04-12,AMZN,-0.015446,1.418639
2024-04-15,AMZN,-0.013485,1.386023
2024-04-16,AMZN,-0.001634,1.382125
2024-04-17,AMZN,-0.011128,1.355617
2024-04-18,AMZN,-0.011364,1.328848
2024-04-19,AMZN,-0.025611,1.269204
2024-04-22,AMZN,0.014889,1.302989
2024-04-23,AMZN,0.013034,1.333006
2024-04-24,AMZN,-0.016431,1.294673
2024-04-25,AMZN,-0.016535,1.25673
2024-04-26,AMZN,0.03426,1.334046
2024-04-29,AMZN,0.00746,1.351458
2024-04-30,AMZN,-0.032935,1.274012
2024-05-01,AMZN,0.022857,1.325989
2024-05-02,AMZN,0.031955,1.400317
2024-05-03,AMZN,0.008066,1.419679
2024-05-06,AMZN,0.013372,1.452035
2024-05-07,AMZN,0.000318,1.452814
2024-05-08,AMZN,-0.004026,1.442939
2024-05-09,AMZN,0.007979,1.46243
2024-05-10,AMZN,-0.01066,1.436182
2024-05-13,AMZN,-0.004854,1.424357
2024-05-14,AMZN,0.00268,1.430854
2024-05-15,AMZN,-0.005773,1.41682
2024-05-16,AMZN,-0.012689,1.386153
2024-05-17,AMZN,0.005827,1.400057
2024-05-20,AMZN,-0.00628,1.384984
2024-05-21,AMZN,-0.002125,1.379916
2024-05-22,AMZN,-0.000109,1.379656
2024-05-23,AMZN,-0.011358,1.352628
2024-05-24,AMZN,-0.001657,1.34873
2024-05-28,AMZN,0.007745,1.366922
2024-05-29,AMZN,-0.000714,1.365232
2024-05-30,AMZN,-0.014834,1.330148
2024-05-31,AMZN,-0.016061,1.292724
2024-06-03,AMZN,0.010768,1.317413
2024-06-04,AMZN,0.005607,1.330407
2024-06-05,AMZN,0.010817,1.355617
2024-06-06,AMZN,0.020521,1.403956
2024-06-07,AMZN,-0.003784,1.39486
2024-06-10,AMZN,0.014976,1.430724
2024-06-11,AMZN,0.000909,1.432933
2024-06-12,AMZN,-0.001816,1.428515
2024-06-13,AMZN,-0.016373,1.388752
2024-06-14,AMZN,-0.000925,1.386543
2024-06-17,AMZN,0.002178,1.391741
2024-06-18,AMZN,-0.006791,1.375498
2024-06-20,AMZN,0.017997,1.418249
2024-06-21,AMZN,0.016013,1.456973
2024-06-24,AMZN,-0.018564,1.411362
2024-06-25,AMZN,0.004149,1.421368
2024-06-26,AMZN,0.039015,1.515837
2024-06-27,AMZN,0.0219,1.570933
2024-06-28,AMZN,-0.02325,1.511159
2024-07-01,AMZN,0.02044,1.562487
2024-07-02,AMZN,0.014199,1.598871
2024-07-03,AMZN,-0.01205,1.567554
2024-07-05,AMZN,0.012197,1.598871
2024-07-08,AMZN,-0.00355,1.589645
2024-07-09,AMZN,0.000251,1.590295
2024-07-10,AMZN,0.002257,1.596142
2024-07-11,AMZN,-0.023725,1.534549
2024-07-12,AMZN,-0.002871,1.527272
2024-07-15,AMZN,-0.009101,1.504272
2024-07-16,AMZN,0.001557,1.50817
2024-07-17,AMZN,-0.02637,1.442029
2024-07-18,AMZN,-0.022242,1.387713
2024-07-19,AMZN,-0.003374,1.379656
2024-07-22,AMZN,-0.003167,1.372119
2024-07-23,AMZN,0.021145,1.422278
2024-07-24,AMZN,-0.029934,1.349769
2024-07-25,AMZN,-0.005419,1.337035
2024-07-26,AMZN,0.014734,1.37147
2024-07-29,AMZN,0.003836,1.380566
2024-07-30,AMZN,-0.008133,1.361204
2024-07-31,AMZN,0.029002,1.429684
2024-08-01,AMZN,-0.015563,1.391871
2024-08-02,AMZN,-0.087847,1.181752
2024-08-05,AMZN,-0.040977,1.092351
2024-08-06,AMZN,0.005651,1.104176
2024-08-07,AMZN,0.005187,1.115091
2024-08-08,AMZN,0.018615,1.154464
2024-08-09,AMZN,0.006876,1.169278
2024-08-12,AMZN,-0.000839,1.167458
2024-08-13,AMZN,0.020564,1.212029
2024-08-14,AMZN,-0.000764,1.21034
2024-08-15,AMZN,0.044033,1.307667
2024-08-16,AMZN,-0.002984,1.30078
2024-08-19,AMZN,0.006551,1.315854
2024-08-20,AMZN,0.003703,1.32443
2024-08-21,AMZN,0.006876,1.340413
2024-08-22,AMZN,-0.022098,1.288696
2024-08-23,AMZN,0.005167,1.30052
2024-08-26,AMZN,-0.008699,1.280509
2024-08-27,AMZN,-0.013561,1.249583
2024-08-28,AMZN,-0.013401,1.219436
2024-08-29,AMZN,0.007728,1.236588
2024-08-30,AMZN,0.037067,1.319492
2024-09-03,AMZN,-0.012605,1.290255
2024-09-04,AMZN,-0.016567,1.252311
2024-09-05,AMZN,0.026308,1.311566
2024-09-06,AMZN,-0.036539,1.227102
2024-09-09,AMZN,0.023397,1.27921
2024-09-10,AMZN,0.02366,1.333136
2024-09-11,AMZN,0.02768,1.397718
2024-09-12,AMZN,0.01344,1.429944
2024-09-13,AMZN,-0.002727,1.423317
2024-09-16,AMZN,-0.00858,1.402526
2024-09-17,AMZN,0.010763,1.428385
2024-09-18,AMZN,-0.002408,1.422537
2024-09-19,AMZN,0.018452,1.467238
2024-09-20,AMZN,0.009112,1.489718
2024-09-23,AMZN,0.0119,1.519345
2024-09-24,AMZN,0.000413,1.520385
2024-09-25,AMZN,-0.007373,1.501803
2024-09-26,AMZN,-0.007116,1.484001
2024-09-27,AMZN,-0.016688,1.442549
2024-09-30,AMZN,-0.008725,1.421238
2024-10-01,AMZN,-0.00644,1.405645
2024-10-02,AMZN,-0.001999,1.400837
2024-10-03,AMZN,-0.015155,1.364453
2024-10-04,AMZN,0.025005,1.423577
2024-10-07,AMZN,-0.030615,1.349379
2024-10-08,AMZN,0.010619,1.374328
2024-10-09,AMZN,0.013408,1.406165
2024-10-10,AMZN,0.007993,1.425396
2024-10-11,AMZN,0.011626,1.453594
2024-10-14,AMZN,-0.006779,1.436961
2024-10-15,AMZN,0.0008,1.43891
2024-10-16,AMZN,-0.004262,1.428515
2024-10-17,AMZN,0.003424,1.436831
2024-10-18,AMZN,0.007785,1.455803
2024-10-21,AMZN,0.000423,1.456843
2024-10-22,AMZN,0.003332,1.465029
2024-10-23,AMZN,-0.026305,1.400187
2024-10-24,AMZN,0.009041,1.421888
2024-10-25,AMZN,0.00778,1.44073
2024-10-28,AMZN,0.002981,1.448006
2024-10-29,AMZN,0.012952,1.479713
2024-10-30,AMZN,0.009956,1.504402
2024-10-31,AMZN,-0.032844,1.422148
2024-11-01,AMZN,0.061856,1.571972
2024-11-04,AMZN,-0.010862,1.544035
2024-11-05,AMZN,0.019001,1.592374
2024-11-06,AMZN,0.038045,1.691001
2024-11-07,AMZN,0.014293,1.729464
2024-11-08,AMZN,-0.008903,1.705165
2024-11-11,AMZN,-0.006437,1.687752
2024-11-12,AMZN,0.010008,1.714651
2024-11-13,AMZN,0.024843,1.782091
2024-11-14,AMZN,-0.012237,1.748046
2024-11-15,AMZN,-0.041942,1.632786
2024-11-18,AMZN,-0.004491,1.620961
2024-11-19,AMZN,0.014427,1.658775
2024-11-20,AMZN,-0.008455,1.636295
2024-11-21,AMZN,-0.022181,1.57782
2024-11-22,AMZN,-0.006351,1.561447
2024-11-25,AMZN,0.021966,1.617713
2024-11-26,AMZN,0.031819,1.701007
2024-11-27,AMZN,-0.010199,1.673459
2024-11-29,AMZN,0.01045,1.701396
2024-12-02,AMZN,0.013565,1.738041
2024-12-03,AMZN,0.012956,1.773515
2024-12-04,AMZN,0.022114,1.834848
2024-12-05,AMZN,0.010955,1.865905
2024-12-06,AMZN,0.029381,1.950108
2024-12-09,AMZN,-0.00414,1.937894
2024-12-10,AMZN,-0.004644,1.924249
2024-12-11,AMZN,0.023196,1.99208
2024-12-12,AMZN,-0.005602,1.975317
2024-12-13,AMZN,-0.006595,1.955696
2024-12-16,AMZN,0.024048,2.026775
2024-12-17,AMZN,-0.007642,2.003645
2024-12-18,AMZN,-0.045987,1.865515
2024-12-19,AMZN,0.012561,1.901509
2024-12-20,AMZN,0.0073,1.92269
2024-12-23,AMZN,0.000622,1.924509
2024-12-24,AMZN,0.017729,1.976357
2024-12-26,AMZN,-0.008732,1.950368
2024-12-27,AMZN,-0.014534,1.907487
2024-12-30,AMZN,-0.01095,1.875651
2019-01-03,BRK-B,-0.054931,-0.054931
2019-01-04,BRK-B,0.01847,-0.037475
2019-01-07,BRK-B,0.00876,-0.029043
2019-01-08,BRK-B,-0.003047,-0.032002
2019-01-09,BRK-B,0.000306,-0.031706
2019-01-10,BRK-B,0.001069,-0.030671
2019-01-11,BRK-B,-0.001475,-0.032101
2019-01-14,BRK-B,-0.002598,-0.034615
2019-01-15,BRK-B,0.005925,-0.028895
2019-01-16,BRK-B,0.007464,-0.021647
2019-01-17,BRK-B,0.001865,-0.019823
2019-01-18,BRK-B,0.028675,0.008284
2019-01-22,BRK-B,-0.018388,-0.010256
2019-01-23,BRK-B,0.002142,-0.008136
2019-01-24,BRK-B,-0.000646,-0.008777
2019-01-25,BRK-B,0.008606,-0.000247
2019-01-28,BRK-B,-0.008878,-0.009122
2019-01-29,BRK-B,0.005474,-0.003698
2019-01-30,BRK-B,0.019352,0.015582
2019-01-31,BRK-B,-0.002039,0.013511
2019-02-01,BRK-B,0.017758,0.031509
2019-02-04,BRK-B,-0.003203,0.028205
2019-02-05,BRK-B,-0.003357,0.024753
2019-02-06,BRK-B,-0.00871,0.015828
2019-02-07,BRK-B,-0.020776,-0.005276
2019-02-08,BRK-B,-0.004015,-0.00927
2019-02-11,BRK-B,0.010601,0.001233
2019-02-12,BRK-B,0.015267,0.016519
2019-02-13,BRK-B,-0.001698,0.014793
2019-02-14,BRK-B,-0.014674,-9.9e-05
2019-02-15,BRK-B,0.012378,0.012278
2019-02-19,BRK-B,0.001949,0.01425
2019-02-20,BRK-B,0.002285,0.016568
2019-02-21,BRK-B,-0.004026,0.012475
2019-02-22,BRK-B,-0.016656,-0.004389
2019-02-25,BRK-B,0.001981,-0.002416
2019-02-26,BRK-B,-0.002027,-0.004438
2019-02-27,BRK-B,0.001932,-0.002515
2019-02-28,BRK-B,-0.004894,-0.007396
2019-03-01,BRK-B,0.009091,0.001627
2019-03-04,BRK-B,-0.006498,-0.004882
2019-03-05,BRK-B,-0.001685,-0.006558
2019-03-06,BRK-B,-0.003971,-0.010503
2019-03-07,BRK-B,-0.006827,-0.017258
2019-03-08,BRK-B,-0.003011,-0.020217
2019-03-11,BRK-B,0.017061,-0.003501
2019-03-12,BRK-B,0.002029,-0.001479
2019-03-13,BRK-B,0.007704,0.006213
2019-03-14,BRK-B,-0.003332,0.00286
2019-03-15,BRK-B,0.004573,0.007446
2019-03-18,BRK-B,0.0116,0.019132
2019-03-19,BRK-B,-0.007403,0.011588
2019-03-20,BRK-B,-0.009164,0.002318
2019-03-21,BRK-B,0.005707,0.008037
2019-03-22,BRK-B,-0.01898,-0.011095
2019-03-25,BRK-B,-0.005535,-0.016568
2019-03-26,BRK-B,0.005917,-0.01075
2019-03-27,BRK-B,-0.007028,-0.017702
2019-03-28,BRK-B,0.007279,-0.010552
2019-03-29,BRK-B,0.001146,-0.009418
2019-04-01,BRK-B,0.020459,0.010848
2019-04-02,BRK-B,-0.005463,0.005325
2019-04-03,BRK-B,-0.00103,0.00429
2019-04-04,BRK-B,0.002111,0.00641
2019-04-05,BRK-B,0.006026,0.012475
2019-04-08,BRK-B,-0.00039,0.012081
2019-04-09,BRK-B,-0.001608,0.010454
2019-04-10,BRK-B,-0.001952,0.008481
2019-04-11,BRK-B,0.010512,0.019083
2019-04-12,BRK-B,0.018822,0.038264
2019-04-15,BRK-B,-0.003894,0.034221
2019-04-16,BRK-B,0.009822,0.044379
2019-04-17,BRK-B,-0.006752,0.037327
2019-04-18,BRK-B,-0.001806,0.035454
2019-04-22,BRK-B,-0.002381,0.032988
2019-04-23,BRK-B,0.01012,0.043442
2019-04-24,BRK-B,-0.004915,0.038314
2019-04-25,BRK-B,0.006554,0.045118
2019-04-26,BRK-B,0.01071,0.056312
2019-04-29,BRK-B,0.011017,0.067949
2019-04-30,BRK-B,0.0006,0.06859
2019-05-01,BRK-B,0.0,0.06859
2019-05-02,BRK-B,-0.003599,0.064744
2019-05-03,BRK-B,0.012365,0.077909
2019-05-06,BRK-B,-0.024886,0.051085
2019-05-07,BRK-B,-0.017499,0.032692
2019-05-08,BRK-B,-0.000668,0.032002
2019-05-09,BRK-B,-0.003488,0.028402
2019-05-10,BRK-B,0.002206,0.030671
2019-05-13,BRK-B,-0.019185,0.010897
2019-05-14,BRK-B,-0.006439,0.004389
2019-05-15,BRK-B,-0.003486,0.000888
2019-05-16,BRK-B,0.008129,0.009024
2019-05-17,BRK-B,-0.006646,0.002318
2019-05-20,BRK-B,-0.002657,-0.000345
2019-05-21,BRK-B,0.003108,0.002761
2019-05-22,BRK-B,-0.003737,-0.000986
2019-05-23,BRK-B,-0.006417,-0.007396
2019-05-24,BRK-B,0.001937,-0.005473
2019-05-28,BRK-B,-0.009867,-0.015286
2019-05-29,BRK-B,-0.005909,-0.021105
2019-05-30,BRK-B,0.006145,-0.015089
2019-05-31,BRK-B,-0.011615,-0.026529
2019-06-03,BRK-B,0.005774,-0.020907
2019-06-04,BRK-B,0.01526,-0.005967
2019-06-05,BRK-B,0.008483,0.002465
2019-06-06,BRK-B,0.007231,0.009714
2019-06-07,BRK-B,0.005079,0.014842
2019-06-10,BRK-B,0.006559,0.021499
2019-06-11,BRK-B,-0.002558,0.018886
2019-06-12,BRK-B,-0.009969,0.008728
2019-06-13,BRK-B,0.002053,0.010799
2019-06-14,BRK-B,0.000829,0.011637
2019-06-17,BRK-B,-0.008189,0.003353
2019-06-18,BRK-B,0.012434,0.015828
2019-06-19,BRK-B,0.003592,0.019477
2019-06-20,BRK-B,0.006239,0.025838
2019-06-21,BRK-B,-0.008796,0.016815
2019-06-24,BRK-B,0.003104,0.01997
2019-06-25,BRK-B,0.005898,0.025986
2019-06-26,BRK-B,0.002115,0.028156
2019-06-27,BRK-B,0.016834,0.045464
2019-06-28,BRK-B,0.005424,0.051134
2019-07-01,BRK-B,0.006802,0.058284
2019-07-02,BRK-B,-0.000373,0.057889
2019-07-03,BRK-B,0.00289,0.060947
2019-07-05,BRK-B,0.000418,0.061391
2019-07-08,BRK-B,-0.000557,0.060799
2019-07-09,BRK-B,-0.001766,0.058925
2019-07-10,BRK-B,-0.003353,0.055375
2019-07-11,BRK-B,-0.004018,0.051134
2019-07-12,BRK-B,0.004363,0.05572
2019-07-15,BRK-B,-0.002616,0.052959
2019-07-16,BRK-B,-0.003091,0.049704
2019-07-17,BRK-B,-0.025507,0.022929
2019-07-18,BRK-B,0.002555,0.025542
2019-07-19,BRK-B,-0.009664,0.015631
2019-07-22,BRK-B,-0.005486,0.010059
2019-07-23,BRK-B,0.007909,0.018047
2019-07-24,BRK-B,0.007314,0.025493
2019-07-25,BRK-B,-0.000337,0.025148
2019-07-26,BRK-B,0.00962,0.03501
2019-07-29,BRK-B,-0.006146,0.028649
2019-07-30,BRK-B,-0.003835,0.024704
2019-07-31,BRK-B,-0.011453,0.012968
2019-08-01,BRK-B,-0.018108,-0.005375
2019-08-02,BRK-B,0.004759,-0.000641
2019-08-05,BRK-B,-0.024375,-0.025
2019-08-06,BRK-B,0.014262,-0.011095
2019-08-07,BRK-B,-0.011668,-0.022633
2019-08-08,BRK-B,0.011654,-0.011243
2019-08-09,BRK-B,-0.007331,-0.018491
2019-08-12,BRK-B,-0.009395,-0.027712
2019-08-13,BRK-B,0.008114,-0.019823
2019-08-14,BRK-B,-0.014941,-0.034467
2019-08-15,BRK-B,0.012767,-0.02214
2019-08-16,BRK-B,0.00711,-0.015187
2019-08-19,BRK-B,0.006109,-0.009172
2019-08-20,BRK-B,-0.013885,-0.022929
2019-08-21,BRK-B,0.005501,-0.017554
2019-08-22,BRK-B,0.008884,-0.008826
2019-08-23,BRK-B,-0.019153,-0.027811
2019-08-26,BRK-B,0.015419,-0.012821
2019-08-27,BRK-B,-0.009241,-0.021943
2019-08-28,BRK-B,0.010587,-0.011588
2019-08-29,BRK-B,0.013719,0.001972
2019-08-30,BRK-B,0.001033,0.003008
2019-09-03,BRK-B,-0.01234,-0.009369
2019-09-04,BRK-B,0.006421,-0.003008
2019-09-05,BRK-B,0.010139,0.007101
2019-09-06,BRK-B,0.002399,0.009517
2019-09-09,BRK-B,0.009232,0.018836
2019-09-10,BRK-B,0.008179,0.02717
2019-09-11,BRK-B,0.012481,0.03999
2019-09-12,BRK-B,0.002181,0.042258
2019-09-13,BRK-B,0.010598,0.053304
2019-09-16,BRK-B,-0.015355,0.03713
2019-09-17,BRK-B,-0.000856,0.036243
2019-09-18,BRK-B,0.003569,0.039941
2019-09-19,BRK-B,-0.007966,0.031657
2019-09-20,BRK-B,-0.005258,0.026233
2019-09-23,BRK-B,-0.000769,0.025444
2019-09-24,BRK-B,-0.007502,0.017751
2019-09-25,BRK-B,0.008285,0.026183
2019-09-26,BRK-B,-0.005814,0.020217
2019-09-27,BRK-B,0.002658,0.022929
2019-09-30,BRK-B,0.002748,0.02574
2019-10-01,BRK-B,-0.006297,0.01928
2019-10-02,BRK-B,-0.017464,0.001479
2019-10-03,BRK-B,0.009256,0.010749
2019-10-04,BRK-B,0.015123,0.026035
2019-10-07,BRK-B,-0.004037,0.021894
2019-10-08,BRK-B,-0.0152,0.006361
2019-10-09,BRK-B,0.01274,0.019181
2019-10-10,BRK-B,0.000822,0.02002
2019-10-11,BRK-B,0.005898,0.026035
2019-10-14,BRK-B,-0.000817,0.025197
2019-10-15,BRK-B,0.00707,0.032446
2019-10-16,BRK-B,-0.00043,0.032002
2019-10-17,BRK-B,-0.003201,0.028698
2019-10-18,BRK-B,0.000671,0.029389
2019-10-21,BRK-B,0.013077,0.04285
2019-10-22,BRK-B,-0.004114,0.03856
2019-10-23,BRK-B,0.001614,0.040237
2019-10-24,BRK-B,-0.003318,0.036785
2019-10-25,BRK-B,0.007324,0.044379
2019-10-28,BRK-B,0.005005,0.049606
2019-10-29,BRK-B,0.000705,0.050345
2019-10-30,BRK-B,0.001127,0.051529
2019-10-31,BRK-B,-0.003142,0.048225
2019-11-01,BRK-B,0.015288,0.06425
2019-11-04,BRK-B,0.009962,0.074852
2019-11-05,BRK-B,0.013304,0.089152
2019-11-06,BRK-B,0.005071,0.094675
2019-11-07,BRK-B,0.003333,0.098323
2019-11-08,BRK-B,-0.00642,0.091272
2019-11-11,BRK-B,-0.002078,0.089004
2019-11-12,BRK-B,0.000181,0.089201
2019-11-13,BRK-B,-0.00507,0.083679
2019-11-14,BRK-B,-0.001866,0.081657
2019-11-15,BRK-B,0.001732,0.083531
2019-11-18,BRK-B,-0.001775,0.081608
2019-11-19,BRK-B,-0.001459,0.08003
2019-11-20,BRK-B,-0.007077,0.072387
2019-11-21,BRK-B,-0.003908,0.068195
2019-11-22,BRK-B,0.00614,0.074753
2019-11-25,BRK-B,0.005047,0.080177
2019-11-26,BRK-B,-0.00073,0.079389
2019-11-27,BRK-B,0.007309,0.087278
2019-11-29,BRK-B,-0.000907,0.086292
2019-12-02,BRK-B,0.000136,0.08644
2019-12-03,BRK-B,-0.010212,0.075345
2019-12-04,BRK-B,0.001467,0.076923
2019-12-05,BRK-B,0.005495,0.08284
2019-12-06,BRK-B,0.013707,0.097682
2019-12-09,BRK-B,-0.005525,0.091617
2019-12-10,BRK-B,-0.000542,0.091026
2019-12-11,BRK-B,0.005921,0.097485
2019-12-12,BRK-B,0.015051,0.114004
2019-12-13,BRK-B,-0.002435,0.111292
2019-12-16,BRK-B,0.006567,0.11859
2019-12-17,BRK-B,0.000882,0.119576
2019-12-18,BRK-B,-0.008985,0.109517
2019-12-19,BRK-B,0.000889,0.110503
2019-12-20,BRK-B,0.004884,0.115927
2019-12-23,BRK-B,-0.003668,0.111834
2019-12-24,BRK-B,-4.4e-05,0.111785
2019-12-26,BRK-B,0.004346,0.116617
2019-12-27,BRK-B,-0.001369,0.115089
2019-12-30,BRK-B,-0.00168,0.113215
2019-12-31,BRK-B,0.003278,0.116864
2020-01-02,BRK-B,0.008344,0.126183
2020-01-03,BRK-B,-0.009676,0.115286
2020-01-06,BRK-B,0.003581,0.11928
2020-01-07,BRK-B,-0.004714,0.114004
2020-01-08,BRK-B,0.00031,0.114349
2020-01-09,BRK-B,0.01177,0.127465
2020-01-10,BRK-B,-0.008878,0.117456
2020-01-13,BRK-B,0.008075,0.126479
2020-01-14,BRK-B,-0.005603,0.120168
2020-01-15,BRK-B,0.005194,0.125986
2020-01-16,BRK-B,0.006043,0.132791
2020-01-17,BRK-B,0.002046,0.135108
2020-01-21,BRK-B,-0.00682,0.127367
2020-01-22,BRK-B,0.00398,0.131854
2020-01-23,BRK-B,-0.000697,0.131065
2020-01-24,BRK-B,-0.010986,0.118639
2020-01-27,BRK-B,-0.019439,0.096893
2020-01-28,BRK-B,0.007103,0.104684
2020-01-29,BRK-B,0.002098,0.107002
2020-01-30,BRK-B,0.015056,0.123669
2020-01-31,BRK-B,-0.01514,0.106657
2020-02-03,BRK-B,-0.004277,0.101923
2020-02-04,BRK-B,0.007205,0.109862
2020-02-05,BRK-B,0.015861,0.127465
2020-02-06,BRK-B,0.004199,0.132199
2020-02-07,BRK-B,-0.009712,0.121203
2020-02-10,BRK-B,-0.001187,0.119872
2020-02-11,BRK-B,0.000969,0.120957
2020-02-12,BRK-B,0.000484,0.121499
2020-02-13,BRK-B,-0.004265,0.116716
2020-02-14,BRK-B,0.001457,0.118343
2020-02-18,BRK-B,-0.000132,0.118195
2020-02-19,BRK-B,0.010892,0.130375
2020-02-20,BRK-B,-0.004668,0.125099
2020-02-21,BRK-B,0.005084,0.130819
2020-02-24,BRK-B,-0.033314,0.093146
2020-02-25,BRK-B,-0.016419,0.075197
2020-02-26,BRK-B,-0.009126,0.065385
2020-02-27,BRK-B,-0.038832,0.024014
2020-02-28,BRK-B,-0.006404,0.017456
2020-03-02,BRK-B,0.054716,0.073126
2020-03-03,BRK-B,-0.040528,0.029635
2020-03-04,BRK-B,0.043341,0.07426
2020-03-05,BRK-B,-0.040852,0.030375
2020-03-06,BRK-B,-0.014261,0.01568
2020-03-09,BRK-B,-0.062385,-0.047682
2020-03-10,BRK-B,0.049707,-0.000345
2020-03-11,BRK-B,-0.039905,-0.040237
2020-03-12,BRK-B,-0.095921,-0.132298
2020-03-13,BRK-B,0.116099,-0.031558
2020-03-16,BRK-B,-0.094857,-0.123422
2020-03-17,BRK-B,0.055296,-0.074951
2020-03-18,BRK-B,-0.08081,-0.149704
2020-03-19,BRK-B,0.01299,-0.138659
2020-03-20,BRK-B,-0.026448,-0.16144
2020-03-23,BRK-B,-0.046631,-0.200542
2020-03-24,BRK-B,0.099118,-0.121302
2020-03-25,BRK-B,0.012739,-0.110108
2020-03-26,BRK-B,0.019006,-0.093195
2020-03-27,BRK-B,-0.023056,-0.114103
2020-03-30,BRK-B,0.019593,-0.096746
2020-03-31,BRK-B,-0.001911,-0.098471
2020-04-01,BRK-B,-0.037631,-0.132396
2020-04-02,BRK-B,0.021483,-0.113757
2020-04-03,BRK-B,-0.007734,-0.120611
2020-04-06,BRK-B,0.03869,-0.086588
2020-04-07,BRK-B,5.4e-05,-0.086538
2020-04-08,BRK-B,0.031093,-0.058136
2020-04-09,BRK-B,0.014816,-0.044181
2020-04-13,BRK-B,-0.026156,-0.069181
2020-04-14,BRK-B,0.02209,-0.048619
2020-04-15,BRK-B,-0.02265,-0.070168
2020-04-16,BRK-B,-0.003235,-0.073176
2020-04-17,BRK-B,0.017238,-0.057199
2020-04-20,BRK-B,-0.012814,-0.06928
2020-04-21,BRK-B,-0.027921,-0.095266
2020-04-22,BRK-B,0.016896,-0.07998
2020-04-23,BRK-B,-0.005092,-0.084665
2020-04-24,BRK-B,0.004794,-0.080276
2020-04-27,BRK-B,0.00504,-0.075641
2020-04-28,BRK-B,-0.001814,-0.077318
2020-04-29,BRK-B,0.013307,-0.065039
2020-04-30,BRK-B,-0.011866,-0.076134
2020-05-01,BRK-B,-0.025032,-0.09926
2020-05-04,BRK-B,-0.025839,-0.122535
2020-05-05,BRK-B,-0.01079,-0.132002
2020-05-06,BRK-B,-0.020735,-0.15
2020-05-07,BRK-B,0.006381,-0.144576
2020-05-08,BRK-B,0.019311,-0.128057
2020-05-11,BRK-B,-0.012385,-0.138856
2020-05-12,BRK-B,-0.010479,-0.14788
2020-05-13,BRK-B,-0.012962,-0.158925
2020-05-14,BRK-B,0.00211,-0.15715
2020-05-15,BRK-B,-0.009829,-0.165434
2020-05-18,BRK-B,0.036691,-0.134813
2020-05-19,BRK-B,-0.016927,-0.149458
2020-05-20,BRK-B,0.020465,-0.132051
2020-05-21,BRK-B,-0.006136,-0.137377
2020-05-22,BRK-B,-5.7e-05,-0.137426
2020-05-26,BRK-B,0.030927,-0.11075
2020-05-27,BRK-B,0.03011,-0.083974
2020-05-28,BRK-B,-0.003607,-0.087278
2020-05-29,BRK-B,0.002593,-0.084911
2020-06-01,BRK-B,-0.009376,-0.093491
2020-06-02,BRK-B,0.011423,-0.083136
2020-06-03,BRK-B,0.026245,-0.059073
2020-06-04,BRK-B,0.006446,-0.053008
2020-06-05,BRK-B,0.044832,-0.010552
2020-06-08,BRK-B,0.004485,-0.006114
2020-06-09,BRK-B,-0.027237,-0.033185
2020-06-10,BRK-B,-0.023257,-0.055671
2020-06-11,BRK-B,-0.07044,-0.122189
2020-06-12,BRK-B,0.017919,-0.10646
2020-06-15,BRK-B,0.001876,-0.104783
2020-06-16,BRK-B,0.004131,-0.101085
2020-06-17,BRK-B,-0.007899,-0.108185
2020-06-18,BRK-B,-0.000719,-0.108826
2020-06-19,BRK-B,-0.005588,-0.113807
2020-06-22,BRK-B,0.002504,-0.111588
2020-06-23,BRK-B,0.004662,-0.107446
2020-06-24,BRK-B,-0.019225,-0.124606
2020-06-25,BRK-B,0.007435,-0.118097
2020-06-26,BRK-B,-0.019458,-0.135256
2020-06-29,BRK-B,0.010378,-0.126282
2020-06-30,BRK-B,0.00745,-0.119773
2020-07-01,BRK-B,-0.002913,-0.122337
2020-07-02,BRK-B,0.004719,-0.118195
2020-07-06,BRK-B,0.021752,-0.099014
2020-07-07,BRK-B,-0.008592,-0.106755
2020-07-08,BRK-B,0.000276,-0.106509
2020-07-09,BRK-B,-0.013245,-0.118343
2020-07-10,BRK-B,0.022931,-0.098126
2020-07-13,BRK-B,0.006725,-0.092061
2020-07-14,BRK-B,0.030305,-0.064546
2020-07-15,BRK-B,0.00448,-0.060355
2020-07-16,BRK-B,0.002361,-0.058136
2020-07-17,BRK-B,-0.001309,-0.059369
2020-07-20,BRK-B,-0.001468,-0.06075
2020-07-21,BRK-B,0.009397,-0.051923
2020-07-22,BRK-B,-0.000884,-0.052761
2020-07-23,BRK-B,0.005986,-0.047091
2020-07-24,BRK-B,0.006572,-0.040828
2020-07-27,BRK-B,-0.012235,-0.052564
2020-07-28,BRK-B,0.010305,-0.042801
2020-07-29,BRK-B,0.011797,-0.031509
2020-07-30,BRK-B,-0.010743,-0.041913
2020-07-31,BRK-B,0.007617,-0.034615
2020-08-03,BRK-B,0.017775,-0.017456
2020-08-04,BRK-B,0.004918,-0.012623
2020-08-05,BRK-B,0.01688,0.004043
2020-08-06,BRK-B,0.006876,0.010947
2020-08-07,BRK-B,0.021754,0.032939
2020-08-10,BRK-B,0.014799,0.048225
2020-08-11,BRK-B,0.000376,0.048619
2020-08-12,BRK-B,0.002727,0.051479
2020-08-13,BRK-B,-0.005909,0.045266
2020-08-14,BRK-B,-0.004812,0.040237
2020-08-17,BRK-B,-0.019814,0.019625
2020-08-18,BRK-B,0.007496,0.027268
2020-08-19,BRK-B,-0.005376,0.021746
2020-08-20,BRK-B,-0.00526,0.016371
2020-08-21,BRK-B,0.006356,0.02283
2020-08-24,BRK-B,0.024972,0.048373
2020-08-25,BRK-B,0.003481,0.052022
2020-08-26,BRK-B,0.00614,0.058481
2020-08-27,BRK-B,0.010295,0.069379
2020-08-28,BRK-B,0.007747,0.077663
2020-08-31,BRK-B,-0.002334,0.075148
2020-09-01,BRK-B,0.002339,0.077663
2020-09-02,BRK-B,0.014322,0.093097
2020-09-03,BRK-B,-0.015924,0.07569
2020-09-04,BRK-B,0.000779,0.076529
2020-09-08,BRK-B,-0.002382,0.073964
2020-09-09,BRK-B,0.008402,0.082988
2020-09-10,BRK-B,-0.008332,0.073964
2020-09-11,BRK-B,0.000597,0.074605
2020-09-14,BRK-B,0.009223,0.084517
2020-09-15,BRK-B,-0.004547,0.079586
2020-09-16,BRK-B,0.002969,0.082791
2020-09-17,BRK-B,-0.007013,0.075197
2020-09-18,BRK-B,0.000734,0.075986
2020-09-21,BRK-B,-0.023784,0.050394
2020-09-22,BRK-B,0.005352,0.056016
2020-09-23,BRK-B,-0.021246,0.03358
2020-09-24,BRK-B,-0.004246,0.029191
2020-09-25,BRK-B,0.008289,0.037722
2020-09-28,BRK-B,0.014683,0.052959
2020-09-29,BRK-B,-0.014517,0.037673
2020-09-30,BRK-B,0.01188,0.05
2020-10-01,BRK-B,-0.00432,0.045464
2020-10-02,BRK-B,-0.003962,0.041321
2020-10-05,BRK-B,0.005588,0.04714
2020-10-06,BRK-B,-0.009889,0.036785
2020-10-07,BRK-B,0.014411,0.051726
2020-10-08,BRK-B,0.008721,0.060897
2020-10-09,BRK-B,0.002463,0.063511
2020-10-12,BRK-B,0.003385,0.06711
2020-10-13,BRK-B,-0.018946,0.046893
2020-10-14,BRK-B,-0.006594,0.03999
2020-10-15,BRK-B,0.003509,0.043639
2020-10-16,BRK-B,0.001228,0.044921
2020-10-19,BRK-B,-0.013779,0.030523
2020-10-20,BRK-B,0.00512,0.035799
2020-10-21,BRK-B,0.000571,0.03639
2020-10-22,BRK-B,0.006804,0.043442
2020-10-23,BRK-B,0.005198,0.048866
2020-10-26,BRK-B,-0.019839,0.028057
2020-10-27,BRK-B,-0.007722,0.020118
2020-10-28,BRK-B,-0.029872,-0.010355
2020-10-29,BRK-B,0.004036,-0.006361
2020-10-30,BRK-B,0.001935,-0.004438
2020-11-02,BRK-B,0.011937,0.007446
2020-11-03,BRK-B,0.011355,0.018886
2020-11-04,BRK-B,-0.002226,0.016617
2020-11-05,BRK-B,0.006208,0.022929
2020-11-06,BRK-B,0.006749,0.029832
2020-11-09,BRK-B,0.06057,0.092209
2020-11-10,BRK-B,0.031512,0.126627
2020-11-11,BRK-B,-0.004858,0.121154
2020-11-12,BRK-B,-0.011655,0.108087
2020-11-13,BRK-B,0.012015,0.1214
2020-11-16,BRK-B,0.024976,0.149408
2020-11-17,BRK-B,0.000257,0.149704
2020-11-18,BRK-B,-0.013253,0.134467
2020-11-19,BRK-B,-0.002347,0.131805
2020-11-20,BRK-B,-0.010979,0.119379
2020-11-23,BRK-B,0.011145,0.131854
2020-11-24,BRK-B,0.019082,0.153452
2020-11-25,BRK-B,-0.003377,0.149556
2020-11-27,BRK-B,-0.006777,0.141765
2020-11-30,BRK-B,-0.011401,0.128748
2020-12-01,BRK-B,0.003364,0.132544
2020-12-02,BRK-B,0.003222,0.136193
2020-12-03,BRK-B,0.002604,0.139152
2020-12-04,BRK-B,0.001428,0.140779
2020-12-07,BRK-B,-0.00912,0.130375
2020-12-08,BRK-B,-0.00458,0.125197
2020-12-09,BRK-B,-0.00298,0.121844
2020-12-10,BRK-B,-0.000703,0.121055
2020-12-11,BRK-B,-0.004223,0.116321
2020-12-14,BRK-B,-0.015637,0.098866
2020-12-15,BRK-B,0.006866,0.10641
2020-12-16,BRK-B,-0.011008,0.094231
2020-12-17,BRK-B,0.012482,0.107889
2020-12-18,BRK-B,-0.005563,0.101726
2020-12-21,BRK-B,0.000269,0.102022
2020-12-22,BRK-B,-0.007204,0.094083
2020-12-23,BRK-B,0.010636,0.10572
2020-12-24,BRK-B,0.010212,0.117012
2020-12-28,BRK-B,0.008299,0.126282
2020-12-29,BRK-B,0.005079,0.132002
2020-12-30,BRK-B,0.000348,0.132396
2020-12-31,BRK-B,0.009667,0.143343
2021-01-04,BRK-B,-0.01475,0.126479
2021-01-05,BRK-B,-0.00429,0.121647
2021-01-06,BRK-B,0.012309,0.135454
2021-01-07,BRK-B,0.011335,0.148323
2021-01-08,BRK-B,0.004938,0.153994
2021-01-11,BRK-B,-0.002564,0.151035
2021-01-12,BRK-B,-0.001714,0.149063
2021-01-13,BRK-B,0.006351,0.156361
2021-01-14,BRK-B,0.002175,0.158876
2021-01-15,BRK-B,-0.00651,0.151331
2021-01-19,BRK-B,0.00454,0.156558
2021-01-20,BRK-B,0.000895,0.157594
2021-01-21,BRK-B,-0.002556,0.154635
2021-01-22,BRK-B,-0.005296,0.148521
2021-01-25,BRK-B,0.000386,0.148964
2021-01-26,BRK-B,-0.00618,0.141864
2021-01-27,BRK-B,-0.01818,0.121105
2021-01-28,BRK-B,0.01579,0.138807
2021-01-29,BRK-B,-0.013336,0.123619
2021-02-01,BRK-B,0.006363,0.130769
2021-02-02,BRK-B,0.012733,0.145168
2021-02-03,BRK-B,0.001895,0.147337
2021-02-04,BRK-B,0.01328,0.162574
2021-02-05,BRK-B,-0.002587,0.159566
2021-02-08,BRK-B,0.00961,0.17071
2021-02-09,BRK-B,0.010488,0.182988
2021-02-10,BRK-B,4.2e-05,0.183037
2021-02-11,BRK-B,-0.000667,0.182248
2021-02-12,BRK-B,0.011261,0.195562
2021-02-16,BRK-B,0.011631,0.209467
2021-02-17,BRK-B,-0.000122,0.20932
2021-02-18,BRK-B,-0.007136,0.20069
2021-02-19,BRK-B,-0.006776,0.192554
2021-02-22,BRK-B,0.012901,0.207939
2021-02-23,BRK-B,0.002286,0.2107
2021-02-24,BRK-B,0.011893,0.225099
2021-02-25,BRK-B,-0.019159,0.201627
2021-02-26,BRK-B,-0.013049,0.185947
2021-03-01,BRK-B,0.036173,0.228846
2021-03-02,BRK-B,4e-05,0.228895
2021-03-03,BRK-B,0.009349,0.240385
2021-03-04,BRK-B,-0.02413,0.210454
2021-03-05,BRK-B,0.031245,0.248274
2021-03-08,BRK-B,0.017618,0.270266
2021-03-09,BRK-B,0.005473,0.277219
2021-03-10,BRK-B,0.019188,0.301726
2021-03-11,BRK-B,-0.011667,0.286538
2021-03-12,BRK-B,-0.003411,0.28215
2021-03-15,BRK-B,-0.020806,0.255473
2021-03-16,BRK-B,-0.012215,0.240138
2021-03-17,BRK-B,0.001988,0.242604
2021-03-18,BRK-B,0.001825,0.244872
2021-03-19,BRK-B,-0.005823,0.237623
2021-03-22,BRK-B,-0.00251,0.234517
2021-03-23,BRK-B,-0.008188,0.224408
2021-03-24,BRK-B,0.005316,0.230917
2021-03-25,BRK-B,0.004487,0.23644
2021-03-26,BRK-B,0.024008,0.266124
2021-03-29,BRK-B,0.007984,0.276233
2021-03-30,BRK-B,-0.002434,0.273126
2021-03-31,BRK-B,-0.010535,0.259714
2021-04-01,BRK-B,0.010686,0.273176
2021-04-05,BRK-B,0.017273,0.295168
2021-04-06,BRK-B,0.001523,0.29714
2021-04-07,BRK-B,0.002129,0.299901
2021-04-08,BRK-B,-0.000417,0.299359
2021-04-09,BRK-B,0.009487,0.311686
2021-04-12,BRK-B,0.007218,0.321154
2021-04-13,BRK-B,-0.003098,0.317061
2021-04-14,BRK-B,0.00161,0.319181
2021-04-15,BRK-B,0.006018,0.32712
2021-04-16,BRK-B,0.011035,0.341765
2021-04-19,BRK-B,-0.006725,0.332742
2021-04-20,BRK-B,-0.008843,0.320957
2021-04-21,BRK-B,0.016126,0.342258
2021-04-22,BRK-B,-0.009919,0.328945
2021-04-23,BRK-B,0.009165,0.341124
2021-04-26,BRK-B,-0.004118,0.335601
2021-04-27,BRK-B,0.010301,0.349359
2021-04-28,BRK-B,-0.002558,0.345907
2021-04-29,BRK-B,0.017036,0.368836
2021-04-30,BRK-B,-0.009546,0.355769
2021-05-03,BRK-B,0.015385,0.376627
2021-05-04,BRK-B,0.003869,0.381953
2021-05-05,BRK-B,0.00892,0.39428
2021-05-06,BRK-B,0.024579,0.42855
2021-05-07,BRK-B,0.004211,0.434566
2021-05-10,BRK-B,0.004812,0.441469
2021-05-11,BRK-B,-0.022919,0.408432
2021-05-12,BRK-B,-0.009523,0.39502
2021-05-13,BRK-B,0.014103,0.414694
2021-05-14,BRK-B,0.013175,0.433333
2021-05-17,BRK-B,-0.005023,0.426134
2021-05-18,BRK-B,-0.005636,0.418097
2021-05-19,BRK-B,-0.004764,0.411341
2021-05-20,BRK-B,0.001782,0.413856
2021-05-21,BRK-B,0.003522,0.418836
2021-05-24,BRK-B,0.006916,0.428649
2021-05-25,BRK-B,-0.008732,0.416174
2021-05-26,BRK-B,0.000453,0.416815
2021-05-27,BRK-B,0.006856,0.426529
2021-05-28,BRK-B,0.000484,0.427219
2021-06-01,BRK-B,0.001382,0.429191
2021-06-02,BRK-B,0.000621,0.430079
2021-06-03,BRK-B,0.006724,0.439694
2021-06-04,BRK-B,0.001884,0.442406
2021-06-07,BRK-B,-0.010461,0.427317
2021-06-08,BRK-B,-0.000933,0.425986
2021-06-09,BRK-B,-0.002109,0.422978
2021-06-10,BRK-B,-0.012717,0.404882
2021-06-11,BRK-B,0.006704,0.4143
2021-06-14,BRK-B,-0.011471,0.398077
2021-06-15,BRK-B,0.001446,0.400099
2021-06-16,BRK-B,-0.002923,0.396006
2021-06-17,BRK-B,-0.015612,0.374211
2021-06-18,BRK-B,-0.016685,0.351282
2021-06-21,BRK-B,0.011166,0.366371
2021-06-22,BRK-B,-0.00065,0.365483
2021-06-23,BRK-B,-0.008161,0.354339
2021-06-24,BRK-B,0.003022,0.358432
2021-06-25,BRK-B,0.01049,0.372682
2021-06-28,BRK-B,-0.006358,0.363955
2021-06-29,BRK-B,-0.001446,0.361982
2021-06-30,BRK-B,0.006191,0.370414
2021-07-01,BRK-B,0.008096,0.381509
2021-07-02,BRK-B,-0.003748,0.376331
2021-07-06,BRK-B,-0.006449,0.367456
2021-07-07,BRK-B,0.006923,0.376923
2021-07-08,BRK-B,-0.018407,0.351578
2021-07-09,BRK-B,0.023313,0.383087
2021-07-12,BRK-B,-0.001355,0.381213
2021-07-13,BRK-B,-0.003213,0.376775
2021-07-14,BRK-B,-0.003223,0.372337
2021-07-15,BRK-B,0.005066,0.37929
2021-07-16,BRK-B,-0.006507,0.370316
2021-07-19,BRK-B,-0.018856,0.344477
2021-07-20,BRK-B,0.015514,0.365335
2021-07-21,BRK-B,0.010798,0.380079
2021-07-22,BRK-B,-0.007789,0.369329
2021-07-23,BRK-B,0.002845,0.373225
2021-07-26,BRK-B,0.001113,0.374753
2021-07-27,BRK-B,0.007102,0.384517
2021-07-28,BRK-B,-0.009545,0.371302
2021-07-29,BRK-B,0.005969,0.379487
2021-07-30,BRK-B,-0.005255,0.372239
2021-08-02,BRK-B,-0.000539,0.371499
2021-08-03,BRK-B,0.013159,0.389546
2021-08-04,BRK-B,-0.010717,0.374655
2021-08-05,BRK-B,0.005129,0.381706
2021-08-06,BRK-B,0.019343,0.408432
2021-08-09,BRK-B,0.005602,0.416322
2021-08-10,BRK-B,0.005953,0.424753
2021-08-11,BRK-B,0.008099,0.436292
2021-08-12,BRK-B,-0.00357,0.431164
2021-08-13,BRK-B,-0.008097,0.419576
2021-08-16,BRK-B,0.005419,0.427268
2021-08-17,BRK-B,-0.001209,0.425542
2021-08-18,BRK-B,-0.009478,0.412031
2021-08-19,BRK-B,-0.004295,0.405966
2021-08-20,BRK-B,0.000491,0.406657
2021-08-23,BRK-B,0.001227,0.408383
2021-08-24,BRK-B,0.0014,0.410355
2021-08-25,BRK-B,0.004475,0.416667
2021-08-26,BRK-B,-0.007066,0.406657
2021-08-27,BRK-B,0.004662,0.413215
2021-08-30,BRK-B,-0.00328,0.40858
2021-08-31,BRK-B,0.000385,0.409122
2021-09-01,BRK-B,-0.001785,0.406608
2021-09-02,BRK-B,-0.000736,0.405572
2021-09-03,BRK-B,-0.011086,0.38999
2021-09-07,BRK-B,-0.010607,0.375246
2021-09-08,BRK-B,0.001578,0.377416
2021-09-09,BRK-B,-0.002613,0.373816
2021-09-10,BRK-B,-0.003625,0.368836
2021-09-13,BRK-B,0.008357,0.380276
2021-09-14,BRK-B,-0.009717,0.366864
2021-09-15,BRK-B,0.003535,0.371696
2021-09-16,BRK-B,-0.002408,0.368393
2021-09-17,BRK-B,-0.002703,0.364694
2021-09-20,BRK-B,-0.00925,0.352071
2021-09-21,BRK-B,-0.00372,0.347041
2021-09-22,BRK-B,0.003258,0.35143
2021-09-23,BRK-B,0.014777,0.3714
2021-09-24,BRK-B,-0.000899,0.370168
2021-09-27,BRK-B,0.006658,0.37929
2021-09-28,BRK-B,-0.010475,0.364842
2021-09-29,BRK-B,0.001806,0.367308
2021-09-30,BRK-B,-0.015688,0.345858
2021-10-01,BRK-B,0.010149,0.359517
2021-10-04,BRK-B,-0.007508,0.34931
2021-10-05,BRK-B,0.016116,0.371055
2021-10-06,BRK-B,0.007804,0.381755
2021-10-07,BRK-B,0.009742,0.395217
2021-10-08,BRK-B,0.004206,0.401085
2021-10-11,BRK-B,-0.011297,0.385256
2021-10-12,BRK-B,-0.008223,0.373866
2021-10-13,BRK-B,-0.002584,0.370316
2021-10-14,BRK-B,0.013458,0.388757
2021-10-15,BRK-B,0.009125,0.40143
2021-10-18,BRK-B,-0.0057,0.393442
2021-10-19,BRK-B,0.007927,0.404487
2021-10-20,BRK-B,0.009339,0.417603
2021-10-21,BRK-B,-0.00233,0.4143
2021-10-22,BRK-B,0.008437,0.426233
2021-10-25,BRK-B,0.003527,0.431262
2021-10-26,BRK-B,0.002033,0.434172
2021-10-27,BRK-B,-0.010555,0.419034
2021-10-28,BRK-B,0.006741,0.4286
2021-10-29,BRK-B,-0.009354,0.415237
2021-11-01,BRK-B,-0.002683,0.41144
2021-11-02,BRK-B,0.005904,0.419773
2021-11-03,BRK-B,0.002744,0.423669
2021-11-04,BRK-B,-0.003567,0.41859
2021-11-05,BRK-B,0.00066,0.419527
2021-11-08,BRK-B,0.003196,0.424063
2021-11-09,BRK-B,-0.008483,0.411982
2021-11-10,BRK-B,-0.003597,0.406903
2021-11-11,BRK-B,-0.002348,0.4036
2021-11-12,BRK-B,0.004708,0.410207
2021-11-15,BRK-B,-0.004615,0.403698
2021-11-16,BRK-B,-0.004602,0.397239
2021-11-17,BRK-B,-0.006246,0.388511
2021-11-18,BRK-B,-0.003409,0.383777
2021-11-19,BRK-B,-0.002281,0.380621
2021-11-22,BRK-B,0.017786,0.405177
2021-11-23,BRK-B,0.012598,0.42288
2021-11-24,BRK-B,-0.004436,0.416568
2021-11-26,BRK-B,-0.014585,0.395907
2021-11-29,BRK-B,-0.003426,0.391124
2021-11-30,BRK-B,-0.019247,0.364349
2021-12-01,BRK-B,-0.006108,0.356016
2021-12-02,BRK-B,0.014873,0.376183
2021-12-03,BRK-B,-0.005948,0.367998
2021-12-06,BRK-B,0.014238,0.387475
2021-12-07,BRK-B,0.012759,0.405177
2021-12-08,BRK-B,-0.004386,0.399014
2021-12-09,BRK-B,0.00282,0.402959
2021-12-10,BRK-B,0.01304,0.421252
2021-12-13,BRK-B,0.006176,0.43003
2021-12-14,BRK-B,0.01731,0.454783
2021-12-15,BRK-B,-0.001525,0.452564
2021-12-16,BRK-B,0.018976,0.480128
2021-12-17,BRK-B,-0.021688,0.448028
2021-12-20,BRK-B,-0.013792,0.428057
2021-12-21,BRK-B,0.012534,0.445957
2021-12-22,BRK-B,0.00399,0.451726
2021-12-23,BRK-B,0.000272,0.45212
2021-12-27,BRK-B,0.007403,0.46287
2021-12-28,BRK-B,0.005461,0.470858
2021-12-29,BRK-B,0.003922,0.476627
2021-12-30,BRK-B,0.001737,0.479191
2021-12-31,BRK-B,-0.003267,0.474359
2022-01-03,BRK-B,0.005987,0.483185
2022-01-04,BRK-B,0.025732,0.521351
2022-01-05,BRK-B,0.004505,0.528205
2022-01-06,BRK-B,0.010648,0.544477
2022-01-07,BRK-B,0.020944,0.576824
2022-01-10,BRK-B,-0.002658,0.572633
2022-01-11,BRK-B,0.002728,0.576923
2022-01-12,BRK-B,0.001845,0.579832
2022-01-13,BRK-B,0.002715,0.584122
2022-01-14,BRK-B,0.008934,0.598274
2022-01-18,BRK-B,-0.011847,0.579339
2022-01-19,BRK-B,-0.017297,0.552022
2022-01-20,BRK-B,-0.011882,0.53358
2022-01-21,BRK-B,-0.018617,0.50503
2022-01-24,BRK-B,-0.004882,0.497682
2022-01-25,BRK-B,0.011392,0.514744
2022-01-26,BRK-B,0.006739,0.524951
2022-01-27,BRK-B,-0.005141,0.51711
2022-01-28,BRK-B,0.016999,0.542899
2022-01-31,BRK-B,0.000383,0.543491
2022-02-01,BRK-B,0.003003,0.548126
2022-02-02,BRK-B,0.017964,0.575937
2022-02-03,BRK-B,-0.013673,0.554389
2022-02-04,BRK-B,-0.000761,0.553205
2022-02-07,BRK-B,0.004826,0.5607
2022-02-08,BRK-B,0.015576,0.58501
2022-02-09,BRK-B,0.002924,0.589645
2022-02-10,BRK-B,-0.007848,0.57717
2022-02-11,BRK-B,-0.00222,0.573669
2022-02-14,BRK-B,-0.015228,0.549704
2022-02-15,BRK-B,0.006109,0.559172
2022-02-16,BRK-B,-0.001739,0.55646
2022-02-17,BRK-B,-0.006653,0.546104
2022-02-18,BRK-B,0.003987,0.552268
2022-02-22,BRK-B,-0.002033,0.549112
2022-02-23,BRK-B,-0.013274,0.52855
2022-02-24,BRK-B,-0.005516,0.520118
2022-02-25,BRK-B,0.035552,0.574162
2022-02-28,BRK-B,0.006923,0.585059
2022-03-01,BRK-B,-0.014341,0.562327
2022-03-02,BRK-B,0.021462,0.595858
2022-03-03,BRK-B,0.012668,0.616075
2022-03-04,BRK-B,-0.007323,0.604241
2022-03-07,BRK-B,-0.008053,0.591321
2022-03-08,BRK-B,-0.013014,0.570611
2022-03-09,BRK-B,0.0216,0.604536
2022-03-10,BRK-B,-0.000307,0.604043
2022-03-11,BRK-B,0.003996,0.610454
2022-03-14,BRK-B,0.010349,0.62712
2022-03-15,BRK-B,0.007788,0.639793
2022-03-16,BRK-B,0.010705,0.657347
2022-03-17,BRK-B,0.02636,0.701035
2022-03-18,BRK-B,-0.007421,0.688412
2022-03-21,BRK-B,0.021173,0.724162
2022-03-22,BRK-B,0.000772,0.725493
2022-03-23,BRK-B,-0.005058,0.716765
2022-03-24,BRK-B,0.012092,0.737525
2022-03-25,BRK-B,0.018134,0.769034
2022-03-28,BRK-B,0.002258,0.773028
2022-03-29,BRK-B,-0.012376,0.751085
2022-03-30,BRK-B,0.007012,0.763363
2022-03-31,BRK-B,-0.013143,0.740187
2022-04-01,BRK-B,-0.002919,0.735108
2022-04-04,BRK-B,-0.01833,0.703304
2022-04-05,BRK-B,-0.001824,0.700197
2022-04-06,BRK-B,-0.000261,0.699753
2022-04-07,BRK-B,0.005222,0.708629
2022-04-08,BRK-B,0.019018,0.741124
2022-04-11,BRK-B,-0.003059,0.735799
2022-04-12,BRK-B,-0.006477,0.724556
2022-04-13,BRK-B,-0.010065,0.707199
2022-04-14,BRK-B,-0.005459,0.69788
2022-04-18,BRK-B,0.006738,0.709319
2022-04-19,BRK-B,0.005337,0.718442
2022-04-20,BRK-B,0.000918,0.72002
2022-04-21,BRK-B,-0.014965,0.69428
2022-04-22,BRK-B,-0.023399,0.654635
2022-04-25,BRK-B,0.004142,0.661489
2022-04-26,BRK-B,-0.018697,0.630424
2022-04-27,BRK-B,-0.003236,0.625148
2022-04-28,BRK-B,0.005128,0.633481
2022-04-29,BRK-B,-0.025478,0.591864
2022-05-02,BRK-B,-0.014373,0.568984
2022-05-03,BRK-B,0.002514,0.572929
2022-05-04,BRK-B,0.024484,0.61144
2022-05-05,BRK-B,-0.024847,0.5714
2022-05-06,BRK-B,0.000628,0.572387
2022-05-09,BRK-B,-0.018565,0.543195
2022-05-10,BRK-B,-0.001374,0.541075
2022-05-11,BRK-B,-0.003168,0.536193
2022-05-12,BRK-B,-0.01117,0.519033
2022-05-13,BRK-B,0.007466,0.530375
2022-05-16,BRK-B,-0.003448,0.525099
2022-05-17,BRK-B,0.017168,0.551282
2022-05-18,BRK-B,-0.025302,0.512032
2022-05-19,BRK-B,-0.00812,0.499753
2022-05-20,BRK-B,-0.000329,0.49926
2022-05-23,BRK-B,0.020227,0.529586
2022-05-24,BRK-B,-0.00332,0.524507
2022-05-25,BRK-B,-0.001714,0.521894
2022-05-26,BRK-B,0.012506,0.540927
2022-05-27,BRK-B,0.021152,0.573521
2022-05-31,BRK-B,-0.009808,0.558087
2022-06-01,BRK-B,-0.011931,0.539497
2022-06-02,BRK-B,0.008776,0.553008
2022-06-03,BRK-B,-0.012732,0.533235
2022-06-06,BRK-B,0.003891,0.539201
2022-06-07,BRK-B,0.004805,0.546598
2022-06-08,BRK-B,-0.015654,0.522387
2022-06-09,BRK-B,-0.025717,0.483235
2022-06-10,BRK-B,-0.030219,0.438412
2022-06-13,BRK-B,-0.034795,0.388363
2022-06-14,BRK-B,-0.013922,0.369034
2022-06-15,BRK-B,0.004646,0.375394
2022-06-16,BRK-B,-0.037178,0.32426
2022-06-17,BRK-B,-0.001787,0.321893
2022-06-21,BRK-B,0.013765,0.340089
2022-06-22,BRK-B,-0.007286,0.330325
2022-06-23,BRK-B,-0.008414,0.319132
2022-06-24,BRK-B,0.040221,0.372189
2022-06-27,BRK-B,0.000431,0.372781
2022-06-28,BRK-B,-0.016308,0.350394
2022-06-29,BRK-B,-0.001351,0.34857
2022-06-30,BRK-B,-0.001719,0.346252
2022-07-01,BRK-B,0.016409,0.368343
2022-07-05,BRK-B,-0.006523,0.359418
2022-07-06,BRK-B,-0.000145,0.359221
2022-07-07,BRK-B,0.013169,0.37712
2022-07-08,BRK-B,0.00555,0.384763
2022-07-11,BRK-B,-0.008261,0.373323
2022-07-12,BRK-B,-0.004416,0.367258
2022-07-13,BRK-B,0.000685,0.368195
2022-07-14,BRK-B,-0.011028,0.353107
2022-07-15,BRK-B,0.014832,0.373176
2022-07-18,BRK-B,-0.007972,0.362229
2022-07-19,BRK-B,0.026388,0.398175
2022-07-20,BRK-B,0.008782,0.410454
2022-07-21,BRK-B,0.002832,0.414448
2022-07-22,BRK-B,-0.003207,0.409911
2022-07-25,BRK-B,0.007205,0.420069
2022-07-26,BRK-B,-0.009306,0.406854
2022-07-27,BRK-B,0.01749,0.431459
2022-07-28,BRK-B,0.012401,0.449211
2022-07-29,BRK-B,0.022797,0.482249
2022-08-01,BRK-B,-0.015769,0.458876
2022-08-02,BRK-B,-0.012472,0.440681
2022-08-03,BRK-B,0.009549,0.454438
2022-08-04,BRK-B,-0.00695,0.444329
2022-08-05,BRK-B,-0.002868,0.440187
2022-08-08,BRK-B,0.000924,0.441519
2022-08-09,BRK-B,0.001471,0.443639
2022-08-10,BRK-B,0.007993,0.455177
2022-08-11,BRK-B,0.004609,0.461884
2022-08-12,BRK-B,0.017135,0.486933
2022-08-15,BRK-B,0.004212,0.493195
2022-08-16,BRK-B,0.012648,0.512081
2022-08-17,BRK-B,-0.007794,0.500296
2022-08-18,BRK-B,3.3e-05,0.500345
2022-08-19,BRK-B,-0.022973,0.465878
2022-08-22,BRK-B,-0.028895,0.423521
2022-08-23,BRK-B,0.003325,0.428254
2022-08-24,BRK-B,0.013361,0.447337
2022-08-25,BRK-B,0.015706,0.470069
2022-08-26,BRK-B,-0.027404,0.429783
2022-08-29,BRK-B,-0.008656,0.417406
2022-08-30,BRK-B,-0.007062,0.407396
2022-08-31,BRK-B,-0.016187,0.384615
2022-09-01,BRK-B,0.005805,0.392653
2022-09-02,BRK-B,-0.016854,0.369182
2022-09-06,BRK-B,-0.00389,0.363856
2022-09-07,BRK-B,0.016089,0.385799
2022-09-08,BRK-B,0.008184,0.39714
2022-09-09,BRK-B,0.008576,0.409122
2022-09-12,BRK-B,0.009588,0.422633
2022-09-13,BRK-B,-0.035423,0.372239
2022-09-14,BRK-B,0.000467,0.37288
2022-09-15,BRK-B,-0.006178,0.364398
2022-09-16,BRK-B,-0.006831,0.355079
2022-09-19,BRK-B,0.015065,0.375493
2022-09-20,BRK-B,-0.006524,0.366519
2022-09-21,BRK-B,-0.023058,0.33501
2022-09-22,BRK-B,-0.008237,0.324014
2022-09-23,BRK-B,-0.002756,0.320365
2022-09-26,BRK-B,-0.012884,0.303353
2022-09-27,BRK-B,0.004351,0.309024
2022-09-28,BRK-B,0.023769,0.340138
2022-09-29,BRK-B,-0.008095,0.32929
2022-09-30,BRK-B,-0.009496,0.316667
2022-10-03,BRK-B,0.021646,0.345168
2022-10-04,BRK-B,0.028189,0.383087
2022-10-05,BRK-B,-0.004029,0.377515
2022-10-06,BRK-B,-0.010918,0.362475
2022-10-07,BRK-B,-0.026311,0.326627
2022-10-10,BRK-B,-0.007843,0.316223
2022-10-11,BRK-B,0.001424,0.318097
2022-10-12,BRK-B,-0.012383,0.301775
2022-10-13,BRK-B,0.044621,0.359862
2022-10-14,BRK-B,-0.011277,0.344527
2022-10-17,BRK-B,0.015953,0.365976
2022-10-18,BRK-B,0.016786,0.388905
2022-10-19,BRK-B,-0.011822,0.372485
2022-10-20,BRK-B,-0.017281,0.348767
2022-10-21,BRK-B,0.03283,0.393047
2022-10-24,BRK-B,0.017592,0.417554
2022-10-25,BRK-B,0.006122,0.426233
2022-10-26,BRK-B,-0.002489,0.422682
2022-10-27,BRK-B,0.004714,0.429389
2022-10-28,BRK-B,0.033635,0.477465
2022-10-31,BRK-B,-0.015152,0.455079
2022-11-01,BRK-B,-0.003253,0.450345
2022-11-02,BRK-B,-0.015877,0.427317
2022-11-03,BRK-B,-0.019381,0.399655
2022-11-04,BRK-B,0.012753,0.417505
2022-11-07,BRK-B,0.009462,0.430917
2022-11-08,BRK-B,0.008339,0.44285
2022-11-09,BRK-B,-0.013533,0.423323
2022-11-10,BRK-B,0.050407,0.495069
2022-11-11,BRK-B,0.021504,0.527219
2022-11-14,BRK-B,-0.002615,0.523225
2022-11-15,BRK-B,0.003464,0.528501
2022-11-16,BRK-B,-0.003936,0.522485
2022-11-17,BRK-B,-0.004275,0.515976
2022-11-18,BRK-B,0.010799,0.532347
2022-11-21,BRK-B,0.001416,0.534517
2022-11-22,BRK-B,0.014653,0.557002
2022-11-23,BRK-B,0.00133,0.559073
2022-11-25,BRK-B,0.003953,0.565237
2022-11-28,BRK-B,-0.013105,0.544724
2022-11-29,BRK-B,0.005937,0.553895
2022-11-30,BRK-B,0.011011,0.571006
2022-12-01,BRK-B,-0.008663,0.557396
2022-12-02,BRK-B,0.000982,0.558925
2022-12-05,BRK-B,-0.01765,0.53141
2022-12-06,BRK-B,-0.008984,0.517653
2022-12-07,BRK-B,-0.006368,0.507988
2022-12-08,BRK-B,0.000556,0.508826
2022-12-09,BRK-B,0.001307,0.510799
2022-12-12,BRK-B,0.016515,0.53575
2022-12-13,BRK-B,0.002825,0.540089
2022-12-14,BRK-B,-0.009733,0.525099
2022-12-15,BRK-B,-0.023861,0.488708
2022-12-16,BRK-B,-0.006326,0.47929
2022-12-19,BRK-B,0.0001,0.479438
2022-12-20,BRK-B,0.006566,0.489152
2022-12-21,BRK-B,0.019272,0.51785
2022-12-22,BRK-B,-0.016666,0.492554
2022-12-23,BRK-B,0.012554,0.511292
2022-12-27,BRK-B,-0.003067,0.506657
2022-12-28,BRK-B,-0.006938,0.496203
2022-12-29,BRK-B,0.018555,0.523964
2022-12-30,BRK-B,-0.000518,0.523175
2023-01-03,BRK-B,0.00327,0.528156
2023-01-04,BRK-B,0.014972,0.551035
2023-01-05,BRK-B,-0.005246,0.542899
2023-01-06,BRK-B,0.018504,0.57145
2023-01-09,BRK-B,-0.009916,0.555868
2023-01-10,BRK-B,0.002599,0.559911
2023-01-11,BRK-B,0.012707,0.579734
2023-01-12,BRK-B,-0.004495,0.572633
2023-01-13,BRK-B,-0.004045,0.566272
2023-01-17,BRK-B,-0.008752,0.552564
2023-01-18,BRK-B,-0.020835,0.520217
2023-01-19,BRK-B,-0.009958,0.505079
2023-01-20,BRK-B,0.015202,0.527959
2023-01-23,BRK-B,0.001775,0.530671
2023-01-24,BRK-B,0.002835,0.53501
2023-01-25,BRK-B,0.001927,0.537968
2023-01-26,BRK-B,-0.003046,0.533284
2023-01-27,BRK-B,-0.005724,0.524507
2023-01-30,BRK-B,-0.005952,0.515434
2023-01-31,BRK-B,0.013634,0.536095
2023-02-01,BRK-B,-0.00305,0.53141
2023-02-02,BRK-B,0.004154,0.537771
2023-02-03,BRK-B,-0.010742,0.521252
2023-02-06,BRK-B,-0.000259,0.520858
2023-02-07,BRK-B,0.01472,0.543245
2023-02-08,BRK-B,-0.014346,0.521105
2023-02-09,BRK-B,-0.004117,0.514842
2023-02-10,BRK-B,0.008724,0.528057
2023-02-13,BRK-B,0.012424,0.547041
2023-02-14,BRK-B,-0.009403,0.532495
2023-02-15,BRK-B,-0.003732,0.526775
2023-02-16,BRK-B,-0.004683,0.519625
2023-02-17,BRK-B,0.000195,0.519921
2023-02-21,BRK-B,-0.017908,0.492702
2023-02-22,BRK-B,0.001453,0.494872
2023-02-23,BRK-B,-0.000297,0.494428
2023-02-24,BRK-B,0.003135,0.499112
2023-02-27,BRK-B,0.002105,0.502268
2023-02-28,BRK-B,0.001707,0.504832
2023-03-01,BRK-B,-0.001835,0.502071
2023-03-02,BRK-B,0.010275,0.517505
2023-03-03,BRK-B,0.015272,0.540681
2023-03-06,BRK-B,0.014466,0.562968
2023-03-07,BRK-B,-0.018456,0.534122
2023-03-08,BRK-B,0.000804,0.535355
2023-03-09,BRK-B,-0.021036,0.503057
2023-03-10,BRK-B,-0.003904,0.497189
2023-03-13,BRK-B,-0.00247,0.493491
2023-03-14,BRK-B,0.008089,0.505572
2023-03-15,BRK-B,-0.0244,0.468836
2023-03-16,BRK-B,0.013865,0.489201
2023-03-17,BRK-B,-0.028145,0.447288
2023-03-20,BRK-B,0.025723,0.484517
2023-03-21,BRK-B,0.009267,0.498274
2023-03-22,BRK-B,-0.013559,0.477959
2023-03-23,BRK-B,-0.004537,0.471252
2023-03-24,BRK-B,0.001843,0.473965
2023-03-27,BRK-B,0.010772,0.489842
2023-03-28,BRK-B,0.000596,0.49073
2023-03-29,BRK-B,0.009857,0.505424
2023-03-30,BRK-B,-0.000721,0.504339
2023-03-31,BRK-B,0.012095,0.522534
2023-04-03,BRK-B,0.004988,0.530128
2023-04-04,BRK-B,-0.003996,0.524014
2023-04-05,BRK-B,0.004271,0.530523
2023-04-06,BRK-B,0.00683,0.540976
2023-04-10,BRK-B,0.000352,0.541519
2023-04-11,BRK-B,0.003455,0.546844
2023-04-12,BRK-B,0.00271,0.551035
2023-04-13,BRK-B,0.011127,0.568294
2023-04-14,BRK-B,0.005314,0.576627
2023-04-17,BRK-B,0.012667,0.596598
2023-04-18,BRK-B,0.002594,0.60074
2023-04-19,BRK-B,-0.004744,0.593146
2023-04-20,BRK-B,0.002259,0.596746
2023-04-21,BRK-B,0.001575,0.59926
2023-04-24,BRK-B,0.005303,0.607742
2023-04-25,BRK-B,-0.005245,0.59931
2023-04-26,BRK-B,-0.011747,0.580523
2023-04-27,BRK-B,0.017783,0.608629
2023-04-28,BRK-B,0.007111,0.620069
2023-05-01,BRK-B,0.004931,0.628057
2023-05-02,BRK-B,-0.013054,0.606805
2023-05-03,BRK-B,-0.008102,0.593787
2023-05-04,BRK-B,-0.009962,0.577909
2023-05-05,BRK-B,0.012125,0.597041
2023-05-08,BRK-B,0.006978,0.608185
2023-05-09,BRK-B,-0.003894,0.601923
2023-05-10,BRK-B,-0.005787,0.592653
2023-05-11,BRK-B,-0.001084,0.590927
2023-05-12,BRK-B,-0.000465,0.590187
2023-05-15,BRK-B,0.003225,0.595316
2023-05-16,BRK-B,0.00068,0.5964
2023-05-17,BRK-B,0.011243,0.614349
2023-05-18,BRK-B,0.007239,0.626036
2023-05-19,BRK-B,0.00191,0.629142
2023-05-22,BRK-B,-0.003814,0.622929
2023-05-23,BRK-B,-0.018291,0.593244
2023-05-24,BRK-B,-0.009006,0.578895
2023-05-25,BRK-B,-0.003685,0.573077
2023-05-26,BRK-B,0.004953,0.580868
2023-05-30,BRK-B,0.004959,0.588708
2023-05-31,BRK-B,-0.003445,0.583235
2023-06-01,BRK-B,0.006354,0.593294
2023-06-02,BRK-B,0.019683,0.624655
2023-06-05,BRK-B,-0.002732,0.620217
2023-06-06,BRK-B,0.0147,0.644034
2023-06-07,BRK-B,0.006029,0.653945
2023-06-08,BRK-B,0.00158,0.656558
2023-06-09,BRK-B,-0.001965,0.653304
2023-06-12,BRK-B,-0.00504,0.64497
2023-06-13,BRK-B,0.008363,0.658728
2023-06-14,BRK-B,-0.001457,0.656312
2023-06-15,BRK-B,0.01167,0.675641
2023-06-16,BRK-B,-0.004444,0.668195
2023-06-20,BRK-B,0.001064,0.66997
2023-06-21,BRK-B,-0.000177,0.669674
2023-06-22,BRK-B,-0.004873,0.661538
2023-06-23,BRK-B,-0.005075,0.653106
2023-06-26,BRK-B,-0.003371,0.647534
2023-06-27,BRK-B,0.003651,0.65355
2023-06-28,BRK-B,-0.003549,0.647682
2023-06-29,BRK-B,0.00826,0.661292
2023-06-30,BRK-B,0.01214,0.68146
2023-07-03,BRK-B,0.002933,0.686391
2023-07-05,BRK-B,-0.001287,0.684221
2023-07-06,BRK-B,-0.000293,0.683728
2023-07-07,BRK-B,-0.00164,0.680966
2023-07-10,BRK-B,0.000675,0.682101
2023-07-11,BRK-B,0.006566,0.693146
2023-07-12,BRK-B,0.005766,0.702909
2023-07-13,BRK-B,-0.005241,0.693984
2023-07-14,BRK-B,-0.007132,0.681903
2023-07-17,BRK-B,0.009264,0.697485
2023-07-18,BRK-B,0.003166,0.70286
2023-07-19,BRK-B,-0.008426,0.688511
2023-07-20,BRK-B,0.012207,0.709122
2023-07-21,BRK-B,-0.002452,0.704931
2023-07-24,BRK-B,0.011193,0.724014
2023-07-25,BRK-B,-0.005863,0.713905
2023-07-26,BRK-B,0.006387,0.724852
2023-07-27,BRK-B,-0.001401,0.722436
2023-07-28,BRK-B,0.001431,0.724901
2023-07-31,BRK-B,0.006146,0.735503
2023-08-01,BRK-B,0.000852,0.736982
2023-08-02,BRK-B,-0.003038,0.731706
2023-08-03,BRK-B,0.00746,0.744625
2023-08-04,BRK-B,-0.010797,0.725789
2023-08-07,BRK-B,0.035972,0.78787
2023-08-08,BRK-B,0.003172,0.79354
2023-08-09,BRK-B,-0.015699,0.765385
2023-08-10,BRK-B,-0.002905,0.760256
2023-08-11,BRK-B,0.003838,0.767012
2023-08-14,BRK-B,0.000363,0.767653
2023-08-15,BRK-B,-0.011102,0.748028
2023-08-16,BRK-B,-0.0011,0.746104
2023-08-17,BRK-B,-0.002598,0.741568
2023-08-18,BRK-B,-0.001784,0.738462
2023-08-21,BRK-B,-0.001333,0.736144
2023-08-22,BRK-B,-0.004317,0.728649
2023-08-23,BRK-B,0.010526,0.746844
2023-08-24,BRK-B,0.000113,0.747041
2023-08-25,BRK-B,0.004601,0.755079
2023-08-28,BRK-B,-0.001068,0.753205
2023-08-29,BRK-B,0.007706,0.766716
2023-08-30,BRK-B,0.007731,0.780375
2023-08-31,BRK-B,-0.002382,0.776134
2023-09-01,BRK-B,0.006274,0.787278
2023-09-05,BRK-B,-0.00549,0.777465
2023-09-06,BRK-B,0.003329,0.783383
2023-09-07,BRK-B,0.000359,0.784024
2023-09-08,BRK-B,0.003731,0.79068
2023-09-11,BRK-B,0.006526,0.802367
2023-09-12,BRK-B,0.006183,0.813511
2023-09-13,BRK-B,0.000109,0.813708
2023-09-14,BRK-B,0.004567,0.821992
2023-09-15,BRK-B,-0.004438,0.813905
2023-09-18,BRK-B,0.006986,0.826578
2023-09-19,BRK-B,0.000135,0.826824
2023-09-20,BRK-B,-0.009879,0.808777
2023-09-21,BRK-B,-0.009651,0.791321
2023-09-22,BRK-B,-0.008588,0.775937
2023-09-25,BRK-B,0.004304,0.78358
2023-09-26,BRK-B,-0.006331,0.772288
2023-09-27,BRK-B,-0.004563,0.764201
2023-09-28,BRK-B,-0.002012,0.760651
2023-09-29,BRK-B,-0.018932,0.727317
2023-10-02,BRK-B,-0.006337,0.716371
2023-10-03,BRK-B,-0.014479,0.691519
2023-10-04,BRK-B,0.001895,0.694724
2023-10-05,BRK-B,0.003986,0.701479
2023-10-06,BRK-B,0.003709,0.707791
2023-10-09,BRK-B,-0.00257,0.703402
2023-10-10,BRK-B,0.009003,0.718738
2023-10-11,BRK-B,-0.000373,0.718097
2023-10-12,BRK-B,-0.00795,0.704438
2023-10-13,BRK-B,-0.001649,0.701627
2023-10-16,BRK-B,0.003304,0.707249
2023-10-17,BRK-B,-0.002426,0.703107
2023-10-18,BRK-B,-0.013029,0.680917
2023-10-19,BRK-B,-0.006542,0.669921
2023-10-20,BRK-B,-0.008268,0.656114
2023-10-23,BRK-B,0.002918,0.660947
2023-10-24,BRK-B,0.005314,0.669773
2023-10-25,BRK-B,-0.005109,0.661243
2023-10-26,BRK-B,-0.002196,0.657594
2023-10-27,BRK-B,-0.013238,0.635651
2023-10-30,BRK-B,0.017184,0.663757
2023-10-31,BRK-B,0.011618,0.683087
2023-11-01,BRK-B,0.00709,0.69502
2023-11-02,BRK-B,0.015331,0.721006
2023-11-03,BRK-B,0.007994,0.734763
2023-11-06,BRK-B,-0.014724,0.709221
2023-11-07,BRK-B,-0.001327,0.706953
2023-11-08,BRK-B,0.000375,0.707594
2023-11-09,BRK-B,0.005429,0.716864
2023-11-10,BRK-B,0.006836,0.7286
2023-11-13,BRK-B,-0.001569,0.725888
2023-11-14,BRK-B,0.012114,0.746795
2023-11-15,BRK-B,0.00717,0.75932
2023-11-16,BRK-B,0.008604,0.774457
2023-11-17,BRK-B,-0.002584,0.769872
2023-11-20,BRK-B,0.006687,0.781706
2023-11-21,BRK-B,-0.000913,0.780079
2023-11-22,BRK-B,0.002216,0.784024
2023-11-24,BRK-B,0.002432,0.788363
2023-11-27,BRK-B,-0.003695,0.781755
2023-11-28,BRK-B,-0.00357,0.775394
2023-11-29,BRK-B,-0.003777,0.768688
2023-11-30,BRK-B,0.003652,0.775148
2023-12-01,BRK-B,-0.008139,0.7607
2023-12-04,BRK-B,-0.001148,0.758678
2023-12-05,BRK-B,-0.00457,0.750641
2023-12-06,BRK-B,-0.007464,0.737574
2023-12-07,BRK-B,0.000908,0.739152
2023-12-08,BRK-B,0.001077,0.741026
2023-12-11,BRK-B,0.011272,0.760651
2023-12-12,BRK-B,0.00829,0.775246
2023-12-13,BRK-B,0.005583,0.785158
2023-12-14,BRK-B,-0.0108,0.765878
2023-12-15,BRK-B,-0.004524,0.75789
2023-12-18,BRK-B,0.008836,0.773422
2023-12-19,BRK-B,0.005978,0.784024
2023-12-20,BRK-B,-0.017827,0.752219
2023-12-21,BRK-B,0.002223,0.756114
2023-12-22,BRK-B,0.000927,0.757742
2023-12-26,BRK-B,0.00101,0.759517
2023-12-27,BRK-B,0.000336,0.760109
2023-12-28,BRK-B,0.001737,0.763166
2023-12-29,BRK-B,-0.002545,0.758678
2024-01-02,BRK-B,0.016262,0.787278
2024-01-03,BRK-B,0.011836,0.808432
2024-01-04,BRK-B,-0.008371,0.793294
2024-01-05,BRK-B,0.005252,0.802712
2024-01-08,BRK-B,0.007084,0.815483
2024-01-09,BRK-B,-0.003477,0.809172
2024-01-10,BRK-B,0.00278,0.814201
2024-01-11,BRK-B,-0.012448,0.791617
2024-01-12,BRK-B,0.000771,0.792998
2024-01-16,BRK-B,-0.00693,0.780572
2024-01-17,BRK-B,-0.005012,0.771647
2024-01-18,BRK-B,0.0086,0.786884
2024-01-19,BRK-B,0.012721,0.809615
2024-01-22,BRK-B,0.002916,0.814891
2024-01-23,BRK-B,0.011085,0.83501
2024-01-24,BRK-B,0.011958,0.856953
2024-01-25,BRK-B,0.011312,0.877959
2024-01-26,BRK-B,0.011947,0.900394
2024-01-29,BRK-B,-0.00576,0.889448
2024-01-30,BRK-B,0.010361,0.909024
2024-01-31,BRK-B,-0.008808,0.892209
2024-02-01,BRK-B,0.007036,0.905523
2024-02-02,BRK-B,0.011153,0.926775
2024-02-05,BRK-B,2.6e-05,0.926824
2024-02-06,BRK-B,0.007626,0.941519
2024-02-07,BRK-B,0.009956,0.960848
2024-02-08,BRK-B,-0.000428,0.96001
2024-02-09,BRK-B,0.002189,0.9643
2024-02-12,BRK-B,-0.001632,0.961095
2024-02-13,BRK-B,-0.007317,0.946745
2024-02-14,BRK-B,0.009828,0.965878
2024-02-15,BRK-B,0.011965,0.989398
2024-02-16,BRK-B,0.006296,1.001923
2024-02-20,BRK-B,0.002857,1.007643
2024-02-21,BRK-B,0.005158,1.017998
2024-02-22,BRK-B,0.014441,1.04714
2024-02-23,BRK-B,0.004962,1.057298
2024-02-26,BRK-B,-0.019366,1.017456
2024-02-27,BRK-B,-0.000562,1.016321
2024-02-28,BRK-B,0.007899,1.032249
2024-02-29,BRK-B,-0.006648,1.018738
2024-03-01,BRK-B,-0.005594,1.007446
2024-03-04,BRK-B,-0.009138,0.989103
2024-03-05,BRK-B,-0.006569,0.976035
2024-03-06,BRK-B,0.008035,0.991913
2024-03-07,BRK-B,-0.003886,0.984172
2024-03-08,BRK-B,0.001889,0.987919
2024-03-11,BRK-B,0.003994,0.995858
2024-03-12,BRK-B,0.000544,0.996943
2024-03-13,BRK-B,0.007778,1.012475
2024-03-14,BRK-B,-0.00343,1.005572
2024-03-15,BRK-B,0.003442,1.012475
2024-03-18,BRK-B,0.000686,1.013856
2024-03-19,BRK-B,0.008203,1.030375
2024-03-20,BRK-B,0.010564,1.051824
2024-03-21,BRK-B,-0.005599,1.040335
2024-03-22,BRK-B,-0.005268,1.029586
2024-03-25,BRK-B,-0.004082,1.021302
2024-03-26,BRK-B,0.004025,1.029438
2024-03-27,BRK-B,0.013023,1.055868
2024-03-28,BRK-B,0.008611,1.07357
2024-04-01,BRK-B,-0.000761,1.071992
2024-04-02,BRK-B,-0.003046,1.065681
2024-04-03,BRK-B,0.003151,1.072189
2024-04-04,BRK-B,-0.011708,1.047929
2024-04-05,BRK-B,0.007946,1.064201
2024-04-08,BRK-B,-0.00633,1.051134
2024-04-09,BRK-B,-0.003077,1.044822
2024-04-10,BRK-B,-0.013456,1.017308
2024-04-11,BRK-B,-0.003666,1.009911
2024-04-12,BRK-B,-0.010672,0.988462
2024-04-15,BRK-B,-0.007439,0.973669
2024-04-16,BRK-B,-0.008345,0.957199
2024-04-17,BRK-B,0.002066,0.961243
2024-04-18,BRK-B,0.005406,0.971844
2024-04-19,BRK-B,0.012978,0.997436
2024-04-22,BRK-B,0.009134,1.01568
2024-04-23,BRK-B,-9.8e-05,1.015483
2024-04-24,BRK-B,-0.006826,1.001726
2024-04-25,BRK-B,-0.002562,0.996598
2024-04-26,BRK-B,-0.00694,0.982742
2024-04-29,BRK-B,-0.002835,0.97712
2024-04-30,BRK-B,-0.01055,0.956262
2024-05-01,BRK-B,0.004663,0.965385
2024-05-02,BRK-B,0.005068,0.975345
2024-05-03,BRK-B,0.000674,0.976676
2024-05-06,BRK-B,0.010103,0.996647
2024-05-07,BRK-B,0.003013,1.002663
2024-05-08,BRK-B,0.000566,1.003797
2024-05-09,BRK-B,0.006029,1.015878
2024-05-10,BRK-B,0.007901,1.031805
2024-05-13,BRK-B,-0.002014,1.027712
2024-05-14,BRK-B,-0.002383,1.02288
2024-05-15,BRK-B,0.006143,1.035306
2024-05-16,BRK-B,0.000872,1.037081
2024-05-17,BRK-B,0.009247,1.055917
2024-05-20,BRK-B,-0.00945,1.036489
2024-05-21,BRK-B,0.003317,1.043245
2024-05-22,BRK-B,-0.000917,1.041371
2024-05-23,BRK-B,-0.01959,1.001381
2024-05-24,BRK-B,0.00377,1.008925
2024-05-28,BRK-B,-0.008615,0.991617
2024-05-29,BRK-B,0.00047,0.992554
2024-05-30,BRK-B,0.011186,1.014842
2024-05-31,BRK-B,0.01417,1.043392
2024-06-03,BRK-B,0.000941,1.045316
2024-06-04,BRK-B,-0.012681,1.019379
2024-06-05,BRK-B,0.000781,1.020957
2024-06-06,BRK-B,0.003001,1.027022
2024-06-07,BRK-B,0.006422,1.040039
2024-06-10,BRK-B,-0.007034,1.02569
2024-06-11,BRK-B,-0.005623,1.0143
2024-06-12,BRK-B,0.000661,1.015631
2024-06-13,BRK-B,-0.006972,1.001578
2024-06-14,BRK-B,-0.000936,0.999704
2024-06-17,BRK-B,0.004389,1.008481
2024-06-18,BRK-B,0.001547,1.011588
2024-06-20,BRK-B,0.002941,1.017505
2024-06-21,BRK-B,0.001149,1.019822
2024-06-24,BRK-B,0.010644,1.041322
2024-06-25,BRK-B,-0.007271,1.026479
2024-06-26,BRK-B,-0.001728,1.022978
2024-06-27,BRK-B,-0.005631,1.011588
2024-06-28,BRK-B,-0.002819,1.005917
2024-07-01,BRK-B,-0.003958,0.997978
2024-07-02,BRK-B,0.004714,1.007396
2024-07-03,BRK-B,-0.003267,1.000838
2024-07-05,BRK-B,0.013308,1.027466
2024-07-08,BRK-B,-0.005083,1.01716
2024-07-09,BRK-B,0.00352,1.02426
2024-07-10,BRK-B,0.007966,1.040385
2024-07-11,BRK-B,0.012059,1.06499
2024-07-12,BRK-B,0.013515,1.092899
2024-07-15,BRK-B,0.023513,1.14211
2024-07-16,BRK-B,0.010313,1.164201
2024-07-17,BRK-B,0.015288,1.197288
2024-07-18,BRK-B,-0.008505,1.1786
2024-07-19,BRK-B,-0.016636,1.142357
2024-07-22,BRK-B,0.003476,1.149803
2024-07-23,BRK-B,-0.004519,1.140089
2024-07-24,BRK-B,-0.002788,1.134122
2024-07-25,BRK-B,0.001132,1.136538
2024-07-26,BRK-B,0.010086,1.158087
2024-07-29,BRK-B,0.001485,1.161292
2024-07-30,BRK-B,0.00673,1.175838
2024-07-31,BRK-B,-0.006255,1.162229
2024-08-01,BRK-B,-0.015257,1.129241
2024-08-02,BRK-B,-0.00799,1.112229
2024-08-05,BRK-B,-0.034177,1.040039
2024-08-06,BRK-B,0.020352,1.081558
2024-08-07,BRK-B,0.01156,1.105621
2024-08-08,BRK-B,0.010585,1.127909
2024-08-09,BRK-B,0.000301,1.12855
2024-08-12,BRK-B,-0.002965,1.122239
2024-08-13,BRK-B,0.004693,1.132199
2024-08-14,BRK-B,0.014014,1.162081
2024-08-15,BRK-B,0.005405,1.173767
2024-08-16,BRK-B,0.008325,1.191864
2024-08-19,BRK-B,0.009584,1.21287
2024-08-20,BRK-B,-0.000914,1.210848
2024-08-21,BRK-B,-0.003925,1.20217
2024-08-22,BRK-B,0.005441,1.214152
2024-08-23,BRK-B,0.009688,1.235602
2024-08-26,BRK-B,0.002448,1.241075
2024-08-27,BRK-B,0.01351,1.271351
2024-08-28,BRK-B,0.008597,1.290878
2024-08-29,BRK-B,0.008136,1.309517
2024-08-30,BRK-B,0.01612,1.346746
2024-09-03,BRK-B,0.001912,1.351233
2024-09-04,BRK-B,0.003649,1.359813
2024-09-05,BRK-B,-0.028522,1.292505
2024-09-06,BRK-B,-0.01183,1.265385
2024-09-09,BRK-B,0.000414,1.266321
2024-09-10,BRK-B,-0.001501,1.262919
2024-09-11,BRK-B,-0.012682,1.234221
2024-09-12,BRK-B,-0.004922,1.223225
2024-09-13,BRK-B,-0.00723,1.20715
2024-09-16,BRK-B,0.009316,1.227712
2024-09-17,BRK-B,0.010846,1.251874
2024-09-18,BRK-B,-0.000175,1.251479
2024-09-19,BRK-B,0.006811,1.266815
2024-09-20,BRK-B,-0.009571,1.245118
2024-09-23,BRK-B,-0.000725,1.243491
2024-09-24,BRK-B,-0.000923,1.24142
2024-09-25,BRK-B,-0.00484,1.230572
2024-09-26,BRK-B,0.004023,1.239546
2024-09-27,BRK-B,0.007244,1.255769
2024-09-30,BRK-B,0.006099,1.269527
2024-10-01,BRK-B,-0.006192,1.255473
2024-10-02,BRK-B,-0.001618,1.251824
2024-10-03,BRK-B,-0.008124,1.23353
2024-10-04,BRK-B,0.019891,1.277959
2024-10-07,BRK-B,-0.018335,1.236193
2024-10-08,BRK-B,0.000661,1.237672
2024-10-09,BRK-B,0.004628,1.248028
2024-10-10,BRK-B,-0.002128,1.243245
2024-10-11,BRK-B,0.011606,1.26928
2024-10-14,BRK-B,-0.0005,1.268146
2024-10-15,BRK-B,0.00587,1.281459
2024-10-16,BRK-B,0.006506,1.296302
2024-10-17,BRK-B,0.000344,1.297091
2024-10-18,BRK-B,-0.002254,1.291913
2024-10-21,BRK-B,-0.001377,1.288757
2024-10-22,BRK-B,-0.005838,1.275395
2024-10-23,BRK-B,-0.00182,1.271252
2024-10-24,BRK-B,-0.006166,1.257248
2024-10-25,BRK-B,-0.008214,1.238708
2024-10-28,BRK-B,0.009868,1.260799
2024-10-29,BRK-B,-0.008441,1.241716
2024-10-30,BRK-B,0.000748,1.243392
2024-10-31,BRK-B,-0.00888,1.223471
2024-11-01,BRK-B,0.002706,1.229487
2024-11-04,BRK-B,-0.021785,1.180917
2024-11-05,BRK-B,0.006263,1.194576
2024-11-06,BRK-B,0.053566,1.31213
2024-11-07,BRK-B,-0.018703,1.268886
2024-11-08,BRK-B,0.007128,1.285059
2024-11-11,BRK-B,0.008524,1.304536
2024-11-12,BRK-B,-0.002289,1.29926
2024-11-13,BRK-B,0.003882,1.308185
2024-11-14,BRK-B,-0.000855,1.306213
2024-11-15,BRK-B,0.005516,1.318935
2024-11-18,BRK-B,0.004083,1.328402
2024-11-19,BRK-B,-0.007073,1.311933
2024-11-20,BRK-B,-6.4e-05,1.311785
2024-11-21,BRK-B,0.00689,1.327712
2024-11-22,BRK-B,0.009554,1.349951
2024-11-25,BRK-B,0.001805,1.354191
2024-11-26,BRK-B,0.002367,1.359763
2024-11-27,BRK-B,0.009445,1.382051
2024-11-29,BRK-B,-0.000124,1.381755
2024-12-02,BRK-B,-0.01178,1.353698
2024-12-03,BRK-B,-0.014958,1.318491
2024-12-04,BRK-B,-0.003977,1.30927
2024-12-05,BRK-B,0.004804,1.320365
2024-12-06,BRK-B,-0.000149,1.32002
2024-12-09,BRK-B,-0.014091,1.287327
2024-12-10,BRK-B,-0.002975,1.280523
2024-12-11,BRK-B,-0.002378,1.275099
2024-12-12,BRK-B,-0.005982,1.261489
2024-12-13,BRK-B,-0.001592,1.257889
2024-12-16,BRK-B,-0.005896,1.244576
2024-12-17,BRK-B,0.001011,1.246844
2024-12-18,BRK-B,-0.019905,1.20212
2024-12-19,BRK-B,0.006158,1.21568
2024-12-20,BRK-B,0.00859,1.234714
2024-12-23,BRK-B,0.002537,1.240385
2024-12-24,BRK-B,0.009486,1.261637
2024-12-26,BRK-B,0.000916,1.263708
2024-12-27,BRK-B,-0.005598,1.251036
2024-12-30,BRK-B,-0.009529,1.229586
2019-01-03,LLY,-0.031076,-0.031076
2019-01-04,LLY,0.030096,-0.001915
2019-01-07,LLY,0.005407,0.003482
2019-01-08,LLY,0.009195,0.012709
2019-01-09,LLY,0.007478,0.020282
2019-01-10,LLY,-0.010835,0.009227
2019-01-11,LLY,0.00207,0.011316
2019-01-14,LLY,-0.012911,-0.001741
2019-01-15,LLY,0.021015,0.019237
2019-01-16,LLY,-0.002476,0.016713
2019-01-17,LLY,0.020205,0.037256
2019-01-18,LLY,-0.021568,0.014885
2019-01-22,LLY,0.004288,0.019237
2019-01-23,LLY,0.014519,0.034036
2019-01-24,LLY,-0.031989,0.000957
2019-01-25,LLY,-0.000174,0.000784
2019-01-28,LLY,0.000522,0.001306
2019-01-29,LLY,0.005911,0.007225
2019-01-30,LLY,0.01063,0.017932
2019-01-31,LLY,0.02497,0.04335
2019-02-01,LLY,0.008593,0.052315
2019-02-04,LLY,-0.005956,0.046048
2019-02-05,LLY,0.002164,0.048311
2019-02-06,LLY,-0.009632,0.038214
2019-02-07,LLY,-0.01484,0.022806
2019-02-08,LLY,0.017873,0.041087
2019-02-11,LLY,-0.013295,0.027246
2019-02-12,LLY,0.012541,0.040129
2019-02-13,LLY,0.001339,0.041522
2019-02-14,LLY,0.014663,0.056794
2019-02-15,LLY,0.014327,0.071934
2019-02-19,LLY,-0.002858,0.068871
2019-02-20,LLY,0.00434,0.07351
2019-02-21,LLY,0.000489,0.074035
2019-02-22,LLY,0.01043,0.085237
2019-02-25,LLY,-0.000887,0.084275
2019-02-26,LLY,0.006296,0.091101
2019-02-27,LLY,0.008101,0.099941
2019-02-28,LLY,0.004854,0.105279
2019-03-01,LLY,0.020192,0.127596
2019-03-04,LLY,-0.010711,0.115519
2019-03-05,LLY,0.008081,0.124533
2019-03-06,LLY,-0.014087,0.108692
2019-03-07,LLY,-0.002684,0.105717
2019-03-08,LLY,0.002849,0.108868
2019-03-11,LLY,-0.025257,0.080861
2019-03-12,LLY,0.0,0.080861
2019-03-13,LLY,0.006558,0.08795
2019-03-14,LLY,-0.009894,0.077185
2019-03-15,LLY,0.006987,0.084712
2019-03-18,LLY,0.010489,0.09609
2019-03-19,LLY,0.010779,0.107905
2019-03-20,LLY,0.012402,0.121645
2019-03-21,LLY,0.00117,0.122958
2019-03-22,LLY,-7.8e-05,0.122871
2019-03-25,LLY,0.012237,0.136611
2019-03-26,LLY,0.008855,0.146676
2019-03-27,LLY,-0.017173,0.126984
2019-03-28,LLY,0.001398,0.128559
2019-03-29,LLY,0.006282,0.135648
2019-04-01,LLY,-0.005472,0.129435
2019-04-02,LLY,0.002092,0.131798
2019-04-03,LLY,-0.017554,0.11193
2019-04-04,LLY,-0.011334,0.099328
2019-04-05,LLY,0.010987,0.111406
2019-04-08,LLY,0.001339,0.112893
2019-04-09,LLY,0.000629,0.113594
2019-04-10,LLY,-0.000393,0.113156
2019-04-11,LLY,-0.016039,0.095302
2019-04-12,LLY,-0.0167,0.077011
2019-04-15,LLY,0.008289,0.085937
2019-04-16,LLY,-0.033204,0.04988
2019-04-17,LLY,-0.028843,0.019598
2019-04-18,LLY,-0.011159,0.008221
2019-04-22,LLY,0.002344,0.010584
2019-04-23,LLY,0.017493,0.028262
2019-04-24,LLY,0.004341,0.032726
2019-04-25,LLY,0.001949,0.034739
2019-04-26,LLY,0.013871,0.049092
2019-04-29,LLY,-0.002252,0.046729
2019-04-30,LLY,-0.021405,0.024324
2019-05-01,LLY,0.00974,0.034301
2019-05-02,LLY,0.002369,0.036752
2019-05-03,LLY,-0.013085,0.023186
2019-05-06,LLY,-0.002224,0.020911
2019-05-07,LLY,-0.014659,0.005945
2019-05-08,LLY,0.011397,0.01741
2019-05-09,LLY,-0.003871,0.013472
2019-05-10,LLY,0.003627,0.017148
2019-05-13,LLY,-0.015918,0.000956
2019-05-14,LLY,0.004984,0.005945
2019-05-15,LLY,0.005916,0.011896
2019-05-16,LLY,0.015264,0.027342
2019-05-17,LLY,-0.006168,0.021005
2019-05-20,LLY,0.001896,0.022942
2019-05-21,LLY,0.003011,0.026022
2019-05-22,LLY,0.012009,0.038343
2019-05-23,LLY,-0.009917,0.028046
2019-05-24,LLY,-0.000171,0.02787
2019-05-28,LLY,-0.008819,0.018805
2019-05-29,LLY,-0.002333,0.016429
2019-05-30,LLY,0.00355,0.020037
2019-05-31,LLY,0.000345,0.020389
2019-06-03,LLY,0.007159,0.027694
2019-06-04,LLY,0.006766,0.034647
2019-06-05,LLY,-0.004593,0.029894
2019-06-06,LLY,0.004102,0.034119
2019-06-07,LLY,0.007234,0.0416
2019-06-10,LLY,-0.037347,0.002699
2019-06-11,LLY,-0.015097,-0.012438
2019-06-12,LLY,0.027003,0.014228
2019-06-13,LLY,-0.029677,-0.015871
2019-06-14,LLY,-0.000715,-0.016575
2019-06-17,LLY,0.014856,-0.001965
2019-06-18,LLY,0.011023,0.009036
2019-06-19,LLY,0.005059,0.01414
2019-06-20,LLY,0.002864,0.017045
2019-06-21,LLY,-0.000606,0.016429
2019-06-24,LLY,0.001212,0.017661
2019-06-25,LLY,-0.002335,0.015285
2019-06-26,LLY,-0.034848,-0.020095
2019-06-27,LLY,0.001168,-0.018951
2019-06-28,LLY,-0.0061,-0.024936
2019-07-01,LLY,0.017601,-0.007774
2019-07-02,LLY,0.01295,0.005075
2019-07-03,LLY,0.001927,0.007012
2019-07-05,LLY,-0.013984,-0.00707
2019-07-08,LLY,-0.011523,-0.018511
2019-07-09,LLY,0.013988,-0.004782
2019-07-10,LLY,0.012823,0.00798
2019-07-11,LLY,-0.041125,-0.033473
2019-07-12,LLY,-0.013932,-0.046939
2019-07-15,LLY,0.001662,-0.045354
2019-07-16,LLY,0.003227,-0.042274
2019-07-17,LLY,-0.015898,-0.0575
2019-07-18,LLY,0.011672,-0.046498
2019-07-19,LLY,-0.014307,-0.06014
2019-07-22,LLY,0.004495,-0.055916
2019-07-23,LLY,0.008856,-0.047555
2019-07-24,LLY,0.002772,-0.044914
2019-07-25,LLY,-0.006451,-0.051075
2019-07-26,LLY,0.004174,-0.047115
2019-07-29,LLY,0.004157,-0.043154
2019-07-30,LLY,-0.000276,-0.043418
2019-07-31,LLY,0.002392,-0.04113
2019-08-01,LLY,0.014319,-0.0274
2019-08-02,LLY,0.017284,-0.01059
2019-08-05,LLY,-0.033001,-0.043242
2019-08-06,LLY,0.024745,-0.019567
2019-08-07,LLY,-0.002513,-0.022032
2019-08-08,LLY,0.025648,0.003051
2019-08-09,LLY,-0.001755,0.001291
2019-08-12,LLY,-0.001494,-0.000205
2019-08-13,LLY,0.018486,0.018277
2019-08-14,LLY,-0.041415,-0.023895
2019-08-15,LLY,-0.000545,-0.024426
2019-08-16,LLY,0.002631,-0.021859
2019-08-19,LLY,0.018187,-0.00407
2019-08-20,LLY,-0.013508,-0.017523
2019-08-21,LLY,0.004054,-0.01354
2019-08-22,LLY,0.001346,-0.012213
2019-08-23,LLY,-0.018816,-0.030798
2019-08-26,LLY,0.020729,-0.010708
2019-08-27,LLY,-0.009393,-0.020001
2019-08-28,LLY,0.002168,-0.017877
2019-08-29,LLY,0.011535,-0.006548
2019-08-30,LLY,0.006414,-0.000176
2019-09-03,LLY,0.008763,0.008586
2019-09-04,LLY,-0.00623,0.002302
2019-09-05,LLY,0.011921,0.01425
2019-09-06,LLY,-0.004799,0.009382
2019-09-09,LLY,-0.026129,-0.016992
2019-09-10,LLY,0.00027,-0.016726
2019-09-11,LLY,0.005311,-0.011504
2019-09-12,LLY,-0.00197,-0.013451
2019-09-13,LLY,-0.005204,-0.018585
2019-09-16,LLY,-0.006854,-0.025311
2019-09-17,LLY,0.008989,-0.016549
2019-09-18,LLY,0.014399,-0.002389
2019-09-19,LLY,0.014461,0.012037
2019-09-20,LLY,0.015829,0.028057
2019-09-23,LLY,-0.017045,0.010533
2019-09-24,LLY,-0.008145,0.002302
2019-09-25,LLY,-0.016424,-0.01416
2019-09-26,LLY,0.00386,-0.010354
2019-09-27,LLY,0.004919,-0.005486
2019-09-30,LLY,-0.004806,-0.010265
2019-10-01,LLY,-0.007779,-0.017965
2019-10-02,LLY,-0.035689,-0.053013
2019-10-03,LLY,0.00271,-0.050446
2019-10-04,LLY,0.008482,-0.042392
2019-10-07,LLY,-0.00342,-0.045667
2019-10-08,LLY,-0.005935,-0.051331
2019-10-09,LLY,0.001026,-0.050357
2019-10-10,LLY,-0.003541,-0.053721
2019-10-11,LLY,0.013468,-0.040976
2019-10-14,LLY,-0.004245,-0.045047
2019-10-15,LLY,0.016682,-0.029117
2019-10-16,LLY,-0.015953,-0.044605
2019-10-17,LLY,0.004724,-0.040091
2019-10-18,LLY,0.00166,-0.038498
2019-10-21,LLY,-0.00672,-0.044959
2019-10-22,LLY,0.017885,-0.027878
2019-10-23,LLY,-0.022214,-0.049472
2019-10-24,LLY,0.004097,-0.045578
2019-10-25,LLY,0.021884,-0.024691
2019-10-28,LLY,0.025317,1e-06
2019-10-29,LLY,-0.011682,-0.011681
2019-10-30,LLY,0.009403,-0.002389
2019-10-31,LLY,0.010912,0.008497
2019-11-01,LLY,-0.012637,-0.004247
2019-11-04,LLY,0.005333,0.001063
2019-11-05,LLY,-0.016444,-0.015398
2019-11-06,LLY,0.023101,0.007347
2019-11-07,LLY,-0.009225,-0.001946
2019-11-08,LLY,0.006739,0.00478
2019-11-11,LLY,-0.00643,-0.001681
2019-11-12,LLY,0.00328,0.001594
2019-11-13,LLY,-0.003358,-0.001769
2019-11-14,LLY,-0.006732,-0.00849
2019-11-15,LLY,0.01616,0.007533
2019-11-18,LLY,0.007774,0.015366
2019-11-19,LLY,0.009029,0.024534
2019-11-20,LLY,-0.004257,0.020173
2019-11-21,LLY,0.001221,0.021419
2019-11-22,LLY,0.012636,0.034325
2019-11-25,LLY,0.01093,0.04563
2019-11-26,LLY,-0.003235,0.042248
2019-11-27,LLY,0.002989,0.045363
2019-11-29,LLY,-0.000766,0.044562
2019-12-02,LLY,-0.005198,0.039132
2019-12-03,LLY,0.007453,0.046876
2019-12-04,LLY,0.009013,0.056311
2019-12-05,LLY,0.009269,0.066103
2019-12-06,LLY,-0.001085,0.064946
2019-12-09,LLY,0.005015,0.070287
2019-12-10,LLY,0.00341,0.073936
2019-12-11,LLY,0.001077,0.075093
2019-12-12,LLY,0.007617,0.083282
2019-12-13,LLY,-0.001397,0.081769
2019-12-16,LLY,0.010862,0.093519
2019-12-17,LLY,0.020187,0.115594
2019-12-18,LLY,0.033112,0.152534
2019-12-19,LLY,0.010581,0.164729
2019-12-20,LLY,0.012075,0.178793
2019-12-23,LLY,-0.009666,0.167399
2019-12-24,LLY,-0.000305,0.167043
2019-12-26,LLY,0.000229,0.16731
2019-12-27,LLY,0.002898,0.170693
2019-12-30,LLY,-0.001673,0.168735
2019-12-31,LLY,0.00099,0.169891
2020-01-02,LLY,0.005935,0.176835
2020-01-03,LLY,-0.003328,0.172918
2020-01-06,LLY,0.003719,0.17728
2020-01-07,LLY,0.00189,0.179505
2020-01-08,LLY,0.009056,0.190187
2020-01-09,LLY,0.016528,0.209858
2020-01-10,LLY,0.015303,0.228373
2020-01-13,LLY,0.006812,0.23674
2020-01-14,LLY,0.012307,0.251961
2020-01-15,LLY,0.003271,0.256055
2020-01-16,LLY,0.002268,0.258904
2020-01-17,LLY,-0.01308,0.242437
2020-01-21,LLY,0.009528,0.254275
2020-01-22,LLY,0.004613,0.260061
2020-01-23,LLY,-0.002472,0.256946
2020-01-24,LLY,-0.015155,0.237897
2020-01-27,LLY,-0.005465,0.231132
2020-01-28,LLY,0.006869,0.239589
2020-01-29,LLY,0.004739,0.245463
2020-01-30,LLY,0.019654,0.269941
2020-01-31,LLY,-0.021238,0.242971
2020-02-03,LLY,0.009739,0.255076
2020-02-04,LLY,0.017305,0.276796
2020-02-05,LLY,0.027259,0.3116
2020-02-06,LLY,-0.00034,0.311154
2020-02-07,LLY,-0.006042,0.303232
2020-02-10,LLY,-0.006147,0.295221
2020-02-11,LLY,-0.008659,0.284005
2020-02-12,LLY,-0.005129,0.277419
2020-02-13,LLY,-0.006794,0.26874
2020-02-14,LLY,-0.004796,0.262656
2020-02-18,LLY,-0.00078,0.261671
2020-02-19,LLY,-0.001276,0.260061
2020-02-20,LLY,0.008308,0.270529
2020-02-21,LLY,0.000282,0.270888
2020-02-24,LLY,-0.027387,0.236082
2020-02-25,LLY,-0.019834,0.211566
2020-02-26,LLY,-0.013884,0.194745
2020-02-27,LLY,-0.032502,0.155913
2020-02-28,LLY,-0.023686,0.128534
2020-03-02,LLY,0.053199,0.188571
2020-03-03,LLY,-0.019045,0.165934
2020-03-04,LLY,0.077277,0.256034
2020-03-05,LLY,-0.001639,0.253976
2020-03-06,LLY,0.009347,0.265697
2020-03-09,LLY,-0.040577,0.21434
2020-03-10,LLY,0.040304,0.263282
2020-03-11,LLY,-0.008287,0.252813
2020-03-12,LLY,-0.099986,0.12755
2020-03-13,LLY,0.105936,0.246998
2020-03-16,LLY,-0.071679,0.157614
2020-03-17,LLY,0.106816,0.281266
2020-03-18,LLY,-0.000768,0.280282
2020-03-19,LLY,-0.069886,0.190808
2020-03-20,LLY,-0.080321,0.09516
2020-03-23,LLY,-0.027369,0.065187
2020-03-24,LLY,0.032256,0.099545
2020-03-25,LLY,-0.00773,0.091045
2020-03-26,LLY,0.101771,0.202082
2020-03-27,LLY,-0.001786,0.199934
2020-03-30,LLY,0.032287,0.238677
2020-03-31,LLY,0.002022,0.241182
2020-04-01,LLY,-0.01658,0.220603
2020-04-02,LLY,0.042223,0.27214
2020-04-03,LLY,-0.017724,0.249592
2020-04-06,LLY,0.013963,0.26704
2020-04-07,LLY,0.001906,0.269455
2020-04-08,LLY,0.03059,0.308287
2020-04-09,LLY,-0.003351,0.303903
2020-04-13,LLY,-0.008989,0.292182
2020-04-14,LLY,0.046323,0.352039
2020-04-15,LLY,0.000464,0.352666
2020-04-16,LLY,0.023482,0.384429
2020-04-17,LLY,0.016545,0.407335
2020-04-20,LLY,0.003179,0.411808
2020-04-21,LLY,-0.032448,0.365998
2020-04-22,LLY,0.026462,0.402145
2020-04-23,LLY,0.020547,0.430956
2020-04-24,LLY,0.018758,0.457798
2020-04-27,LLY,-0.010066,0.443124
2020-04-28,LLY,-0.024738,0.407424
2020-04-29,LLY,-0.013605,0.388277
2020-04-30,LLY,-0.003351,0.383624
2020-05-01,LLY,-0.006531,0.374587
2020-05-04,LLY,-0.002278,0.371456
2020-05-05,LLY,0.030075,0.412703
2020-05-06,LLY,-0.007663,0.401877
2020-05-07,LLY,-0.023679,0.368682
2020-05-08,LLY,0.00353,0.373513
2020-05-11,LLY,0.032832,0.418609
2020-05-12,LLY,-0.005235,0.411183
2020-05-13,LLY,0.001331,0.413061
2020-05-14,LLY,0.007571,0.423759
2020-05-15,LLY,0.005367,0.4314
2020-05-18,LLY,-0.007976,0.419984
2020-05-19,LLY,-0.007977,0.408656
2020-05-20,LLY,-0.022782,0.376564
2020-05-21,LLY,-0.005551,0.368922
2020-05-22,LLY,-0.007355,0.358855
2020-05-26,LLY,-0.02117,0.330088
2020-05-27,LLY,-0.015275,0.309771
2020-05-28,LLY,0.033974,0.35427
2020-05-29,LLY,0.015267,0.374946
2020-06-01,LLY,-0.003269,0.370451
2020-06-02,LLY,0.009249,0.383126
2020-06-03,LLY,-0.008644,0.37117
2020-06-04,LLY,-0.011932,0.354809
2020-06-05,LLY,-0.009953,0.341325
2020-06-08,LLY,0.0,0.341325
2020-06-09,LLY,-0.000536,0.340606
2020-06-10,LLY,0.012539,0.357416
2020-06-11,LLY,-0.045828,0.295209
2020-06-12,LLY,-0.003748,0.290355
2020-06-15,LLY,-0.014073,0.272196
2020-06-16,LLY,0.156798,0.471673
2020-06-17,LLY,-0.022845,0.438052
2020-06-18,LLY,0.006876,0.44794
2020-06-19,LLY,-0.007016,0.437782
2020-06-22,LLY,0.003189,0.442367
2020-06-23,LLY,-0.006918,0.432388
2020-06-24,LLY,-0.014497,0.411623
2020-06-25,LLY,0.037127,0.464032
2020-06-26,LLY,-0.000184,0.463762
2020-06-29,LLY,-0.000676,0.462773
2020-06-30,LLY,0.008973,0.475898
2020-07-01,LLY,-0.00536,0.467987
2020-07-02,LLY,0.00349,0.473111
2020-07-06,LLY,0.018429,0.500259
2020-07-07,LLY,-0.000838,0.499001
2020-07-08,LLY,0.014272,0.520396
2020-07-09,LLY,-0.015846,0.496304
2020-07-10,LLY,-0.018564,0.468526
2020-07-13,LLY,-0.007835,0.45702
2020-07-14,LLY,0.011105,0.473201
2020-07-15,LLY,0.00958,0.487315
2020-07-16,LLY,-0.00272,0.483269
2020-07-17,LLY,0.005818,0.491899
2020-07-20,LLY,0.006507,0.501608
2020-07-21,LLY,-0.010417,0.485966
2020-07-22,LLY,-0.002783,0.481831
2020-07-23,LLY,-0.020141,0.451986
2020-07-24,LLY,-0.012258,0.434187
2020-07-27,LLY,0.006017,0.442817
2020-07-28,LLY,0.013395,0.462144
2020-07-29,LLY,-0.005533,0.454054
2020-07-30,LLY,-0.054096,0.375395
2020-07-31,LLY,-0.017713,0.351033
2020-08-03,LLY,0.016967,0.373957
2020-08-04,LLY,0.013151,0.392026
2020-08-05,LLY,-0.003294,0.387441
2020-08-06,LLY,-0.009459,0.374317
2020-08-07,LLY,0.000326,0.374766
2020-08-10,LLY,0.000458,0.375395
2020-08-11,LLY,-0.01549,0.35409
2020-08-12,LLY,0.012746,0.37135
2020-08-13,LLY,-0.008893,0.359155
2020-08-14,LLY,-0.002459,0.355812
2020-08-17,LLY,0.009594,0.368821
2020-08-18,LLY,0.010427,0.383093
2020-08-19,LLY,-0.005355,0.375686
2020-08-20,LLY,-0.006238,0.367104
2020-08-21,LLY,-0.013744,0.348315
2020-08-24,LLY,0.001742,0.350664
2020-08-25,LLY,0.00107,0.352109
2020-08-26,LLY,-0.002806,0.348315
2020-08-27,LLY,-0.001943,0.345695
2020-08-28,LLY,-0.010942,0.330971
2020-08-31,LLY,0.007127,0.340456
2020-09-01,LLY,-0.007346,0.330609
2020-09-02,LLY,0.015275,0.350935
2020-09-03,LLY,-0.003544,0.346147
2020-09-04,LLY,0.012683,0.36322
2020-09-08,LLY,-0.010603,0.348766
2020-09-09,LLY,0.017815,0.372795
2020-09-10,LLY,-0.037836,0.320854
2020-09-11,LLY,0.012789,0.337746
2020-09-14,LLY,0.006145,0.345966
2020-09-15,LLY,0.007248,0.355722
2020-09-16,LLY,0.005864,0.363672
2020-09-17,LLY,0.010002,0.377312
2020-09-18,LLY,0.01115,0.392669
2020-09-21,LLY,-0.019394,0.365659
2020-09-22,LLY,-0.008731,0.353735
2020-09-23,LLY,-0.000334,0.353283
2020-09-24,LLY,-0.006675,0.34425
2020-09-25,LLY,0.009744,0.357348
2020-09-28,LLY,-0.014375,0.337836
2020-09-29,LLY,-0.012424,0.321215
2020-09-30,LLY,0.012034,0.337114
2020-10-01,LLY,-0.025199,0.303419
2020-10-02,LLY,0.006376,0.31173
2020-10-05,LLY,0.009779,0.324557
2020-10-06,LLY,-0.01705,0.301974
2020-10-07,LLY,0.033511,0.345605
2020-10-08,LLY,0.030478,0.386616
2020-10-09,LLY,0.02202,0.417149
2020-10-12,LLY,-0.015234,0.39556
2020-10-13,LLY,-0.028546,0.355722
2020-10-14,LLY,-0.010794,0.341088
2020-10-15,LLY,-0.011316,0.325912
2020-10-16,LLY,-0.004496,0.31995
2020-10-19,LLY,-0.022721,0.28996
2020-10-20,LLY,0.005532,0.297096
2020-10-21,LLY,-0.015879,0.2765
2020-10-22,LLY,0.002406,0.279571
2020-10-23,LLY,0.005154,0.286166
2020-10-26,LLY,-0.004776,0.280023
2020-10-27,LLY,-0.06916,0.191496
2020-10-28,LLY,-0.004473,0.186167
2020-10-29,LLY,0.009444,0.197368
2020-10-30,LLY,-0.015768,0.178488
2020-11-02,LLY,0.008968,0.189057
2020-11-03,LLY,-0.004938,0.183186
2020-11-04,LLY,0.134448,0.342263
2020-11-05,LLY,-0.02066,0.314531
2020-11-06,LLY,-0.019104,0.289418
2020-11-09,LLY,-0.002873,0.285714
2020-11-10,LLY,0.02972,0.323925
2020-11-11,LLY,-0.012282,0.307665
2020-11-12,LLY,-0.020761,0.280517
2020-11-13,LLY,0.009572,0.292774
2020-11-16,LLY,-0.012572,0.276521
2020-11-17,LLY,0.004339,0.28206
2020-11-18,LLY,-0.007295,0.272708
2020-11-19,LLY,0.023115,0.302126
2020-11-20,LLY,0.014503,0.321012
2020-11-23,LLY,-0.014502,0.301854
2020-11-24,LLY,0.010601,0.315655
2020-11-25,LLY,-0.001035,0.314293
2020-11-27,LLY,0.018584,0.338718
2020-11-30,LLY,-0.01214,0.322465
2020-12-01,LLY,-0.000618,0.321648
2020-12-02,LLY,-0.002748,0.318016
2020-12-03,LLY,-0.007233,0.308482
2020-12-04,LLY,0.030116,0.347888
2020-12-07,LLY,-0.006939,0.338536
2020-12-08,LLY,0.012753,0.355606
2020-12-09,LLY,0.058272,0.4346
2020-12-10,LLY,0.018987,0.461839
2020-12-11,LLY,-0.005963,0.453122
2020-12-14,LLY,-0.013309,0.433783
2020-12-15,LLY,0.060287,0.520222
2020-12-16,LLY,0.027594,0.56217
2020-12-17,LLY,0.003371,0.567437
2020-12-18,LLY,-0.007125,0.556268
2020-12-21,LLY,-0.015286,0.532479
2020-12-22,LLY,-0.012205,0.513775
2020-12-23,LLY,-0.007438,0.502516
2020-12-24,LLY,0.007131,0.51323
2020-12-28,LLY,-0.00096,0.511778
2020-12-29,LLY,0.00048,0.512504
2020-12-30,LLY,0.002581,0.516408
2020-12-31,LLY,0.010957,0.533024
2021-01-04,LLY,-0.019782,0.502698
2021-01-05,LLY,0.004955,0.510143
2021-01-06,LLY,-0.012025,0.491984
2021-01-07,LLY,0.00919,0.505695
2021-01-08,LLY,0.003498,0.510961
2021-01-11,LLY,0.11736,0.688288
2021-01-12,LLY,-0.0384,0.623458
2021-01-13,LLY,0.037472,0.684293
2021-01-14,LLY,0.006415,0.695098
2021-01-15,LLY,0.021854,0.732143
2021-01-19,LLY,0.040415,0.802148
2021-01-20,LLY,0.014006,0.827389
2021-01-21,LLY,0.005416,0.837287
2021-01-22,LLY,0.01873,0.871699
2021-01-25,LLY,0.030125,0.928084
2021-01-26,LLY,0.001742,0.931443
2021-01-27,LLY,-0.02421,0.884683
2021-01-28,LLY,0.012285,0.907836
2021-01-29,LLY,-0.010232,0.888315
2021-02-01,LLY,-0.023225,0.844459
2021-02-02,LLY,-0.027469,0.793795
2021-02-03,LLY,-0.003037,0.788347
2021-02-04,LLY,0.02366,0.830658
2021-02-05,LLY,0.000744,0.83202
2021-02-08,LLY,0.019825,0.868339
2021-02-09,LLY,-0.019731,0.831475
2021-02-10,LLY,0.013287,0.855809
2021-02-11,LLY,-0.004717,0.847056
2021-02-12,LLY,0.02325,0.89
2021-02-16,LLY,-0.007381,0.87605
2021-02-17,LLY,0.003402,0.882433
2021-02-18,LLY,-0.025865,0.833744
2021-02-19,LLY,-0.000994,0.831921
2021-02-22,LLY,-0.001195,0.829733
2021-02-23,LLY,0.008969,0.846144
2021-02-24,LLY,0.010075,0.864745
2021-02-25,LLY,-0.003423,0.858362
2021-02-26,LLY,0.00525,0.868118
2021-03-01,LLY,0.007712,0.882524
2021-03-02,LLY,-0.011285,0.86128
2021-03-03,LLY,-0.010483,0.841768
2021-03-04,LLY,-0.007228,0.828456
2021-03-05,LLY,0.031814,0.886627
2021-03-08,LLY,0.000531,0.88763
2021-03-09,LLY,-0.004444,0.879242
2021-03-10,LLY,-0.003202,0.873224
2021-03-11,LLY,-0.001168,0.871036
2021-03-12,LLY,0.013986,0.897203
2021-03-15,LLY,-0.090926,0.724698
2021-03-16,LLY,0.009198,0.740562
2021-03-17,LLY,-0.021844,0.702541
2021-03-18,LLY,-0.014995,0.677012
2021-03-19,LLY,0.001957,0.680294
2021-03-22,LLY,0.008411,0.694427
2021-03-23,LLY,-0.011623,0.674733
2021-03-24,LLY,-0.01911,0.642729
2021-03-25,LLY,0.016207,0.669353
2021-03-26,LLY,0.012125,0.689594
2021-03-29,LLY,0.005558,0.698985
2021-03-30,LLY,-0.004508,0.691327
2021-03-31,LLY,0.007116,0.703362
2021-04-01,LLY,-0.008458,0.688956
2021-04-05,LLY,-0.00189,0.685765
2021-04-06,LLY,-0.011304,0.666709
2021-04-07,LLY,-0.002626,0.662333
2021-04-08,LLY,0.001591,0.664977
2021-04-09,LLY,0.010295,0.682118
2021-04-12,LLY,-0.014473,0.657774
2021-04-13,LLY,0.003905,0.664247
2021-04-14,LLY,0.002575,0.668532
2021-04-15,LLY,0.015956,0.695156
2021-04-16,LLY,0.017911,0.725518
2021-04-19,LLY,0.002061,0.729074
2021-04-20,LLY,0.005115,0.737918
2021-04-21,LLY,0.001784,0.741018
2021-04-22,LLY,-0.020424,0.705459
2021-04-23,LLY,0.008928,0.720686
2021-04-26,LLY,-0.007948,0.707009
2021-04-27,LLY,-0.02676,0.66133
2021-04-28,LLY,-0.00911,0.646194
2021-04-29,LLY,0.009139,0.661238
2021-04-30,LLY,0.003129,0.666435
2021-05-03,LLY,0.017235,0.695156
2021-05-04,LLY,0.012263,0.715944
2021-05-05,LLY,0.024495,0.757977
2021-05-06,LLY,0.005601,0.767824
2021-05-07,LLY,0.007891,0.781774
2021-05-10,LLY,-0.003378,0.775756
2021-05-11,LLY,-5.1e-05,0.775665
2021-05-12,LLY,-0.007959,0.761533
2021-05-13,LLY,0.013465,0.785252
2021-05-14,LLY,0.006515,0.796882
2021-05-17,LLY,-0.003466,0.790655
2021-05-18,LLY,-0.004603,0.782413
2021-05-19,LLY,0.009659,0.799629
2021-05-20,LLY,0.015369,0.827287
2021-05-21,LLY,0.001754,0.830492
2021-05-24,LLY,0.005703,0.840932
2021-05-25,LLY,-0.008954,0.824448
2021-05-26,LLY,0.008885,0.840657
2021-05-27,LLY,-0.008906,0.824265
2021-05-28,LLY,0.002711,0.82921
2021-06-01,LLY,-0.006609,0.817121
2021-06-02,LLY,0.003578,0.823624
2021-06-03,LLY,0.017928,0.856318
2021-06-04,LLY,-0.003355,0.85009
2021-06-07,LLY,0.101475,1.037828
2021-06-08,LLY,-0.008179,1.021161
2021-06-09,LLY,0.024015,1.069698
2021-06-10,LLY,0.033363,1.138749
2021-06-11,LLY,-0.040464,1.052206
2021-06-14,LLY,0.00897,1.070614
2021-06-15,LLY,-0.011411,1.046986
2021-06-16,LLY,-0.012348,1.02171
2021-06-17,LLY,0.006568,1.034989
2021-06-18,LLY,-0.016471,1.001471
2021-06-21,LLY,0.018851,1.039202
2021-06-22,LLY,-0.005524,1.027938
2021-06-23,LLY,-0.019599,0.988192
2021-06-24,LLY,0.0731,1.133528
2021-06-25,LLY,-0.011804,1.108344
2021-06-28,LLY,-0.008687,1.090028
2021-06-29,LLY,0.005039,1.10056
2021-06-30,LLY,0.000654,1.101934
2021-07-01,LLY,0.007015,1.116678
2021-07-02,LLY,0.012244,1.142595
2021-07-06,LLY,0.00624,1.155966
2021-07-07,LLY,0.001699,1.159629
2021-07-08,LLY,0.005513,1.171534
2021-07-09,LLY,-0.008983,1.152028
2021-07-12,LLY,0.004341,1.161369
2021-07-13,LLY,-0.003008,1.154867
2021-07-14,LLY,0.004462,1.164482
2021-07-15,LLY,-0.020647,1.119792
2021-07-16,LLY,0.004277,1.128858
2021-07-19,LLY,0.007227,1.144244
2021-07-20,LLY,0.003758,1.152303
2021-07-21,LLY,0.009659,1.173091
2021-07-22,LLY,0.005057,1.184081
2021-07-23,LLY,0.023733,1.235915
2021-07-26,LLY,-0.00385,1.227306
2021-07-27,LLY,0.001521,1.230695
2021-07-28,LLY,0.012029,1.257527
2021-07-29,LLY,-0.004787,1.246721
2021-07-30,LLY,-0.007459,1.229962
2021-08-02,LLY,0.012731,1.258352
2021-08-03,LLY,0.038078,1.344345
2021-08-04,LLY,0.025313,1.403688
2021-08-05,LLY,0.006553,1.41944
2021-08-06,LLY,-0.002839,1.412571
2021-08-09,LLY,0.014121,1.44664
2021-08-10,LLY,0.008572,1.467611
2021-08-11,LLY,-0.019855,1.418616
2021-08-12,LLY,0.000836,1.420637
2021-08-13,LLY,0.002809,1.427436
2021-08-16,LLY,0.021687,1.48008
2021-08-17,LLY,0.010262,1.50553
2021-08-18,LLY,-0.015365,1.467033
2021-08-19,LLY,0.007002,1.484307
2021-08-20,LLY,0.001886,1.488992
2021-08-23,LLY,-0.011406,1.460603
2021-08-24,LLY,-0.018856,1.414206
2021-08-25,LLY,0.004186,1.424312
2021-08-26,LLY,-0.009664,1.400884
2021-08-27,LLY,-0.006008,1.386459
2021-08-30,LLY,0.009856,1.40998
2021-08-31,LLY,-0.015326,1.373045
2021-09-01,LLY,-0.003446,1.364869
2021-09-02,LLY,0.00843,1.384806
2021-09-03,LLY,-0.000154,1.384439
2021-09-07,LLY,-0.018225,1.340981
2021-09-08,LLY,0.000157,1.341349
2021-09-09,LLY,-0.058233,1.205006
2021-09-10,LLY,-0.002083,1.200412
2021-09-13,LLY,-0.00643,1.186264
2021-09-14,LLY,-0.020466,1.14152
2021-09-15,LLY,0.002746,1.1474
2021-09-16,LLY,-0.011509,1.122686
2021-09-17,LLY,-0.004068,1.114049
2021-09-20,LLY,0.006693,1.128198
2021-09-21,LLY,-0.006346,1.114692
2021-09-22,LLY,-0.008124,1.097512
2021-09-23,LLY,0.016995,1.13316
2021-09-24,LLY,-0.002154,1.128566
2021-09-27,LLY,-0.02279,1.080055
2021-09-28,LLY,-0.021201,1.035955
2021-09-29,LLY,0.039531,1.116438
2021-09-30,LLY,0.002996,1.122778
2021-10-01,LLY,-0.006319,1.109364
2021-10-04,LLY,-0.020645,1.065815
2021-10-05,LLY,0.02704,1.121675
2021-10-06,LLY,-0.013337,1.093378
2021-10-07,LLY,0.023393,1.142347
2021-10-08,LLY,0.003259,1.149329
2021-10-11,LLY,-0.001154,1.146849
2021-10-12,LLY,-0.003809,1.138672
2021-10-13,LLY,0.015723,1.172298
2021-10-14,LLY,0.001057,1.174595
2021-10-15,LLY,0.005028,1.185528
2021-10-18,LLY,0.004624,1.195635
2021-10-19,LLY,0.013934,1.226229
2021-10-20,LLY,0.005819,1.239183
2021-10-21,LLY,-0.010463,1.215755
2021-10-22,LLY,0.010698,1.239459
2021-10-25,LLY,0.005334,1.251403
2021-10-26,LLY,0.013834,1.282549
2021-10-27,LLY,0.006963,1.298443
2021-10-28,LLY,0.012711,1.327659
2021-10-29,LLY,0.005566,1.340614
2021-11-01,LLY,-0.021393,1.290541
2021-11-02,LLY,0.030244,1.359816
2021-11-03,LLY,0.036636,1.44627
2021-11-04,LLY,0.017802,1.489819
2021-11-05,LLY,-0.02214,1.434694
2021-11-08,LLY,-0.016868,1.393625
2021-11-09,LLY,0.005719,1.407315
2021-11-10,LLY,0.010037,1.431478
2021-11-11,LLY,-0.007633,1.41292
2021-11-12,LLY,-0.008137,1.393286
2021-11-15,LLY,-0.004698,1.382042
2021-11-16,LLY,-0.002748,1.375497
2021-11-17,LLY,0.013425,1.407389
2021-11-18,LLY,0.000574,1.408771
2021-11-19,LLY,-0.00241,1.402965
2021-11-22,LLY,-0.000997,1.400568
2021-11-23,LLY,0.005836,1.414579
2021-11-24,LLY,0.000153,1.414947
2021-11-26,LLY,-0.006221,1.399923
2021-11-29,LLY,-0.021277,1.348859
2021-11-30,LLY,-0.026645,1.286273
2021-12-01,LLY,0.004395,1.29632
2021-12-02,LLY,-0.005017,1.284799
2021-12-03,LLY,-0.009279,1.263598
2021-12-06,LLY,0.003054,1.270511
2021-12-07,LLY,-0.004953,1.259266
2021-12-08,LLY,-0.003223,1.251985
2021-12-09,LLY,-0.005812,1.238896
2021-12-10,LLY,0.005105,1.250325
2021-12-13,LLY,0.017981,1.290789
2021-12-14,LLY,0.00342,1.298624
2021-12-15,LLY,0.103858,1.537354
2021-12-16,LLY,0.013659,1.572011
2021-12-17,LLY,-0.041643,1.464905
2021-12-20,LLY,-0.014733,1.428589
2021-12-21,LLY,0.005314,1.441493
2021-12-22,LLY,0.006116,1.456425
2021-12-23,LLY,0.024765,1.51726
2021-12-27,LLY,0.019444,1.566205
2021-12-28,LLY,-0.007112,1.547954
2021-12-29,LLY,0.007199,1.566296
2021-12-30,LLY,-0.004202,1.555512
2021-12-31,LLY,-0.003715,1.546019
2022-01-03,LLY,-0.016255,1.504633
2022-01-04,LLY,-0.018107,1.459283
2022-01-05,LLY,-0.023088,1.402504
2022-01-06,LLY,-0.005064,1.390337
2022-01-07,LLY,0.000656,1.391904
2022-01-10,LLY,0.002351,1.397526
2022-01-11,LLY,0.008496,1.417896
2022-01-12,LLY,-0.024397,1.358906
2022-01-13,LLY,-0.024422,1.301297
2022-01-14,LLY,-0.022229,1.250141
2022-01-18,LLY,0.012084,1.277332
2022-01-19,LLY,-0.008176,1.258713
2022-01-20,LLY,-0.007835,1.241016
2022-01-21,LLY,-0.000288,1.24037
2022-01-24,LLY,-0.010861,1.216037
2022-01-25,LLY,-0.003993,1.207188
2022-01-26,LLY,-0.006682,1.19244
2022-01-27,LLY,-0.004793,1.181933
2022-01-28,LLY,0.035401,1.259174
2022-01-31,LLY,0.001183,1.261847
2022-02-01,LLY,0.011777,1.288485
2022-02-02,LLY,0.010271,1.311989
2022-02-03,LLY,-0.024,1.256501
2022-02-04,LLY,-0.010375,1.233089
2022-02-07,LLY,0.005283,1.244887
2022-02-08,LLY,-0.014945,1.211336
2022-02-09,LLY,0.014005,1.242306
2022-02-10,LLY,-0.014922,1.208847
2022-02-11,LLY,-0.016275,1.1729
2022-02-14,LLY,-0.000298,1.172252
2022-02-15,LLY,0.038987,1.256943
2022-02-16,LLY,0.007136,1.273048
2022-02-17,LLY,-0.018772,1.230378
2022-02-18,LLY,-0.002739,1.224269
2022-02-22,LLY,-0.00491,1.213347
2022-02-23,LLY,-0.003429,1.205758
2022-02-24,LLY,0.020016,1.249908
2022-02-25,LLY,0.031965,1.321826
2022-02-28,LLY,-0.003588,1.313496
2022-03-01,LLY,-0.0018,1.309331
2022-03-02,LLY,0.018717,1.352555
2022-03-03,LLY,0.017587,1.393929
2022-03-04,LLY,0.016355,1.433081
2022-03-07,LLY,-0.004679,1.421696
2022-03-08,LLY,-0.006536,1.405869
2022-03-09,LLY,0.011003,1.432341
2022-03-10,LLY,0.012291,1.462237
2022-03-11,LLY,0.001053,1.464829
2022-03-14,LLY,0.010139,1.489819
2022-03-15,LLY,0.024015,1.549612
2022-03-16,LLY,0.003558,1.558682
2022-03-17,LLY,0.03281,1.642633
2022-03-18,LLY,0.00746,1.662348
2022-03-21,LLY,0.006953,1.68086
2022-03-22,LLY,-0.015951,1.638098
2022-03-23,LLY,-0.002912,1.630416
2022-03-24,LLY,0.012316,1.662811
2022-03-25,LLY,0.004623,1.675121
2022-03-28,LLY,0.009134,1.699557
2022-03-29,LLY,-0.011212,1.66929
2022-03-30,LLY,0.005201,1.683174
2022-03-31,LLY,-0.012143,1.650593
2022-04-01,LLY,0.021999,1.708905
2022-04-04,LLY,-0.004271,1.697335
2022-04-05,LLY,0.003671,1.707238
2022-04-06,LLY,0.045643,1.830804
2022-04-07,LLY,0.008469,1.854777
2022-04-08,LLY,0.010569,1.884951
2022-04-11,LLY,-0.008758,1.859683
2022-04-12,LLY,-0.002848,1.851538
2022-04-13,LLY,-0.01756,1.801464
2022-04-14,LLY,-0.002676,1.793966
2022-04-18,LLY,-0.010071,1.765828
2022-04-19,LLY,-0.006057,1.749075
2022-04-20,LLY,-0.013771,1.711219
2022-04-21,LLY,-0.0113,1.680582
2022-04-22,LLY,-0.037568,1.579879
2022-04-25,LLY,0.023212,1.639764
2022-04-26,LLY,-0.00831,1.617827
2022-04-27,LLY,0.007991,1.638746
2022-04-28,LLY,0.042723,1.751481
2022-04-29,LLY,-0.017291,1.703907
2022-05-02,LLY,-0.008797,1.68012
2022-05-03,LLY,-0.005146,1.666328
2022-05-04,LLY,0.023709,1.729545
2022-05-05,LLY,-0.008579,1.706128
2022-05-06,LLY,0.015494,1.748057
2022-05-09,LLY,-0.025834,1.677064
2022-05-10,LLY,-0.012205,1.644391
2022-05-11,LLY,0.003465,1.653555
2022-05-12,LLY,0.017824,1.700852
2022-05-13,LLY,0.002785,1.708375
2022-05-16,LLY,0.026575,1.780349
2022-05-17,LLY,0.006747,1.799109
2022-05-18,LLY,-0.020604,1.741437
2022-05-19,LLY,-0.030218,1.658596
2022-05-20,LLY,0.043945,1.775427
2022-05-23,LLY,0.012548,1.810254
2022-05-24,LLY,0.011103,1.841458
2022-05-25,LLY,0.003432,1.85121
2022-05-26,LLY,0.021009,1.911111
2022-05-27,LLY,0.031966,2.004167
2022-05-31,LLY,-0.031037,1.910925
2022-06-01,LLY,-0.00753,1.889007
2022-06-02,LLY,-0.027806,1.808674
2022-06-03,LLY,-0.002579,1.801431
2022-06-06,LLY,0.005669,1.817312
2022-06-07,LLY,0.028811,1.898481
2022-06-08,LLY,0.004454,1.911389
2022-06-09,LLY,-0.032665,1.81629
2022-06-10,LLY,-0.020577,1.758339
2022-06-13,LLY,-0.019292,1.705124
2022-06-14,LLY,-0.001682,1.700574
2022-06-15,LLY,0.007566,1.721005
2022-06-16,LLY,-0.016792,1.675313
2022-06-17,LLY,0.009824,1.701595
2022-06-21,LLY,0.022138,1.761404
2022-06-22,LLY,0.031446,1.848238
2022-06-23,LLY,0.019661,1.904238
2022-06-24,LLY,0.041251,2.024041
2022-06-27,LLY,0.005067,2.039364
2022-06-28,LLY,-0.029486,1.949745
2022-06-29,LLY,0.016939,1.999709
2022-06-30,LLY,0.003808,2.011132
2022-07-01,LLY,0.00148,2.015589
2022-07-05,LLY,0.007607,2.038529
2022-07-06,LLY,0.009078,2.066111
2022-07-07,LLY,-0.006664,2.04568
2022-07-08,LLY,0.007684,2.069084
2022-07-11,LLY,0.001816,2.074656
2022-07-12,LLY,-0.022594,2.005187
2022-07-13,LLY,-0.003492,1.994694
2022-07-14,LLY,0.013738,2.035836
2022-07-15,LLY,0.014408,2.079577
2022-07-18,LLY,-0.029644,1.988286
2022-07-19,LLY,0.013767,2.029427
2022-07-20,LLY,-0.012783,1.990701
2022-07-21,LLY,0.015185,2.036114
2022-07-22,LLY,0.005598,2.053109
2022-07-25,LLY,0.008517,2.079113
2022-07-26,LLY,3e-05,2.079206
2022-07-27,LLY,-0.007902,2.054874
2022-07-28,LLY,0.005654,2.072147
2022-07-29,LLY,-0.003355,2.061839
2022-08-01,LLY,-0.016804,2.010389
2022-08-02,LLY,-0.012186,1.973705
2022-08-03,LLY,-0.019894,1.914547
2022-08-04,LLY,-0.025619,1.839879
2022-08-05,LLY,-0.014618,1.798366
2022-08-08,LLY,0.003916,1.809325
2022-08-09,LLY,0.001719,1.814154
2022-08-10,LLY,0.005247,1.828921
2022-08-11,LLY,-0.011293,1.796974
2022-08-12,LLY,0.026283,1.870487
2022-08-15,LLY,0.019021,1.925087
2022-08-16,LLY,-0.011563,1.891264
2022-08-17,LLY,0.020979,1.95192
2022-08-18,LLY,-0.000315,1.950989
2022-08-19,LLY,0.019102,2.007358
2022-08-22,LLY,0.001022,2.010433
2022-08-23,LLY,-0.02476,1.935895
2022-08-24,LLY,0.011964,1.971021
2022-08-25,LLY,0.013391,2.010807
2022-08-26,LLY,-0.023457,1.940181
2022-08-29,LLY,-0.017144,1.889774
2022-08-30,LLY,-0.010028,1.860797
2022-08-31,LLY,-0.018923,1.806663
2022-09-01,LLY,0.026226,1.880271
2022-09-02,LLY,-0.025232,1.807595
2022-09-06,LLY,0.018219,1.858747
2022-09-07,LLY,0.015579,1.903284
2022-09-08,LLY,0.012516,1.939622
2022-09-09,LLY,0.006973,1.96012
2022-09-12,LLY,-0.007806,1.937013
2022-09-13,LLY,-0.027727,1.855579
2022-09-14,LLY,0.010213,1.884742
2022-09-15,LLY,-0.000452,1.883438
2022-09-16,LLY,-0.001874,1.878034
2022-09-19,LLY,-0.012302,1.842628
2022-09-20,LLY,-0.011013,1.811322
2022-09-21,LLY,-0.0174,1.762406
2022-09-22,LLY,0.048536,1.896482
2022-09-23,LLY,0.001898,1.901979
2022-09-26,LLY,-0.012714,1.865083
2022-09-27,LLY,0.011707,1.898625
2022-09-28,LLY,0.074831,2.115533
2022-09-29,LLY,-0.013069,2.074817
2022-09-30,LLY,-0.020181,2.012763
2022-10-03,LLY,-0.005567,1.995992
2022-10-04,LLY,0.025937,2.073699
2022-10-05,LLY,0.005729,2.091308
2022-10-06,LLY,0.003527,2.10221
2022-10-07,LLY,-0.018892,2.043603
2022-10-10,LLY,-0.00848,2.017794
2022-10-11,LLY,0.011454,2.052362
2022-10-12,LLY,-0.009249,2.024131
2022-10-13,LLY,0.0232,2.09429
2022-10-14,LLY,-0.002138,2.087675
2022-10-17,LLY,0.004134,2.100439
2022-10-18,LLY,0.006822,2.12159
2022-10-19,LLY,-0.017133,2.068108
2022-10-20,LLY,-0.000668,2.066058
2022-10-21,LLY,0.035555,2.175071
2022-10-24,LLY,0.020923,2.241504
2022-10-25,LLY,0.009801,2.273275
2022-10-26,LLY,0.018645,2.334304
2022-10-27,LLY,-0.004275,2.320049
2022-10-28,LLY,0.010019,2.353311
2022-10-31,LLY,0.006085,2.373717
2022-11-01,LLY,-0.026264,2.285109
2022-11-02,LLY,0.00675,2.307284
2022-11-03,LLY,0.018932,2.369896
2022-11-04,LLY,-0.011806,2.330112
2022-11-07,LLY,0.021432,2.401483
2022-11-08,LLY,0.004355,2.416297
2022-11-09,LLY,-0.009246,2.384711
2022-11-10,LLY,0.015003,2.435491
2022-11-11,LLY,-0.044533,2.2825
2022-11-14,LLY,0.013492,2.326787
2022-11-15,LLY,-0.01716,2.2697
2022-11-16,LLY,0.008515,2.297543
2022-11-17,LLY,0.022214,2.370794
2022-11-18,LLY,0.002495,2.379203
2022-11-21,LLY,-0.001382,2.374532
2022-11-22,LLY,-0.000803,2.371822
2022-11-23,LLY,0.002327,2.37967
2022-11-25,LLY,0.009759,2.412652
2022-11-28,LLY,0.001424,2.417511
2022-11-29,LLY,-0.004976,2.400506
2022-11-30,LLY,0.019591,2.467124
2022-12-01,LLY,-0.002021,2.460116
2022-12-02,LLY,0.011962,2.501507
2022-12-05,LLY,-0.014596,2.4504
2022-12-06,LLY,-0.002031,2.443392
2022-12-07,LLY,0.009307,2.47544
2022-12-08,LLY,-0.000484,2.473758
2022-12-09,LLY,-0.029049,2.37285
2022-12-12,LLY,0.017341,2.43134
2022-12-13,LLY,-0.02339,2.35108
2022-12-14,LLY,0.013495,2.396302
2022-12-15,LLY,-0.009601,2.363693
2022-12-16,LLY,-0.000389,2.362386
2022-12-19,LLY,-0.005808,2.342858
2022-12-20,LLY,0.005199,2.360236
2022-12-21,LLY,0.023273,2.43844
2022-12-22,LLY,-0.007337,2.413213
2022-12-23,LLY,0.00709,2.437412
2022-12-27,LLY,-0.008209,2.409195
2022-12-28,LLY,0.000932,2.412373
2022-12-29,LLY,0.004928,2.42919
2022-12-30,LLY,-0.003215,2.418165
2023-01-03,LLY,-0.002323,2.410224
2023-01-04,LLY,-0.005178,2.392565
2023-01-05,LLY,-0.011512,2.353509
2023-01-06,LLY,0.0112,2.39107
2023-01-09,LLY,-0.036122,2.268578
2023-01-10,LLY,0.008347,2.295861
2023-01-11,LLY,0.021715,2.367431
2023-01-12,LLY,-0.003579,2.355378
2023-01-13,LLY,0.006962,2.378737
2023-01-17,LLY,-0.01073,2.342485
2023-01-18,LLY,-0.016017,2.288947
2023-01-19,LLY,-0.002642,2.280258
2023-01-20,LLY,-0.01427,2.233448
2023-01-23,LLY,-0.011154,2.197382
2023-01-24,LLY,0.012215,2.236437
2023-01-25,LLY,0.009642,2.267644
2023-01-26,LLY,-0.004918,2.251574
2023-01-27,LLY,-0.016982,2.196354
2023-01-30,LLY,-0.004677,2.181405
2023-01-31,LLY,0.01072,2.215509
2023-02-01,LLY,-0.004591,2.200746
2023-02-02,LLY,-0.03465,2.089841
2023-02-03,LLY,0.02534,2.168137
2023-02-06,LLY,-0.004188,2.15487
2023-02-07,LLY,0.005982,2.173743
2023-02-08,LLY,0.003091,2.183554
2023-02-09,LLY,0.003111,2.193458
2023-02-10,LLY,0.009743,2.224572
2023-02-13,LLY,0.015299,2.273903
2023-02-14,LLY,-0.004896,2.257875
2023-02-15,LLY,-0.036109,2.140237
2023-02-16,LLY,-0.026686,2.056437
2023-02-17,LLY,0.007146,2.078278
2023-02-21,LLY,-0.00271,2.069935
2023-02-22,LLY,0.004763,2.084558
2023-02-23,LLY,-0.00471,2.070029
2023-02-24,LLY,-0.017953,2.014913
2023-02-27,LLY,-0.015608,1.967857
2023-02-28,LLY,-0.017055,1.91724
2023-03-01,LLY,0.009479,1.944893
2023-03-02,LLY,0.002801,1.953141
2023-03-03,LLY,0.010728,1.984823
2023-03-06,LLY,0.001664,1.989791
2023-03-07,LLY,-0.026116,1.911709
2023-03-08,LLY,0.006149,1.929613
2023-03-09,LLY,0.01379,1.970014
2023-03-10,LLY,-0.005776,1.95286
2023-03-13,LLY,0.030061,2.041627
2023-03-14,LLY,0.007951,2.065811
2023-03-15,LLY,0.007338,2.088308
2023-03-16,LLY,0.000182,2.088871
2023-03-17,LLY,-0.001062,2.085589
2023-03-20,LLY,0.013427,2.127021
2023-03-21,LLY,-0.007554,2.103399
2023-03-22,LLY,-0.000332,2.102368
2023-03-23,LLY,0.005046,2.118022
2023-03-24,LLY,0.010492,2.150736
2023-03-27,LLY,-0.004552,2.136394
2023-03-28,LLY,0.009115,2.164984
2023-03-29,LLY,-0.005272,2.148298
2023-03-30,LLY,0.014351,2.193479
2023-03-31,LLY,0.008013,2.219068
2023-04-03,LLY,0.021315,2.287683
2023-04-04,LLY,0.011062,2.324052
2023-04-05,LLY,0.021488,2.395479
2023-04-06,LLY,0.016702,2.452189
2023-04-10,LLY,-0.003503,2.440098
2023-04-11,LLY,-0.008066,2.412352
2023-04-12,LLY,0.013762,2.459313
2023-04-13,LLY,0.016529,2.516492
2023-04-14,LLY,-0.001119,2.512556
2023-04-17,LLY,-0.006351,2.490247
2023-04-18,LLY,-0.006553,2.467375
2023-04-19,LLY,0.001514,2.472623
2023-04-20,LLY,0.011715,2.513305
2023-04-21,LLY,0.027827,2.611071
2023-04-24,LLY,-0.004906,2.593355
2023-04-25,LLY,0.003887,2.607322
2023-04-26,LLY,-0.022269,2.52699
2023-04-27,LLY,0.03742,2.65897
2023-04-28,LLY,0.014115,2.710618
2023-05-01,LLY,0.025135,2.803885
2023-05-02,LLY,-0.003967,2.788794
2023-05-03,LLY,0.066774,3.041786
2023-05-04,LLY,-0.006378,3.016009
2023-05-05,LLY,-0.00147,3.010104
2023-05-08,LLY,0.011477,3.056128
2023-05-09,LLY,-0.01003,3.015447
2023-05-10,LLY,0.017601,3.086124
2023-05-11,LLY,-0.000849,3.082655
2023-05-12,LLY,2.3e-05,3.082749
2023-05-15,LLY,0.000184,3.0835
2023-05-16,LLY,0.004925,3.103612
2023-05-17,LLY,0.001878,3.111318
2023-05-18,LLY,0.00096,3.115266
2023-05-19,LLY,0.010254,3.157463
2023-05-22,LLY,-0.018966,3.078614
2023-05-23,LLY,-0.024839,2.977304
2023-05-24,LLY,0.006049,3.001363
2023-05-25,LLY,0.003617,3.015836
2023-05-26,LLY,-0.003557,3.001551
2023-05-30,LLY,0.003405,3.015178
2023-05-31,LLY,0.005196,3.036041
2023-06-01,LLY,0.016369,3.102109
2023-06-02,LLY,0.013379,3.156993
2023-06-05,LLY,0.004363,3.175131
2023-06-06,LLY,-0.002679,3.163948
2023-06-07,LLY,-0.015122,3.100981
2023-06-08,LLY,0.021289,3.188288
2023-06-09,LLY,0.000853,3.191859
2023-06-12,LLY,-0.001637,3.184999
2023-06-13,LLY,0.000921,3.188852
2023-06-14,LLY,0.004487,3.207648
2023-06-15,LLY,0.01387,3.266009
2023-06-16,LLY,-0.013703,3.207554
2023-06-20,LLY,0.00947,3.247401
2023-06-21,LLY,0.002323,3.257268
2023-06-22,LLY,0.010331,3.301251
2023-06-23,LLY,0.002535,3.312153
2023-06-26,LLY,-0.013251,3.255014
2023-06-27,LLY,0.02593,3.365345
2023-06-28,LLY,-0.012486,3.310837
2023-06-29,LLY,0.012622,3.365251
2023-06-30,LLY,0.009667,3.407448
2023-07-03,LLY,-0.01612,3.3364
2023-07-05,LLY,0.009276,3.376623
2023-07-06,LLY,-0.005347,3.353222
2023-07-07,LLY,-0.024028,3.248622
2023-07-10,LLY,0.002389,3.258773
2023-07-11,LLY,-0.030387,3.129363
2023-07-12,LLY,0.002754,3.140735
2023-07-13,LLY,-0.013391,3.085287
2023-07-14,LLY,0.033954,3.224
2023-07-17,LLY,-0.005162,3.202198
2023-07-18,LLY,0.00908,3.240353
2023-07-19,LLY,0.005231,3.262532
2023-07-20,LLY,0.022621,3.358954
2023-07-21,LLY,-0.003838,3.342226
2023-07-24,LLY,-0.005887,3.316664
2023-07-25,LLY,-0.003875,3.299935
2023-07-26,LLY,-0.008633,3.262814
2023-07-27,LLY,0.003087,3.275971
2023-07-28,LLY,0.00767,3.30877
2023-07-31,LLY,-0.008572,3.271835
2023-08-01,LLY,-0.003212,3.258114
2023-08-02,LLY,0.003068,3.271178
2023-08-03,LLY,-0.011706,3.221181
2023-08-04,LLY,0.000735,3.224282
2023-08-07,LLY,0.010212,3.267418
2023-08-08,LLY,0.148696,3.901968
2023-08-09,LLY,0.008877,3.945481
2023-08-10,LLY,-0.009292,3.899525
2023-08-11,LLY,0.013312,3.964746
2023-08-14,LLY,0.020582,4.066933
2023-08-15,LLY,0.016022,4.148117
2023-08-16,LLY,-0.000695,4.144537
2023-08-17,LLY,-0.015707,4.06373
2023-08-18,LLY,0.016312,4.146327
2023-08-21,LLY,0.006625,4.180421
2023-08-22,LLY,0.006563,4.21442
2023-08-23,LLY,-0.000542,4.211595
2023-08-24,LLY,-0.009686,4.161114
2023-08-25,LLY,0.01031,4.214326
2023-08-28,LLY,0.000488,4.21687
2023-08-29,LLY,-3.6e-05,4.21668
2023-08-30,LLY,-0.01067,4.161019
2023-08-31,LLY,0.011333,4.219506
2023-09-01,LLY,0.005251,4.246913
2023-09-05,LLY,0.001939,4.257084
2023-09-06,LLY,0.003153,4.273659
2023-09-07,LLY,0.023716,4.398732
2023-09-08,LLY,0.02308,4.523334
2023-09-11,LLY,0.015517,4.609038
2023-09-12,LLY,0.00628,4.644261
2023-09-13,LLY,-0.000701,4.640306
2023-09-14,LLY,-0.012139,4.571836
2023-09-15,LLY,-0.02696,4.421618
2023-09-18,LLY,-0.007609,4.380367
2023-09-19,LLY,0.006442,4.415027
2023-09-20,LLY,-0.009253,4.364921
2023-09-21,LLY,-0.03425,4.181173
2023-09-22,LLY,0.000745,4.185035
2023-09-25,LLY,0.003179,4.201517
2023-09-26,LLY,-0.004128,4.180044
2023-09-27,LLY,-0.000455,4.17769
2023-09-28,LLY,-0.009659,4.12768
2023-09-29,LLY,-0.013445,4.058739
2023-10-02,LLY,0.002159,4.069663
2023-10-03,LLY,-0.024336,3.946286
2023-10-04,LLY,0.011939,4.005339
2023-10-05,LLY,0.018853,4.099707
2023-10-06,LLY,0.043843,4.323292
2023-10-09,LLY,0.011571,4.384888
2023-10-10,LLY,0.013205,4.455994
2023-10-11,LLY,0.044829,4.700581
2023-10-12,LLY,0.008624,4.749745
2023-10-13,LLY,-0.002129,4.737502
2023-10-16,LLY,0.012212,4.807571
2023-10-17,LLY,-0.013509,4.729119
2023-10-18,LLY,-0.001759,4.719041
2023-10-19,LLY,-0.027073,4.564208
2023-10-20,LLY,-0.010427,4.506192
2023-10-23,LLY,-0.013667,4.430941
2023-10-24,LLY,0.027365,4.579559
2023-10-25,LLY,-0.010077,4.523334
2023-10-26,LLY,-0.031307,4.350417
2023-10-27,LLY,-0.013853,4.276297
2023-10-30,LLY,0.009782,4.327909
2023-10-31,LLY,-0.020824,4.216963
2023-11-01,LLY,0.000957,4.221955
2023-11-02,LLY,0.046586,4.465223
2023-11-03,LLY,-0.021506,4.347686
2023-11-06,LLY,0.04822,4.605553
2023-11-07,LLY,0.007964,4.650194
2023-11-08,LLY,0.032004,4.831022
2023-11-09,LLY,-0.044918,4.569105
2023-11-10,LLY,0.010806,4.629287
2023-11-13,LLY,0.025096,4.770558
2023-11-14,LLY,-0.001243,4.763387
2023-11-15,LLY,-0.036476,4.553164
2023-11-16,LLY,0.000357,4.555146
2023-11-17,LLY,0.005028,4.583075
2023-11-20,LLY,0.009954,4.638651
2023-11-21,LLY,-0.008367,4.591472
2023-11-22,LLY,0.004202,4.614967
2023-11-24,LLY,0.010099,4.671674
2023-11-27,LLY,-0.015921,4.581377
2023-11-28,LLY,0.000118,4.582036
2023-11-29,LLY,0.00044,4.58449
2023-11-30,LLY,-0.001385,4.576753
2023-12-01,LLY,-0.011844,4.510705
2023-12-04,LLY,0.002808,4.526179
2023-12-05,LLY,0.004217,4.549485
2023-12-06,LLY,0.00187,4.559863
2023-12-07,LLY,-0.001663,4.550617
2023-12-08,LLY,0.016625,4.642896
2023-12-11,LLY,-0.023426,4.510705
2023-12-12,LLY,0.001233,4.517499
2023-12-13,LLY,0.021787,4.637706
2023-12-14,LLY,-0.039883,4.412859
2023-12-15,LLY,-0.002842,4.397478
2023-12-18,LLY,0.013495,4.47032
2023-12-19,LLY,8.7e-05,4.470794
2023-12-20,LLY,-0.016557,4.380212
2023-12-21,LLY,0.003139,4.397101
2023-12-22,LLY,-0.002815,4.381911
2023-12-26,LLY,0.000491,4.384553
2023-12-27,LLY,0.018995,4.486833
2023-12-28,LLY,-0.001135,4.480605
2023-12-29,LLY,0.003564,4.500137
2024-01-02,LLY,0.01592,4.587699
2024-01-03,LLY,0.04306,4.828303
2024-01-04,LLY,-0.005181,4.798109
2024-01-05,LLY,0.006591,4.836324
2024-01-08,LLY,0.012093,4.9069
2024-01-09,LLY,-0.000878,4.901712
2024-01-10,LLY,0.00753,4.946154
2024-01-11,LLY,0.008775,4.998331
2024-01-12,LLY,0.011326,5.066266
2024-01-16,LLY,-0.012987,4.987481
2024-01-17,LLY,-0.00892,4.934075
2024-01-18,LLY,-0.008841,4.881613
2024-01-19,LLY,0.00839,4.930962
2024-01-22,LLY,0.003659,4.952662
2024-01-23,LLY,-0.001902,4.94134
2024-01-24,LLY,0.006384,4.979271
2024-01-25,LLY,-0.009594,4.921904
2024-01-26,LLY,0.01853,5.031639
2024-01-29,LLY,0.008995,5.085892
2024-01-30,LLY,-3.1e-05,5.085704
2024-01-31,LLY,0.000977,5.091647
2024-02-01,LLY,0.022955,5.231482
2024-02-02,LLY,0.010932,5.299606
2024-02-05,LLY,0.05774,5.663345
2024-02-06,LLY,-0.001657,5.652306
2024-02-07,LLY,0.028864,5.844318
2024-02-08,LLY,0.014199,5.941503
2024-02-09,LLY,0.00609,5.983774
2024-02-12,LLY,-0.003918,5.956411
2024-02-13,LLY,0.007745,6.010287
2024-02-14,LLY,0.021088,6.158117
2024-02-15,LLY,0.000621,6.162561
2024-02-16,LLY,0.032041,6.392056
2024-02-20,LLY,-0.033757,6.142521
2024-02-21,LLY,-0.012903,6.050364
2024-02-22,LLY,0.031814,6.274661
2024-02-23,LLY,-0.00013,6.273716
2024-02-26,LLY,0.003093,6.296212
2024-02-27,LLY,-0.008965,6.230802
2024-02-28,LLY,-0.009621,6.161236
2024-02-29,LLY,-0.005227,6.123807
2024-03-01,LLY,0.037735,6.392623
2024-03-04,LLY,0.01299,6.488655
2024-03-05,LLY,-0.018541,6.349805
2024-03-06,LLY,0.002803,6.37041
2024-03-07,LLY,0.0005,6.374097
2024-03-08,LLY,-0.023098,6.20377
2024-03-11,LLY,-0.036437,5.941287
2024-03-12,LLY,0.028024,6.135811
2024-03-13,LLY,0.003828,6.163127
2024-03-14,LLY,0.003813,6.190443
2024-03-15,LLY,-0.008623,6.128438
2024-03-18,LLY,0.011257,6.208686
2024-03-19,LLY,0.013269,6.30434
2024-03-20,LLY,0.000103,6.305096
2024-03-21,LLY,-0.003364,6.280522
2024-03-22,LLY,0.000454,6.283829
2024-03-25,LLY,0.003283,6.307743
2024-03-26,LLY,0.002276,6.324378
2024-03-27,LLY,0.004233,6.355382
2024-03-28,LLY,-0.000283,6.353303
2024-04-01,LLY,-0.022379,6.188742
2024-04-02,LLY,0.004484,6.220973
2024-04-03,LLY,0.015747,6.334682
2024-04-04,LLY,-0.010193,6.259917
2024-04-05,LLY,0.021,6.412377
2024-04-08,LLY,-0.008824,6.346969
2024-04-09,LLY,-0.025795,6.157456
2024-04-10,LLY,0.00626,6.202259
2024-04-11,LLY,-0.003137,6.179669
2024-04-12,LLY,-0.010466,6.104524
2024-04-15,LLY,-0.001157,6.096301
2024-04-16,LLY,-0.005368,6.05821
2024-04-17,LLY,0.005397,6.096301
2024-04-18,LLY,-0.00642,6.050742
2024-04-19,LLY,-0.026329,5.865104
2024-04-22,LLY,0.006912,5.912554
2024-04-23,LLY,0.019635,6.048285
2024-04-24,LLY,-0.018091,5.920777
2024-04-25,LLY,-0.010011,5.851493
2024-04-26,LLY,0.01192,5.93316
2024-04-29,LLY,0.005031,5.968038
2024-04-30,LLY,0.059549,6.382981
2024-05-01,LLY,-0.005569,6.341864
2024-05-02,LLY,-0.02683,6.144884
2024-05-03,LLY,-0.027702,5.946958
2024-05-06,LLY,0.043145,6.246683
2024-05-07,LLY,0.014465,6.351506
2024-05-08,LLY,-0.003562,6.325323
2024-05-09,LLY,-0.004452,6.292713
2024-05-10,LLY,-0.01497,6.183544
2024-05-13,LLY,-0.003026,6.161804
2024-05-14,LLY,0.008288,6.221162
2024-05-15,LLY,0.031914,6.451618
2024-05-16,LLY,-0.020203,6.301073
2024-05-17,LLY,-0.001452,6.29047
2024-05-20,LLY,0.017117,6.415258
2024-05-21,LLY,0.025524,6.604527
2024-05-22,LLY,-0.000324,6.602065
2024-05-23,LLY,0.0069,6.654519
2024-05-24,LLY,-0.001262,6.644862
2024-05-28,LLY,0.000532,6.648932
2024-05-29,LLY,0.004543,6.683681
2024-05-30,LLY,0.00435,6.717103
2024-05-31,LLY,0.006478,6.767096
2024-06-03,LLY,0.013311,6.870487
2024-06-04,LLY,0.0016,6.88308
2024-06-05,LLY,-0.000997,6.875222
2024-06-06,LLY,0.006649,6.927581
2024-06-07,LLY,0.015168,7.047826
2024-06-10,LLY,0.017659,7.189942
2024-06-11,LLY,0.000948,7.197706
2024-06-12,LLY,0.001709,7.211719
2024-06-13,LLY,0.018483,7.363493
2024-06-14,LLY,-0.005525,7.317289
2024-06-17,LLY,0.007468,7.3794
2024-06-18,LLY,0.007288,7.44047
2024-06-20,LLY,-0.006136,7.388679
2024-06-21,LLY,-0.002382,7.368701
2024-06-24,LLY,0.007048,7.427687
2024-06-25,LLY,0.01629,7.564975
2024-06-26,LLY,-0.003703,7.533258
2024-06-27,LLY,0.008632,7.606919
2024-06-28,LLY,-0.004026,7.572266
2024-07-01,LLY,0.00993,7.657385
2024-07-02,LLY,-0.008377,7.584859
2024-07-03,LLY,-0.009496,7.503338
2024-07-05,LLY,0.018339,7.659278
2024-07-08,LLY,0.00375,7.691754
2024-07-09,LLY,0.015795,7.829042
2024-07-10,LLY,0.007807,7.89797
2024-07-11,LLY,-0.006001,7.84457
2024-07-12,LLY,0.015265,7.979585
2024-07-15,LLY,0.002172,7.99909
2024-07-16,LLY,-0.009322,7.915202
2024-07-17,LLY,-0.038243,7.574254
2024-07-18,LLY,-0.0626,7.037506
2024-07-19,LLY,0.010095,7.118648
2024-07-22,LLY,0.009913,7.199126
2024-07-23,LLY,0.014227,7.315774
2024-07-24,LLY,-0.020961,7.141465
2024-07-25,LLY,-0.044994,6.775144
2024-07-26,LLY,-0.020178,6.618256
2024-07-29,LLY,0.00394,6.64827
2024-07-30,LLY,-0.021763,6.48182
2024-07-31,LLY,0.017793,6.614942
2024-08-01,LLY,0.035026,6.881659
2024-08-02,LLY,-0.033612,6.616741
2024-08-05,LLY,-0.036298,6.340272
2024-08-06,LLY,0.023115,6.509941
2024-08-07,LLY,-0.026526,6.310731
2024-08-08,LLY,0.094763,7.003515
2024-08-09,LLY,0.054856,7.442553
2024-08-12,LLY,-0.008187,7.373435
2024-08-13,LLY,0.026765,7.597546
2024-08-14,LLY,0.026023,7.821278
2024-08-15,LLY,0.00129,7.832657
2024-08-16,LLY,-0.010155,7.742962
2024-08-19,LLY,-0.000336,7.740024
2024-08-20,LLY,0.030548,8.007018
2024-08-21,LLY,0.002105,8.025981
2024-08-22,LLY,0.002311,8.04684
2024-08-23,LLY,-0.001499,8.033282
2024-08-26,LLY,-0.00232,8.012328
2024-08-27,LLY,0.004156,8.049779
2024-08-28,LLY,-0.005804,7.997252
2024-08-29,LLY,-0.00921,7.914386
2024-08-30,LLY,0.021081,8.102306
2024-09-03,LLY,-0.003635,8.069217
2024-09-04,LLY,-0.010684,7.972317
2024-09-05,LLY,-0.035464,7.654122
2024-09-06,LLY,-0.011,7.558929
2024-09-09,LLY,0.006159,7.611645
2024-09-10,LLY,-0.007729,7.545086
2024-09-11,LLY,0.021792,7.7313
2024-09-12,LLY,0.015344,7.865273
2024-09-13,LLY,-0.012096,7.758037
2024-09-16,LLY,-0.000184,7.756426
2024-09-17,LLY,-0.018797,7.59183
2024-09-18,LLY,-0.001335,7.580356
2024-09-19,LLY,0.011127,7.675833
2024-09-20,LLY,0.007049,7.736989
2024-09-23,LLY,-0.003223,7.70883
2024-09-24,LLY,0.006434,7.764864
2024-09-25,LLY,0.000141,7.766097
2024-09-26,LLY,-0.016484,7.6216
2024-09-27,LLY,-0.034674,7.322653
2024-09-30,LLY,0.009285,7.399926
2024-10-01,LLY,-0.001648,7.386083
2024-10-02,LLY,0.007451,7.448566
2024-10-03,LLY,-0.006195,7.396228
2024-10-04,LLY,0.001818,7.411493
2024-10-07,LLY,0.01267,7.518064
2024-10-08,LLY,0.017053,7.663319
2024-10-09,LLY,0.006588,7.720397
2024-10-10,LLY,-0.00984,7.63459
2024-10-11,LLY,0.023466,7.837207
2024-10-14,LLY,-0.002736,7.81303
2024-10-15,LLY,-0.017418,7.659526
2024-10-16,LLY,0.003394,7.688919
2024-10-17,LLY,0.000764,7.695555
2024-10-18,LLY,0.000927,7.703614
2024-10-21,LLY,-0.012898,7.591355
2024-10-22,LLY,0.003333,7.61999
2024-10-23,LLY,-0.00649,7.56405
2024-10-24,LLY,-0.013208,7.450936
2024-10-25,LLY,0.001548,7.46402
2024-10-28,LLY,0.003237,7.491422
2024-10-29,LLY,0.008922,7.567178
2024-10-30,LLY,-0.062806,7.029109
2024-10-31,LLY,-0.020181,6.867074
2024-11-01,LLY,-0.013028,6.764579
2024-11-04,LLY,-0.015618,6.643313
2024-11-05,LLY,-9.9e-05,6.642555
2024-11-06,LLY,-0.036821,6.361147
2024-11-07,LLY,0.027139,6.56092
2024-11-08,LLY,0.042749,6.88414
2024-11-11,LLY,0.001082,6.892673
2024-11-12,LLY,-0.016313,6.763916
2024-11-13,LLY,-0.00861,6.697072
2024-11-14,LLY,-0.03151,6.454539
2024-11-15,LLY,-0.049342,6.086717
2024-11-18,LLY,-0.025462,5.906273
2024-11-19,LLY,0.003479,5.930299
2024-11-20,LLY,0.03245,6.15519
2024-11-21,LLY,-0.004632,6.122045
2024-11-22,LLY,-0.002547,6.103906
2024-11-25,LLY,0.009345,6.170291
2024-11-26,LLY,0.045457,6.496231
2024-11-27,LLY,-0.001432,6.485498
2024-11-29,LLY,0.009084,6.553497
2024-12-02,LLY,0.005595,6.595759
2024-12-03,LLY,0.016917,6.724256
2024-12-04,LLY,0.020299,6.881053
2024-12-05,LLY,-0.005086,6.840974
2024-12-06,LLY,0.00132,6.851327
2024-12-09,LLY,-0.027978,6.631659
2024-12-10,LLY,-0.004978,6.59367
2024-12-11,LLY,-0.00444,6.559956
2024-12-12,LLY,-0.017185,6.430036
2024-12-13,LLY,0.008653,6.494331
2024-12-16,LLY,-0.012824,6.398221
2024-12-17,LLY,-0.000488,6.394612
2024-12-18,LLY,-0.017865,6.262508
2024-12-19,LLY,-0.009376,6.194414
2024-12-20,LLY,0.013491,6.291473
2024-12-23,LLY,0.037147,6.56233
2024-12-24,LLY,-0.000766,6.556536
2024-12-26,LLY,-0.001923,6.542006
2024-12-27,LLY,-0.013814,6.437824
2024-12-30,LLY,-0.011913,6.349216
2019-01-03,NEE,-0.002473,-0.002473
2019-01-04,NEE,0.018417,0.015898
2019-01-07,NEE,-0.001449,0.014426
2019-01-08,NEE,0.007314,0.021845
2019-01-09,NEE,-0.004322,0.017429
2019-01-10,NEE,0.015047,0.032738
2019-01-11,NEE,0.001824,0.034623
2019-01-14,NEE,-0.025497,0.008243
2019-01-15,NEE,0.020382,0.028793
2019-01-16,NEE,-0.000229,0.028558
2019-01-17,NEE,0.004637,0.033327
2019-01-18,NEE,0.003419,0.03686
2019-01-22,NEE,0.007326,0.044456
2019-01-23,NEE,0.011275,0.056232
2019-01-24,NEE,0.005018,0.061532
2019-01-25,NEE,-0.033725,0.025731
2019-01-28,NEE,-0.009931,0.015545
2019-01-29,NEE,0.002261,0.017841
2019-01-30,NEE,0.004223,0.022139
2019-01-31,NEE,0.03105,0.053877
2019-02-01,NEE,-0.006481,0.047047
2019-02-04,NEE,0.001575,0.048696
2019-02-05,NEE,0.000393,0.049108
2019-02-06,NEE,-0.000393,0.048696
2019-02-07,NEE,0.018248,0.067832
2019-02-08,NEE,0.009153,0.077606
2019-02-11,NEE,0.0,0.077606
2019-02-12,NEE,0.001421,0.079138
2019-02-13,NEE,-0.002292,0.076665
2019-02-14,NEE,-0.001313,0.075251
2019-02-15,NEE,0.007831,0.083672
2019-02-19,NEE,0.007227,0.091503
2019-02-20,NEE,0.001457,0.093093
2019-02-21,NEE,0.004955,0.09851
2019-02-22,NEE,0.008416,0.107755
2019-02-25,NEE,-0.001329,0.106282
2019-02-26,NEE,0.001863,0.108343
2019-02-27,NEE,-0.000909,0.107336
2019-02-28,NEE,0.004871,0.11273
2019-03-01,NEE,-0.000853,0.111781
2019-03-04,NEE,0.003626,0.115812
2019-03-05,NEE,0.000425,0.116286
2019-03-06,NEE,-0.003982,0.111841
2019-03-07,NEE,0.001919,0.113975
2019-03-08,NEE,0.004097,0.118539
2019-03-11,NEE,0.00424,0.123281
2019-03-12,NEE,0.007335,0.13152
2019-03-13,NEE,0.000419,0.131994
2019-03-14,NEE,5.2e-05,0.132054
2019-03-15,NEE,0.001361,0.133595
2019-03-18,NEE,-0.001935,0.131402
2019-03-19,NEE,-0.012417,0.117353
2019-03-20,NEE,0.007268,0.125474
2019-03-21,NEE,0.010744,0.137566
2019-03-22,NEE,0.010526,0.14954
2019-03-25,NEE,-0.00165,0.147644
2019-03-26,NEE,0.007179,0.155883
2019-03-27,NEE,-0.005538,0.149481
2019-03-28,NEE,-0.010314,0.137626
2019-03-29,NEE,0.007295,0.145924
2019-04-01,NEE,-0.014639,0.129149
2019-04-02,NEE,-0.005302,0.123162
2019-04-03,NEE,-0.000897,0.122155
2019-04-04,NEE,-0.004807,0.116761
2019-04-05,NEE,0.008917,0.126719
2019-04-08,NEE,-0.007576,0.118183
2019-04-09,NEE,0.005672,0.124526
2019-04-10,NEE,-0.005746,0.118064
2019-04-11,NEE,0.007528,0.126482
2019-04-12,NEE,0.004263,0.131284
2019-04-15,NEE,0.001624,0.133121
2019-04-16,NEE,-0.008579,0.1234
2019-04-17,NEE,0.000686,0.12417
2019-04-18,NEE,-0.001529,0.122451
2019-04-22,NEE,0.005387,0.128497
2019-04-23,NEE,-0.003099,0.125
2019-04-24,NEE,0.001423,0.1266
2019-04-25,NEE,0.00221,0.12909
2019-04-26,NEE,0.006458,0.136381
2019-04-29,NEE,0.000313,0.136737
2019-04-30,NEE,0.013923,0.152563
2019-05-01,NEE,-0.006017,0.145628
2019-05-02,NEE,-0.00802,0.13644
2019-05-03,NEE,0.003599,0.14053
2019-05-06,NEE,-0.007848,0.13158
2019-05-07,NEE,-0.006024,0.124763
2019-05-08,NEE,-0.009855,0.113678
2019-05-09,NEE,0.003886,0.118005
2019-05-10,NEE,0.016701,0.136677
2019-05-13,NEE,0.016531,0.155468
2019-05-14,NEE,-0.000154,0.15529
2019-05-15,NEE,-0.000205,0.155053
2019-05-16,NEE,0.011547,0.16839
2019-05-17,NEE,0.009487,0.179474
2019-05-20,NEE,0.00186,0.181668
2019-05-21,NEE,-0.002258,0.179
2019-05-22,NEE,0.015234,0.196961
2019-05-23,NEE,0.007923,0.206445
2019-05-24,NEE,-0.000786,0.205497
2019-05-28,NEE,-0.010818,0.192456
2019-05-29,NEE,-0.012179,0.177934
2019-05-30,NEE,0.001107,0.179237
2019-05-31,NEE,0.002631,0.182339
2019-06-03,NEE,0.006912,0.190512
2019-06-04,NEE,-0.001002,0.189318
2019-06-05,NEE,0.026432,0.220754
2019-06-06,NEE,0.005424,0.227376
2019-06-07,NEE,-0.006658,0.219204
2019-06-10,NEE,-0.004746,0.213418
2019-06-11,NEE,-0.007128,0.204768
2019-06-12,NEE,0.012774,0.220158
2019-06-13,NEE,0.001075,0.22147
2019-06-14,NEE,0.010695,0.234534
2019-06-17,NEE,-0.002851,0.231014
2019-06-18,NEE,-0.004603,0.225347
2019-06-19,NEE,0.003992,0.230239
2019-06-20,NEE,0.000679,0.231074
2019-06-21,NEE,0.00567,0.238054
2019-06-24,NEE,0.003132,0.241931
2019-06-25,NEE,-0.00951,0.230119
2019-06-26,NEE,-0.015275,0.21133
2019-06-27,NEE,0.007288,0.220158
2019-06-28,NEE,0.001515,0.222007
2019-07-01,NEE,-0.0041,0.216997
2019-07-02,NEE,0.017841,0.238709
2019-07-03,NEE,0.005153,0.245092
2019-07-05,NEE,-0.00297,0.241394
2019-07-08,NEE,0.004901,0.247478
2019-07-09,NEE,-0.004638,0.241692
2019-07-10,NEE,0.006341,0.249566
2019-07-11,NEE,0.004392,0.255054
2019-07-12,NEE,-0.007937,0.245092
2019-07-15,NEE,0.000575,0.245808
2019-07-16,NEE,-0.004644,0.240022
2019-07-17,NEE,0.009765,0.252131
2019-07-18,NEE,0.011672,0.266745
2019-07-19,NEE,-0.012385,0.251057
2019-07-22,NEE,-0.001764,0.24885
2019-07-23,NEE,-0.00984,0.236562
2019-07-24,NEE,0.013314,0.253026
2019-07-25,NEE,-0.011568,0.23853
2019-07-26,NEE,0.007417,0.247717
2019-07-29,NEE,0.010566,0.2609
2019-07-30,NEE,-0.009415,0.249029
2019-07-31,NEE,-0.010602,0.235786
2019-08-01,NEE,0.014915,0.254219
2019-08-02,NEE,0.00547,0.261079
2019-08-05,NEE,-0.015894,0.241036
2019-08-06,NEE,0.016102,0.261018
2019-08-07,NEE,0.006954,0.269787
2019-08-08,NEE,0.01104,0.283805
2019-08-09,NEE,0.005854,0.291321
2019-08-12,NEE,-0.004758,0.285177
2019-08-13,NEE,0.000789,0.286191
2019-08-14,NEE,-0.003061,0.282255
2019-08-15,NEE,0.010187,0.295318
2019-08-16,NEE,0.00175,0.297585
2019-08-19,NEE,0.006574,0.306115
2019-08-20,NEE,0.000776,0.307129
2019-08-21,NEE,0.00972,0.319834
2019-08-22,NEE,0.001627,0.321982
2019-08-23,NEE,0.001263,0.323652
2019-08-26,NEE,0.007751,0.333912
2019-08-27,NEE,0.001744,0.336238
2019-08-28,NEE,-0.007048,0.326821
2019-08-29,NEE,-0.000316,0.326401
2019-08-30,NEE,-0.009226,0.314164
2019-09-03,NEE,0.029578,0.353035
2019-09-04,NEE,-0.006384,0.344397
2019-09-05,NEE,-0.019231,0.318543
2019-09-06,NEE,0.001501,0.320522
2019-09-09,NEE,-0.001135,0.319023
2019-09-10,NEE,-0.00805,0.308405
2019-09-11,NEE,0.008894,0.320042
2019-09-12,NEE,0.00309,0.324121
2019-09-13,NEE,-0.010193,0.310625
2019-09-16,NEE,-0.000824,0.309545
2019-09-17,NEE,0.01791,0.332999
2019-09-18,NEE,0.00756,0.343077
2019-09-19,NEE,0.004466,0.349075
2019-09-20,NEE,0.003646,0.353994
2019-09-23,NEE,-0.001949,0.351355
2019-09-24,NEE,0.014338,0.37073
2019-09-25,NEE,0.003764,0.375889
2019-09-26,NEE,0.010245,0.389985
2019-09-27,NEE,-0.001985,0.387226
2019-09-30,NEE,0.007481,0.397604
2019-10-01,NEE,-0.00412,0.391845
2019-10-02,NEE,-0.012585,0.374329
2019-10-03,NEE,0.004627,0.380688
2019-10-04,NEE,0.014859,0.401203
2019-10-07,NEE,-0.004452,0.394964
2019-10-08,NEE,-0.011094,0.379488
2019-10-09,NEE,0.014741,0.399823
2019-10-10,NEE,-0.005828,0.391665
2019-10-11,NEE,-0.010603,0.376909
2019-10-14,NEE,-0.002788,0.373069
2019-10-15,NEE,-0.005941,0.364911
2019-10-16,NEE,0.010416,0.379128
2019-10-17,NEE,0.005132,0.386206
2019-10-18,NEE,0.006015,0.394545
2019-10-21,NEE,0.001376,0.396464
2019-10-22,NEE,0.014777,0.417099
2019-10-23,NEE,-0.001016,0.415659
2019-10-24,NEE,0.006568,0.424957
2019-10-25,NEE,-0.00282,0.420938
2019-10-28,NEE,-0.015409,0.399043
2019-10-29,NEE,-0.002701,0.395265
2019-10-30,NEE,0.012296,0.41242
2019-10-31,NEE,0.012231,0.429696
2019-11-01,NEE,-0.011034,0.41392
2019-11-04,NEE,-0.025922,0.377269
2019-11-05,NEE,-0.010845,0.362332
2019-11-06,NEE,0.001673,0.364611
2019-11-07,NEE,-0.019341,0.338218
2019-11-08,NEE,-0.004527,0.33216
2019-11-11,NEE,0.00063,0.332999
2019-11-12,NEE,0.0045,0.338998
2019-11-13,NEE,0.021011,0.367131
2019-11-14,NEE,0.0086,0.378888
2019-11-15,NEE,0.006743,0.388186
2019-11-18,NEE,0.003197,0.392625
2019-11-19,NEE,0.002154,0.395624
2019-11-20,NEE,0.011003,0.410981
2019-11-21,NEE,-0.00034,0.4105
2019-11-22,NEE,-0.007485,0.399943
2019-11-25,NEE,-0.003514,0.395024
2019-11-26,NEE,0.010148,0.409181
2019-11-27,NEE,-0.002568,0.405563
2019-11-29,NEE,0.003218,0.410085
2019-12-02,NEE,-0.010991,0.394587
2019-12-03,NEE,0.004238,0.400497
2019-12-04,NEE,0.008741,0.412739
2019-12-05,NEE,0.001281,0.414548
2019-12-06,NEE,-0.000725,0.413523
2019-12-09,NEE,-0.000512,0.412799
2019-12-10,NEE,0.000768,0.413885
2019-12-11,NEE,0.005673,0.421906
2019-12-12,NEE,-0.007974,0.410568
2019-12-13,NEE,0.01304,0.428961
2019-12-16,NEE,0.010635,0.444159
2019-12-17,NEE,0.001462,0.446269
2019-12-18,NEE,0.00196,0.449103
2019-12-19,NEE,0.001498,0.451275
2019-12-20,NEE,0.00856,0.463698
2019-12-23,NEE,-0.016192,0.439998
2019-12-24,NEE,0.007245,0.45043
2019-12-26,NEE,0.006029,0.459175
2019-12-27,NEE,0.002273,0.462492
2019-12-30,NEE,-0.005031,0.455134
2019-12-31,NEE,0.003606,0.460381
2020-01-02,NEE,-0.014619,0.439032
2020-01-03,NEE,0.007124,0.449285
2020-01-06,NEE,0.004993,0.456522
2020-01-07,NEE,-0.00087,0.455255
2020-01-08,NEE,-0.000456,0.454592
2020-01-09,NEE,0.007836,0.46599
2020-01-10,NEE,0.001892,0.468764
2020-01-13,NEE,0.011702,0.485951
2020-01-14,NEE,0.005398,0.493972
2020-01-15,NEE,0.015541,0.51719
2020-01-16,NEE,0.002743,0.521351
2020-01-17,NEE,0.004479,0.528165
2020-01-21,NEE,0.013773,0.549212
2020-01-22,NEE,0.011717,0.567365
2020-01-23,NEE,0.000692,0.56845
2020-01-24,NEE,0.013996,0.590402
2020-01-27,NEE,0.011452,0.608614
2020-01-28,NEE,-0.003486,0.603006
2020-01-29,NEE,-0.000188,0.602704
2020-01-30,NEE,0.01569,0.627852
2020-01-31,NEE,-0.006409,0.617419
2020-02-03,NEE,-0.005183,0.609036
2020-02-04,NEE,-0.008508,0.595347
2020-02-05,NEE,0.008203,0.608434
2020-02-06,NEE,0.006074,0.618203
2020-02-07,NEE,0.00451,0.6255
2020-02-10,NEE,0.008162,0.638767
2020-02-11,NEE,0.001509,0.64124
2020-02-12,NEE,-0.006945,0.629842
2020-02-13,NEE,0.019278,0.661262
2020-02-14,NEE,0.011072,0.679655
2020-02-18,NEE,0.012638,0.700884
2020-02-19,NEE,-0.026131,0.656437
2020-02-20,NEE,0.008592,0.67067
2020-02-21,NEE,0.002022,0.674047
2020-02-24,NEE,-0.013149,0.652035
2020-02-25,NEE,-0.013178,0.630264
2020-02-26,NEE,-0.003181,0.625078
2020-02-27,NEE,-0.045585,0.550999
2020-02-28,NEE,-0.012077,0.532266
2020-03-02,NEE,0.061679,0.626775
2020-03-03,NEE,-0.011925,0.607377
2020-03-04,NEE,0.064379,0.710858
2020-03-05,NEE,-0.021473,0.674121
2020-03-06,NEE,-0.015715,0.647811
2020-03-09,NEE,-0.038776,0.583916
2020-03-10,NEE,-0.021242,0.550271
2020-03-11,NEE,-0.056583,0.462552
2020-03-12,NEE,-0.134171,0.266321
2020-03-13,NEE,0.060654,0.343128
2020-03-16,NEE,-0.091127,0.220733
2020-03-17,NEE,0.101257,0.344341
2020-03-18,NEE,-0.050145,0.276929
2020-03-19,NEE,-0.016806,0.255469
2020-03-20,NEE,-0.074119,0.162415
2020-03-23,NEE,-0.052621,0.101248
2020-03-24,NEE,0.136905,0.252014
2020-03-25,NEE,0.018108,0.274686
2020-03-26,NEE,0.099063,0.400961
2020-03-27,NEE,0.003678,0.406113
2020-03-30,NEE,0.060617,0.491347
2020-03-31,NEE,-0.02191,0.458672
2020-04-01,NEE,-0.093051,0.322941
2020-04-02,NEE,0.037666,0.372772
2020-04-03,NEE,-0.021241,0.343613
2020-04-06,NEE,0.058067,0.421633
2020-04-07,NEE,-0.025671,0.385138
2020-04-08,NEE,0.021926,0.41551
2020-04-09,NEE,0.05045,0.486922
2020-04-13,NEE,-0.036978,0.431938
2020-04-14,NEE,0.026121,0.469342
2020-04-15,NEE,-0.021289,0.438061
2020-04-16,NEE,0.001096,0.439637
2020-04-17,NEE,0.036972,0.492863
2020-04-20,NEE,-0.035125,0.440425
2020-04-21,NEE,-0.009217,0.427149
2020-04-22,NEE,0.049911,0.498379
2020-04-23,NEE,-0.024396,0.461825
2020-04-24,NEE,-0.005972,0.453095
2020-04-27,NEE,0.01627,0.476738
2020-04-28,NEE,-0.017652,0.45067
2020-04-29,NEE,-0.017426,0.425391
2020-04-30,NEE,-0.017054,0.401082
2020-05-01,NEE,-0.01761,0.376409
2020-05-04,NEE,0.013389,0.394838
2020-05-05,NEE,4.3e-05,0.394899
2020-05-06,NEE,-0.032334,0.349796
2020-05-07,NEE,0.008174,0.360829
2020-05-08,NEE,0.023387,0.392655
2020-05-11,NEE,-0.010229,0.378409
2020-05-12,NEE,0.002419,0.381744
2020-05-13,NEE,0.009608,0.39502
2020-05-14,NEE,0.009169,0.407811
2020-05-15,NEE,-0.01886,0.381259
2020-05-18,NEE,0.033355,0.427331
2020-05-19,NEE,-0.021024,0.397323
2020-05-20,NEE,0.009935,0.411206
2020-05-21,NEE,-0.016711,0.387624
2020-05-22,NEE,0.021625,0.417631
2020-05-26,NEE,0.001967,0.42042
2020-05-27,NEE,0.029107,0.461764
2020-05-28,NEE,0.042425,0.52378
2020-05-29,NEE,0.016709,0.549241
2020-06-01,NEE,0.005863,0.558323
2020-06-02,NEE,0.003716,0.564114
2020-06-03,NEE,0.011613,0.582278
2020-06-04,NEE,-0.029624,0.535404
2020-06-05,NEE,0.009885,0.550581
2020-06-08,NEE,0.02398,0.587765
2020-06-09,NEE,-0.006949,0.576732
2020-06-10,NEE,-0.007268,0.565272
2020-06-11,NEE,-0.032945,0.513704
2020-06-12,NEE,-0.005718,0.505048
2020-06-15,NEE,0.006723,0.515167
2020-06-16,NEE,-0.001609,0.512728
2020-06-17,NEE,0.003345,0.517788
2020-06-18,NEE,-0.000281,0.517361
2020-06-19,NEE,-0.026995,0.476399
2020-06-22,NEE,0.019941,0.505841
2020-06-23,NEE,-0.015503,0.482495
2020-06-24,NEE,-0.006332,0.473107
2020-06-25,NEE,-0.010386,0.457808
2020-06-26,NEE,-0.012293,0.439887
2020-06-29,NEE,0.008551,0.4522
2020-06-30,NEE,0.008101,0.463964
2020-07-01,NEE,0.025357,0.501086
2020-07-02,NEE,0.000569,0.501939
2020-07-06,NEE,0.002273,0.505353
2020-07-07,NEE,-0.000972,0.50389
2020-07-08,NEE,0.026548,0.543815
2020-07-09,NEE,-0.005054,0.536013
2020-07-10,NEE,0.0302,0.5824
2020-07-13,NEE,-0.012943,0.561919
2020-07-14,NEE,0.024625,0.600382
2020-07-15,NEE,-0.013521,0.578743
2020-07-16,NEE,0.036216,0.635919
2020-07-17,NEE,0.026082,0.678588
2020-07-20,NEE,-0.003813,0.672188
2020-07-21,NEE,0.007291,0.684379
2020-07-22,NEE,0.014801,0.709309
2020-07-23,NEE,0.001961,0.712662
2020-07-24,NEE,-0.002563,0.708273
2020-07-27,NEE,-0.009349,0.692303
2020-07-28,NEE,0.008681,0.706993
2020-07-29,NEE,0.004999,0.715527
2020-07-30,NEE,0.003198,0.721013
2020-07-31,NEE,-0.005809,0.711016
2020-08-03,NEE,-0.011079,0.692059
2020-08-04,NEE,0.026874,0.737532
2020-08-05,NEE,-0.004455,0.72979
2020-08-06,NEE,-0.003418,0.723878
2020-08-07,NEE,0.017574,0.754172
2020-08-10,NEE,-0.014386,0.728937
2020-08-11,NEE,-0.020625,0.693278
2020-08-12,NEE,0.024479,0.734728
2020-08-13,NEE,-0.000668,0.733569
2020-08-14,NEE,-0.013713,0.709797
2020-08-17,NEE,0.008877,0.724975
2020-08-18,NEE,0.000212,0.725341
2020-08-19,NEE,-0.002508,0.721013
2020-08-20,NEE,-0.000815,0.719611
2020-08-21,NEE,0.001063,0.72144
2020-08-24,NEE,0.000779,0.722781
2020-08-25,NEE,-0.00467,0.714735
2020-08-26,NEE,-0.008212,0.700653
2020-08-27,NEE,0.004611,0.708495
2020-08-28,NEE,0.002402,0.712599
2020-08-31,NEE,-0.001359,0.710272
2020-09-01,NEE,-0.007307,0.697775
2020-09-02,NEE,0.040161,0.76596
2020-09-03,NEE,-0.026608,0.718971
2020-09-04,NEE,-0.011654,0.698939
2020-09-08,NEE,0.002127,0.702553
2020-09-09,NEE,0.016048,0.729876
2020-09-10,NEE,-0.019336,0.696427
2020-09-11,NEE,0.004478,0.704023
2020-09-14,NEE,0.013554,0.727119
2020-09-15,NEE,0.048879,0.811539
2020-09-16,NEE,-0.051911,0.717501
2020-09-17,NEE,-0.002961,0.712416
2020-09-18,NEE,-0.009301,0.696488
2020-09-21,NEE,-0.0026,0.692077
2020-09-22,NEE,0.006734,0.703471
2020-09-23,NEE,-0.017083,0.674372
2020-09-24,NEE,0.015477,0.700286
2020-09-25,NEE,0.015421,0.726507
2020-09-28,NEE,0.008232,0.74072
2020-09-29,NEE,-0.00359,0.734471
2020-09-30,NEE,-0.019638,0.700409
2020-10-01,NEE,0.018735,0.732266
2020-10-02,NEE,-0.005623,0.722525
2020-10-05,NEE,0.023971,0.763815
2020-10-06,NEE,0.008232,0.778336
2020-10-07,NEE,0.023563,0.820239
2020-10-08,NEE,0.013193,0.844254
2020-10-09,NEE,0.006212,0.85571
2020-10-12,NEE,0.009112,0.872619
2020-10-13,NEE,-0.013741,0.846888
2020-10-14,NEE,-0.002753,0.841803
2020-10-15,NEE,-0.007252,0.828447
2020-10-16,NEE,0.023923,0.872189
2020-10-19,NEE,-0.019797,0.835125
2020-10-20,NEE,0.004807,0.843947
2020-10-21,NEE,-0.010997,0.823669
2020-10-22,NEE,0.015419,0.851788
2020-10-23,NEE,0.002647,0.85669
2020-10-26,NEE,-0.001386,0.854117
2020-10-27,NEE,0.001553,0.856996
2020-10-28,NEE,-0.017419,0.824649
2020-10-29,NEE,-0.006044,0.813622
2020-10-30,NEE,-0.010809,0.794018
2020-11-02,NEE,0.026226,0.841068
2020-11-03,NEE,0.011846,0.862878
2020-11-04,NEE,-0.035517,0.796714
2020-11-05,NEE,0.019503,0.831756
2020-11-06,NEE,0.012976,0.855525
2020-11-09,NEE,-0.002773,0.850379
2020-11-10,NEE,0.006357,0.862142
2020-11-11,NEE,0.020397,0.900125
2020-11-12,NEE,-0.01122,0.878806
2020-11-13,NEE,0.006783,0.891549
2020-11-16,NEE,0.007254,0.905271
2020-11-17,NEE,-0.014663,0.877335
2020-11-18,NEE,-0.010703,0.857242
2020-11-19,NEE,-0.008709,0.841068
2020-11-20,NEE,0.00559,0.85136
2020-11-23,NEE,-0.012972,0.827345
2020-11-24,NEE,0.005498,0.837392
2020-11-25,NEE,0.017956,0.870383
2020-11-27,NEE,-0.011057,0.849703
2020-11-30,NEE,-0.020498,0.811787
2020-12-01,NEE,0.00761,0.825575
2020-12-02,NEE,0.002158,0.829514
2020-12-03,NEE,-0.012919,0.805879
2020-12-04,NEE,-0.011316,0.785444
2020-12-07,NEE,0.010342,0.803909
2020-12-08,NEE,0.005596,0.814003
2020-12-09,NEE,-0.000135,0.813757
2020-12-10,NEE,-0.005294,0.804155
2020-12-11,NEE,0.007096,0.816958
2020-12-14,NEE,-0.003388,0.810802
2020-12-15,NEE,0.018491,0.844286
2020-12-16,NEE,-0.006275,0.832714
2020-12-17,NEE,0.008329,0.847979
2020-12-18,NEE,-0.007328,0.834437
2020-12-21,NEE,-0.001476,0.83173
2020-12-22,NEE,0.004167,0.839362
2020-12-23,NEE,-0.005086,0.830006
2020-12-24,NEE,0.008745,0.846009
2020-12-28,NEE,0.006802,0.858566
2020-12-29,NEE,-0.002119,0.854626
2020-12-30,NEE,0.007699,0.868906
2020-12-31,NEE,0.016335,0.899435
2021-01-04,NEE,-0.037978,0.827298
2021-01-05,NEE,0.00741,0.840838
2021-01-06,NEE,0.04895,0.930948
2021-01-07,NEE,0.010965,0.952121
2021-01-08,NEE,0.023206,0.997422
2021-01-11,NEE,-0.017749,0.96197
2021-01-12,NEE,0.000753,0.963446
2021-01-13,NEE,0.026207,1.014903
2021-01-14,NEE,0.008431,1.03189
2021-01-15,NEE,-0.005937,1.019826
2021-01-19,NEE,0.009386,1.038784
2021-01-20,NEE,0.014974,1.069313
2021-01-21,NEE,-0.004045,1.060942
2021-01-22,NEE,0.005973,1.073251
2021-01-25,NEE,0.031588,1.138741
2021-01-26,NEE,-0.018879,1.098364
2021-01-27,NEE,-0.059134,0.974279
2021-01-28,NEE,0.028308,1.030167
2021-01-29,NEE,-0.019282,0.991021
2021-02-01,NEE,0.010263,1.011456
2021-02-02,NEE,0.015055,1.041738
2021-02-03,NEE,0.001447,1.044693
2021-02-04,NEE,-0.000602,1.043462
2021-02-05,NEE,0.007229,1.058234
2021-02-08,NEE,-0.002392,1.05331
2021-02-09,NEE,0.005156,1.063896
2021-02-10,NEE,0.000954,1.065866
2021-02-11,NEE,0.000476,1.06685
2021-02-12,NEE,-0.009767,1.046662
2021-02-16,NEE,-0.023337,0.998899
2021-02-17,NEE,-0.006281,0.986344
2021-02-18,NEE,0.000619,0.987574
2021-02-19,NEE,-0.032578,0.922823
2021-02-22,NEE,-0.038412,0.848963
2021-02-23,NEE,-0.005193,0.839362
2021-02-24,NEE,-0.012716,0.815973
2021-02-25,NEE,0.009335,0.832925
2021-02-26,NEE,-0.007831,0.818572
2021-03-01,NEE,0.03307,0.878712
2021-03-02,NEE,-0.004874,0.869555
2021-03-03,NEE,-0.039979,0.794812
2021-03-04,NEE,-0.016961,0.764371
2021-03-05,NEE,-0.008276,0.749768
2021-03-08,NEE,0.002263,0.753728
2021-03-09,NEE,0.044595,0.831936
2021-03-10,NEE,0.005944,0.842825
2021-03-11,NEE,0.005372,0.852725
2021-03-12,NEE,0.01082,0.872772
2021-03-15,NEE,-0.001982,0.869059
2021-03-16,NEE,-0.001854,0.865594
2021-03-17,NEE,-0.032104,0.805702
2021-03-18,NEE,-0.025083,0.76041
2021-03-19,NEE,-0.004077,0.753233
2021-03-22,NEE,0.011999,0.77427
2021-03-23,NEE,0.032501,0.831936
2021-03-24,NEE,-0.016077,0.802485
2021-03-25,NEE,0.008513,0.817829
2021-03-26,NEE,0.008305,0.832925
2021-03-29,NEE,0.009993,0.851241
2021-03-30,NEE,-0.007754,0.836886
2021-03-31,NEE,0.018728,0.871287
2021-04-01,NEE,0.002117,0.875248
2021-04-05,NEE,0.01333,0.900244
2021-04-06,NEE,0.010159,0.919548
2021-04-07,NEE,-0.001934,0.915836
2021-04-08,NEE,0.004521,0.924498
2021-04-09,NEE,0.002315,0.928953
2021-04-12,NEE,-0.003849,0.921528
2021-04-13,NEE,0.018032,0.956177
2021-04-14,NEE,0.001138,0.958404
2021-04-15,NEE,0.013269,0.984391
2021-04-16,NEE,0.009479,1.0032
2021-04-19,NEE,-0.014208,0.974739
2021-04-20,NEE,0.009274,0.993053
2021-04-21,NEE,-0.031789,0.929696
2021-04-22,NEE,0.004489,0.938358
2021-04-23,NEE,-0.001022,0.936377
2021-04-26,NEE,-0.003962,0.928705
2021-04-27,NEE,-0.008341,0.912619
2021-04-28,NEE,-0.002459,0.907916
2021-04-29,NEE,0.001686,0.911133
2021-04-30,NEE,0.003756,0.918311
2021-05-03,NEE,-0.01045,0.898264
2021-05-04,NEE,-0.013168,0.873267
2021-05-05,NEE,-0.025234,0.825996
2021-05-06,NEE,0.003117,0.831688
2021-05-07,NEE,0.007026,0.844558
2021-05-10,NEE,0.003623,0.851241
2021-05-11,NEE,-0.00976,0.833174
2021-05-12,NEE,-0.034157,0.770558
2021-05-13,NEE,0.015236,0.797535
2021-05-14,NEE,0.006747,0.809662
2021-05-17,NEE,-0.016686,0.779467
2021-05-18,NEE,0.005425,0.78912
2021-05-19,NEE,0.005118,0.798277
2021-05-20,NEE,0.022433,0.838618
2021-05-21,NEE,0.002019,0.84233
2021-05-24,NEE,-0.005508,0.832183
2021-05-25,NEE,-0.008915,0.815849
2021-05-26,NEE,0.001363,0.818324
2021-05-27,NEE,-0.006397,0.806692
2021-05-28,NEE,0.003014,0.812137
2021-06-01,NEE,-0.009817,0.794348
2021-06-02,NEE,0.008181,0.809027
2021-06-03,NEE,-0.004676,0.800568
2021-06-04,NEE,-0.000415,0.799821
2021-06-07,NEE,0.001797,0.803055
2021-06-08,NEE,-0.004554,0.794845
2021-06-09,NEE,0.004297,0.802558
2021-06-10,NEE,0.014631,0.828931
2021-06-11,NEE,-0.000272,0.828433
2021-06-14,NEE,-0.002449,0.823955
2021-06-15,NEE,0.001637,0.826941
2021-06-16,NEE,-0.001771,0.823706
2021-06-17,NEE,0.017463,0.855553
2021-06-18,NEE,-0.017431,0.823208
2021-06-21,NEE,0.014329,0.849332
2021-06-22,NEE,-0.00296,0.843859
2021-06-23,NEE,-0.010255,0.82495
2021-06-24,NEE,-0.006408,0.813256
2021-06-25,NEE,0.013447,0.837639
2021-06-28,NEE,0.017465,0.869734
2021-06-29,NEE,-0.014238,0.843112
2021-06-30,NEE,-0.010799,0.823208
2021-07-01,NEE,0.012418,0.845849
2021-07-02,NEE,0.001213,0.848088
2021-07-06,NEE,0.011443,0.869236
2021-07-07,NEE,0.002662,0.874212
2021-07-08,NEE,-0.002655,0.869236
2021-07-09,NEE,-0.001863,0.865753
2021-07-12,NEE,0.001333,0.868241
2021-07-13,NEE,-0.003063,0.862519
2021-07-14,NEE,0.011221,0.883418
2021-07-15,NEE,0.014795,0.911283
2021-07-16,NEE,0.014319,0.938651
2021-07-19,NEE,-0.011935,0.915513
2021-07-20,NEE,0.002338,0.919992
2021-07-21,NEE,-0.016716,0.887896
2021-07-22,NEE,0.003163,0.893868
2021-07-23,NEE,0.014188,0.920738
2021-07-26,NEE,-0.003756,0.913523
2021-07-27,NEE,0.012352,0.937159
2021-07-28,NEE,-0.000128,0.93691
2021-07-29,NEE,0.003982,0.944623
2021-07-30,NEE,-0.003327,0.938154
2021-08-02,NEE,0.011682,0.960795
2021-08-03,NEE,0.00774,0.975971
2021-08-04,NEE,0.005666,0.987168
2021-08-05,NEE,0.007762,1.002593
2021-08-06,NEE,0.001491,1.005579
2021-08-09,NEE,-0.00062,1.004335
2021-08-10,NEE,-0.000373,1.003588
2021-08-11,NEE,0.022849,1.049368
2021-08-12,NEE,0.007649,1.065043
2021-08-13,NEE,0.005421,1.076238
2021-08-16,NEE,0.005992,1.088678
2021-08-17,NEE,0.000119,1.088927
2021-08-18,NEE,0.005479,1.100371
2021-08-19,NEE,0.00154,1.103606
2021-08-20,NEE,0.020461,1.146649
2021-08-23,NEE,-0.02179,1.099874
2021-08-24,NEE,-0.003081,1.093405
2021-08-25,NEE,0.004635,1.103108
2021-08-26,NEE,-0.003981,1.094736
2021-08-27,NEE,-0.004773,1.084738
2021-08-30,NEE,0.006474,1.098235
2021-08-31,NEE,0.000476,1.099234
2021-09-01,NEE,0.016074,1.132976
2021-09-02,NEE,0.013358,1.161469
2021-09-03,NEE,-0.009135,1.141725
2021-09-07,NEE,-0.007702,1.125228
2021-09-08,NEE,0.016583,1.16047
2021-09-09,NEE,-0.006941,1.145473
2021-09-10,NEE,-0.010601,1.122729
2021-09-13,NEE,-0.004121,1.113981
2021-09-14,NEE,0.000709,1.115481
2021-09-15,NEE,-0.000354,1.114731
2021-09-16,NEE,-0.00721,1.099485
2021-09-17,NEE,-0.028095,1.040499
2021-09-20,NEE,0.000612,1.041749
2021-09-21,NEE,0.002815,1.047497
2021-09-22,NEE,-0.000244,1.046998
2021-09-23,NEE,-0.007692,1.031251
2021-09-24,NEE,-0.007014,1.017004
2021-09-27,NEE,-0.024039,0.968517
2021-09-28,NEE,-0.018918,0.931276
2021-09-29,NEE,0.013977,0.958269
2021-09-30,NEE,0.00217,0.962518
2021-10-01,NEE,0.008788,0.979764
2021-10-04,NEE,0.001894,0.983513
2021-10-05,NEE,0.001512,0.986512
2021-10-06,NEE,0.021389,1.029001
2021-10-07,NEE,-0.003203,1.022503
2021-10-08,NEE,-0.008774,1.004758
2021-10-11,NEE,-0.029672,0.945273
2021-10-12,NEE,0.013362,0.971265
2021-10-13,NEE,0.016737,1.004258
2021-10-14,NEE,0.015838,1.036
2021-10-15,NEE,0.002578,1.041249
2021-10-18,NEE,-0.008326,1.024253
2021-10-19,NEE,0.012841,1.050247
2021-10-20,NEE,0.02304,1.097484
2021-10-21,NEE,-0.00131,1.094736
2021-10-22,NEE,0.007278,1.109981
2021-10-25,NEE,-0.00154,1.106732
2021-10-26,NEE,0.013999,1.136225
2021-10-27,NEE,-0.005382,1.124728
2021-10-28,NEE,0.016586,1.15997
2021-10-29,NEE,-0.012613,1.132726
2021-11-01,NEE,0.003047,1.139225
2021-11-02,NEE,-0.001986,1.134976
2021-11-03,NEE,-0.002107,1.130476
2021-11-04,NEE,-0.005631,1.118479
2021-11-05,NEE,0.009084,1.137725
2021-11-08,NEE,-0.01099,1.11423
2021-11-09,NEE,0.004138,1.122978
2021-11-10,NEE,0.003061,1.129477
2021-11-11,NEE,0.001996,1.133726
2021-11-12,NEE,0.011011,1.15722
2021-11-15,NEE,0.011934,1.182963
2021-11-16,NEE,-0.004121,1.173967
2021-11-17,NEE,0.009197,1.19396
2021-11-18,NEE,-0.00205,1.189462
2021-11-19,NEE,0.008105,1.207208
2021-11-22,NEE,-0.010758,1.183464
2021-11-23,NEE,-0.000572,1.182214
2021-11-24,NEE,0.003278,1.189369
2021-11-26,NEE,-0.012842,1.161252
2021-11-29,NEE,0.029852,1.22577
2021-11-30,NEE,-0.021205,1.178574
2021-12-01,NEE,0.012215,1.205185
2021-12-02,NEE,0.00888,1.224767
2021-12-03,NEE,-0.006658,1.209955
2021-12-06,NEE,0.012723,1.238072
2021-12-07,NEE,0.014133,1.269703
2021-12-08,NEE,-0.000995,1.267444
2021-12-09,NEE,-0.00454,1.257151
2021-12-10,NEE,0.004115,1.26644
2021-12-13,NEE,0.016172,1.303092
2021-12-14,NEE,-0.01864,1.260164
2021-12-15,NEE,0.021882,1.30962
2021-12-16,NEE,0.0025,1.315394
2021-12-17,NEE,-0.013987,1.283009
2021-12-20,NEE,-0.010997,1.257904
2021-12-21,NEE,0.005671,1.270708
2021-12-22,NEE,0.003869,1.279494
2021-12-23,NEE,-0.001101,1.276983
2021-12-27,NEE,0.006836,1.292549
2021-12-28,NEE,0.006132,1.306607
2021-12-29,NEE,0.001197,1.309368
2021-12-30,NEE,0.008479,1.32895
2021-12-31,NEE,0.00636,1.343762
2022-01-03,NEE,-0.018209,1.301084
2022-01-04,NEE,-0.010692,1.276482
2022-01-05,NEE,-0.010476,1.252633
2022-01-06,NEE,-0.044132,1.153219
2022-01-07,NEE,0.007462,1.169285
2022-01-10,NEE,-0.024534,1.116063
2022-01-11,NEE,0.005932,1.128615
2022-01-12,NEE,0.003538,1.136147
2022-01-13,NEE,-0.002233,1.131378
2022-01-14,NEE,-0.020024,1.088699
2022-01-18,NEE,-0.023438,1.039745
2022-01-19,NEE,0.016493,1.073386
2022-01-20,NEE,0.011139,1.096482
2022-01-21,NEE,-0.010897,1.073637
2022-01-24,NEE,-0.008233,1.056565
2022-01-25,NEE,-0.083252,0.885352
2022-01-26,NEE,-0.032756,0.823595
2022-01-27,NEE,-0.00179,0.820331
2022-01-28,NEE,-0.000138,0.820081
2022-01-31,NEE,0.077517,0.961168
2022-02-01,NEE,-0.011393,0.938825
2022-02-02,NEE,0.006474,0.951377
2022-02-03,NEE,-0.025215,0.902172
2022-02-04,NEE,0.003168,0.908198
2022-02-07,NEE,-0.004342,0.899913
2022-02-08,NEE,-0.002907,0.89439
2022-02-09,NEE,0.015903,0.924516
2022-02-10,NEE,-0.015784,0.89414
2022-02-11,NEE,-0.006495,0.881837
2022-02-14,NEE,-0.000533,0.880833
2022-02-15,NEE,0.002269,0.885101
2022-02-16,NEE,0.001864,0.888616
2022-02-17,NEE,0.001994,0.892382
2022-02-18,NEE,-0.016317,0.861503
2022-02-22,NEE,-0.00499,0.852215
2022-02-23,NEE,-0.019789,0.815562
2022-02-24,NEE,0.043142,0.893888
2022-02-25,NEE,0.0228,0.937068
2022-02-28,NEE,0.020004,0.975817
2022-03-01,NEE,-0.010604,0.954865
2022-03-02,NEE,0.00142,0.957641
2022-03-03,NEE,0.01599,0.988943
2022-03-04,NEE,0.018023,1.02479
2022-03-07,NEE,0.049495,1.125006
2022-03-08,NEE,-0.026491,1.068714
2022-03-09,NEE,-0.01989,1.027566
2022-03-10,NEE,-0.001992,1.023528
2022-03-11,NEE,-0.010728,1.001818
2022-03-14,NEE,-0.000253,1.001313
2022-03-15,NEE,0.034057,1.069471
2022-03-16,NEE,0.006465,1.08285
2022-03-17,NEE,0.002182,1.087394
2022-03-18,NEE,-0.00387,1.079316
2022-03-21,NEE,-0.00692,1.064927
2022-03-22,NEE,0.012836,1.091432
2022-03-23,NEE,-0.00338,1.084364
2022-03-24,NEE,0.013685,1.112889
2022-03-25,NEE,0.002868,1.118948
2022-03-28,NEE,0.005837,1.131317
2022-03-29,NEE,0.00225,1.136114
2022-03-30,NEE,0.010399,1.158328
2022-03-31,NEE,-0.00924,1.138386
2022-04-01,NEE,0.011805,1.16363
2022-04-04,NEE,-0.00105,1.161357
2022-04-05,NEE,0.008292,1.17928
2022-04-06,NEE,0.001853,1.18332
2022-04-07,NEE,0.006822,1.198213
2022-04-08,NEE,-0.011369,1.173222
2022-04-11,NEE,-0.01754,1.135104
2022-04-12,NEE,-0.008158,1.117686
2022-04-13,NEE,-0.004053,1.109103
2022-04-14,NEE,-0.008857,1.090423
2022-04-18,NEE,-0.013284,1.062655
2022-04-19,NEE,0.001469,1.065684
2022-04-20,NEE,-0.003911,1.057606
2022-04-21,NEE,-0.065391,0.923058
2022-04-22,NEE,-0.029273,0.866764
2022-04-25,NEE,0.001217,0.869037
2022-04-26,NEE,-0.006348,0.857171
2022-04-27,NEE,-0.004077,0.849599
2022-04-28,NEE,0.003002,0.855152
2022-04-29,NEE,-0.03361,0.792801
2022-05-02,NEE,-0.016192,0.763771
2022-05-03,NEE,0.012738,0.786237
2022-05-04,NEE,0.032504,0.844297
2022-05-05,NEE,-0.016698,0.8135
2022-05-06,NEE,0.008769,0.829404
2022-05-09,NEE,-0.024286,0.784975
2022-05-10,NEE,-0.010182,0.7668
2022-05-11,NEE,0.003,0.772101
2022-05-12,NEE,-0.024074,0.729439
2022-05-13,NEE,0.01883,0.762004
2022-05-16,NEE,0.004584,0.770081
2022-05-17,NEE,0.027096,0.818044
2022-05-18,NEE,-0.014163,0.792296
2022-05-19,NEE,-0.007605,0.778664
2022-05-20,NEE,0.010786,0.79785
2022-05-23,NEE,0.018675,0.831424
2022-05-24,NEE,0.029221,0.88494
2022-05-25,NEE,0.001607,0.887969
2022-05-26,NEE,0.003343,0.89428
2022-05-27,NEE,0.037727,0.965746
2022-05-31,NEE,-0.022472,0.921572
2022-06-01,NEE,0.006341,0.933757
2022-06-02,NEE,0.030852,0.993417
2022-06-03,NEE,0.002165,0.997733
2022-06-06,NEE,0.019062,1.035815
2022-06-07,NEE,-0.005113,1.025406
2022-06-08,NEE,-0.016169,0.992656
2022-06-09,NEE,-0.014652,0.963461
2022-06-10,NEE,-0.01849,0.927157
2022-06-13,NEE,-0.046107,0.838301
2022-06-14,NEE,-0.012843,0.814691
2022-06-15,NEE,0.037913,0.88349
2022-06-16,NEE,-0.04475,0.799204
2022-06-17,NEE,-0.000847,0.797681
2022-06-21,NEE,0.027115,0.846425
2022-06-22,NEE,0.026949,0.896184
2022-06-23,NEE,0.033606,0.959906
2022-06-24,NEE,0.010622,0.980724
2022-06-27,NEE,-0.001666,0.977424
2022-06-28,NEE,-0.018616,0.940612
2022-06-29,NEE,-0.005756,0.929441
2022-06-30,NEE,0.019211,0.966507
2022-07-01,NEE,0.040021,1.045208
2022-07-05,NEE,-0.017999,1.008396
2022-07-06,NEE,0.005815,1.020074
2022-07-07,NEE,0.01018,1.040638
2022-07-08,NEE,-0.001617,1.037338
2022-07-11,NEE,0.005358,1.048254
2022-07-12,NEE,-0.009048,1.029721
2022-07-13,NEE,0.003878,1.037592
2022-07-14,NEE,-0.00162,1.034291
2022-07-15,NEE,-0.017721,0.998241
2022-07-18,NEE,-0.015246,0.967777
2022-07-19,NEE,0.01832,1.003827
2022-07-20,NEE,-0.007728,0.98834
2022-07-21,NEE,0.007022,1.002303
2022-07-22,NEE,0.017497,1.037338
2022-07-25,NEE,0.009097,1.055871
2022-07-26,NEE,-0.013213,1.028706
2022-07-27,NEE,0.005882,1.040638
2022-07-28,NEE,0.051754,1.14625
2022-07-29,NEE,-0.000592,1.14498
2022-08-01,NEE,0.009705,1.165798
2022-08-02,NEE,0.00422,1.174937
2022-08-03,NEE,0.009222,1.194994
2022-08-04,NEE,0.017581,1.233583
2022-08-05,NEE,0.0,1.233583
2022-08-08,NEE,-0.005229,1.221904
2022-08-09,NEE,0.015997,1.257447
2022-08-10,NEE,0.009672,1.27928
2022-08-11,NEE,-0.003899,1.270394
2022-08-12,NEE,0.011629,1.296797
2022-08-15,NEE,0.005858,1.310252
2022-08-16,NEE,-0.005165,1.29832
2022-08-17,NEE,-0.003645,1.289942
2022-08-18,NEE,0.000443,1.290958
2022-08-19,NEE,-0.005873,1.277503
2022-08-22,NEE,-0.013042,1.247799
2022-08-23,NEE,-0.006325,1.233583
2022-08-24,NEE,0.008297,1.252115
2022-08-25,NEE,0.007666,1.269379
2022-08-26,NEE,-0.014879,1.235613
2022-08-29,NEE,-0.007018,1.219924
2022-08-30,NEE,-0.015169,1.186251
2022-08-31,NEE,-0.007468,1.169924
2022-09-01,NEE,0.014107,1.200536
2022-09-02,NEE,-0.013332,1.171199
2022-09-06,NEE,0.026554,1.228853
2022-09-07,NEE,0.032849,1.302068
2022-09-08,NEE,0.000332,1.302833
2022-09-09,NEE,-0.004098,1.293395
2022-09-12,NEE,0.010122,1.316609
2022-09-13,NEE,-0.021473,1.266864
2022-09-14,NEE,0.000225,1.267374
2022-09-15,NEE,-0.032291,1.194159
2022-09-16,NEE,-0.014185,1.163036
2022-09-19,NEE,0.024177,1.215333
2022-09-20,NEE,-0.013243,1.185996
2022-09-21,NEE,-0.020072,1.142118
2022-09-22,NEE,-0.005121,1.131148
2022-09-23,NEE,-0.01221,1.105127
2022-09-26,NEE,-0.016602,1.070178
2022-09-27,NEE,-0.000862,1.068392
2022-09-28,NEE,0.01591,1.101301
2022-09-29,NEE,-0.029137,1.040076
2022-09-30,NEE,-0.019507,1.000279
2022-10-03,NEE,0.035454,1.071198
2022-10-04,NEE,0.020076,1.11278
2022-10-05,NEE,-0.012678,1.085994
2022-10-06,NEE,-0.034976,1.013034
2022-10-07,NEE,-0.027627,0.957421
2022-10-10,NEE,0.00013,0.957676
2022-10-11,NEE,-0.009252,0.939564
2022-10-12,NEE,-0.043141,0.855889
2022-10-13,NEE,0.004673,0.864563
2022-10-14,NEE,-0.01806,0.830889
2022-10-17,NEE,0.026195,0.878849
2022-10-18,NEE,0.019145,0.914819
2022-10-19,NEE,-0.018918,0.878594
2022-10-20,NEE,-0.040739,0.802062
2022-10-21,NEE,0.014298,0.827828
2022-10-24,NEE,0.022749,0.86941
2022-10-25,NEE,0.035208,0.935227
2022-10-26,NEE,-0.003428,0.928594
2022-10-27,NEE,-0.001719,0.925278
2022-10-28,NEE,0.047171,1.016095
2022-10-31,NEE,-0.019359,0.977064
2022-11-01,NEE,0.002709,0.982421
2022-11-02,NEE,-0.005533,0.971452
2022-11-03,NEE,0.011646,0.994411
2022-11-04,NEE,0.007931,1.010228
2022-11-07,NEE,-0.019163,0.971707
2022-11-08,NEE,0.01268,0.996707
2022-11-09,NEE,-0.000895,0.994921
2022-11-10,NEE,0.063939,1.122474
2022-11-11,NEE,0.001322,1.12528
2022-11-14,NEE,-0.019806,1.083188
2022-11-15,NEE,0.015307,1.115076
2022-11-16,NEE,0.017007,1.151046
2022-11-17,NEE,-0.023363,1.100791
2022-11-18,NEE,0.010322,1.122474
2022-11-21,NEE,0.004808,1.132678
2022-11-22,NEE,0.0061,1.145689
2022-11-23,NEE,0.014758,1.177354
2022-11-25,NEE,0.004946,1.188123
2022-11-28,NEE,-0.018865,1.146843
2022-11-29,NEE,-0.01481,1.115049
2022-11-30,NEE,0.026791,1.171713
2022-12-01,NEE,0.001535,1.175047
2022-12-02,NEE,0.004362,1.184534
2022-12-05,NEE,-0.000587,1.183252
2022-12-06,NEE,0.000352,1.184021
2022-12-07,NEE,0.001292,1.186841
2022-12-08,NEE,0.005511,1.198892
2022-12-09,NEE,-0.014576,1.166842
2022-12-12,NEE,0.024139,1.219148
2022-12-13,NEE,0.006932,1.234532
2022-12-14,NEE,-0.001147,1.231968
2022-12-15,NEE,-0.014245,1.200174
2022-12-16,NEE,-0.019462,1.157355
2022-12-19,NEE,-0.007369,1.141459
2022-12-20,NEE,0.0,1.141459
2022-12-21,NEE,0.01353,1.170432
2022-12-22,NEE,-0.015475,1.136843
2022-12-23,NEE,0.009959,1.158124
2022-12-27,NEE,-0.002019,1.153766
2022-12-28,NEE,-0.01,1.132228
2022-12-29,NEE,0.011063,1.155817
2022-12-30,NEE,-0.005709,1.143509
2023-01-03,NEE,0.002751,1.149407
2023-01-04,NEE,0.007873,1.166329
2023-01-05,NEE,-0.022015,1.118638
2023-01-06,NEE,0.012344,1.144791
2023-01-09,NEE,0.005021,1.155561
2023-01-10,NEE,0.005591,1.167611
2023-01-11,NEE,0.005441,1.179406
2023-01-12,NEE,0.000823,1.1812
2023-01-13,NEE,-0.004584,1.171201
2023-01-17,NEE,0.012518,1.198379
2023-01-18,NEE,-0.022627,1.148637
2023-01-19,NEE,-0.014439,1.117613
2023-01-20,NEE,-0.009323,1.09787
2023-01-23,NEE,0.010389,1.119664
2023-01-24,NEE,0.014878,1.151202
2023-01-25,NEE,-0.087128,0.963773
2023-01-26,NEE,-0.002481,0.958901
2023-01-27,NEE,-0.010733,0.937876
2023-01-30,NEE,-0.007012,0.924287
2023-01-31,NEE,-0.005597,0.913518
2023-02-01,NEE,-0.005225,0.903519
2023-02-02,NEE,0.018319,0.938389
2023-02-03,NEE,-0.012301,0.914544
2023-02-06,NEE,0.01125,0.936082
2023-02-07,NEE,0.007549,0.950696
2023-02-08,NEE,-0.013801,0.923774
2023-02-09,NEE,-0.023457,0.878647
2023-02-10,NEE,0.020063,0.916338
2023-02-13,NEE,0.011774,0.938902
2023-02-14,NEE,0.005422,0.949414
2023-02-15,NEE,0.011969,0.972747
2023-02-16,NEE,-0.016246,0.940697
2023-02-17,NEE,0.005021,0.95044
2023-02-21,NEE,-0.031681,0.888647
2023-02-22,NEE,0.000271,0.88916
2023-02-23,NEE,-0.010993,0.868392
2023-02-24,NEE,0.000686,0.869674
2023-02-27,NEE,-0.008171,0.854397
2023-02-28,NEE,-0.011551,0.832978
2023-03-01,NEE,-0.016331,0.803043
2023-03-02,NEE,0.033491,0.863429
2023-03-03,NEE,0.022434,0.905234
2023-03-06,NEE,0.007721,0.919943
2023-03-07,NEE,-0.008737,0.90317
2023-03-08,NEE,0.00678,0.916073
2023-03-09,NEE,-0.0066,0.903427
2023-03-10,NEE,-0.010168,0.884073
2023-03-13,NEE,0.003835,0.891299
2023-03-14,NEE,0.017192,0.923814
2023-03-15,NEE,0.013011,0.948845
2023-03-16,NEE,0.009401,0.967167
2023-03-17,NEE,-0.007346,0.952716
2023-03-20,NEE,0.003965,0.960458
2023-03-21,NEE,-0.008029,0.944717
2023-03-22,NEE,-0.016322,0.912975
2023-03-23,NEE,-0.004317,0.904717
2023-03-24,NEE,0.025471,0.953233
2023-03-27,NEE,-0.003303,0.946781
2023-03-28,NEE,-0.002651,0.94162
2023-03-29,NEE,0.011563,0.964071
2023-03-30,NEE,0.006307,0.976457
2023-03-31,NEE,0.006398,0.989102
2023-04-03,NEE,-0.005319,0.978522
2023-04-04,NEE,0.006391,0.991167
2023-04-05,NEE,0.015163,1.021359
2023-04-06,NEE,0.008171,1.037875
2023-04-10,NEE,-0.006838,1.02394
2023-04-11,NEE,-0.001147,1.021618
2023-04-12,NEE,0.003191,1.028069
2023-04-13,NEE,0.003308,1.034779
2023-04-14,NEE,-0.010526,1.01336
2023-04-17,NEE,0.006665,1.026779
2023-04-18,NEE,-0.003056,1.020585
2023-04-19,NEE,0.008174,1.037101
2023-04-20,NEE,-0.002407,1.032198
2023-04-21,NEE,0.003048,1.038391
2023-04-24,NEE,0.000633,1.039682
2023-04-25,NEE,-0.015435,1.008199
2023-04-26,NEE,-0.048188,0.911427
2023-04-27,NEE,0.024031,0.957361
2023-04-28,NEE,0.010284,0.97749
2023-05-01,NEE,0.002219,0.981877
2023-05-02,NEE,-0.011198,0.959684
2023-05-03,NEE,-0.007243,0.945491
2023-05-04,NEE,0.001592,0.948588
2023-05-05,NEE,0.0,0.948588
2023-05-08,NEE,0.007284,0.96278
2023-05-09,NEE,-0.006311,0.950394
2023-05-10,NEE,0.017333,0.984199
2023-05-11,NEE,-0.010274,0.963813
2023-05-12,NEE,0.024441,1.011811
2023-05-15,NEE,-0.005387,1.000973
2023-05-16,NEE,-0.021924,0.957103
2023-05-17,NEE,-0.006593,0.9442
2023-05-18,NEE,-0.003185,0.938007
2023-05-19,NEE,-0.008255,0.922008
2023-05-22,NEE,0.001343,0.924588
2023-05-23,NEE,-0.005632,0.91375
2023-05-24,NEE,0.001079,0.915814
2023-05-25,NEE,-0.01145,0.893879
2023-05-26,NEE,0.013686,0.919799
2023-05-30,NEE,-0.01664,0.887854
2023-05-31,NEE,0.010593,0.907852
2023-06-01,NEE,-0.006806,0.894866
2023-06-02,NEE,0.012198,0.917981
2023-06-05,NEE,-0.003521,0.911228
2023-06-06,NEE,-0.002854,0.905774
2023-06-07,NEE,0.010766,0.926291
2023-06-08,NEE,0.009842,0.945251
2023-06-09,NEE,-0.011082,0.923694
2023-06-12,NEE,-0.001215,0.921357
2023-06-13,NEE,0.005001,0.930966
2023-06-14,NEE,-0.012777,0.906293
2023-06-15,NEE,0.013079,0.931226
2023-06-16,NEE,0.016541,0.963171
2023-06-20,NEE,-0.01098,0.941615
2023-06-21,NEE,0.013644,0.968106
2023-06-22,NEE,-0.008578,0.951224
2023-06-23,NEE,-0.012778,0.926291
2023-06-26,NEE,0.001618,0.929408
2023-06-27,NEE,-0.005115,0.919539
2023-06-28,NEE,-0.006359,0.907333
2023-06-29,NEE,-0.008579,0.89097
2023-06-30,NEE,0.019091,0.92707
2023-07-03,NEE,0.002426,0.931745
2023-07-05,NEE,0.007663,0.946549
2023-07-06,NEE,-0.02575,0.896425
2023-07-07,NEE,-0.013284,0.871233
2023-07-10,NEE,-0.004719,0.862402
2023-07-11,NEE,0.006693,0.874868
2023-07-12,NEE,0.017731,0.908111
2023-07-13,NEE,0.003267,0.914345
2023-07-14,NEE,-0.006919,0.9011
2023-07-17,NEE,-0.007377,0.887075
2023-07-18,NEE,-0.008395,0.871233
2023-07-19,NEE,0.000694,0.872531
2023-07-20,NEE,0.027739,0.924473
2023-07-21,NEE,0.024292,0.971222
2023-07-24,NEE,-0.00527,0.960833
2023-07-25,NEE,-0.000794,0.959275
2023-07-26,NEE,-0.014184,0.931486
2023-07-27,NEE,-0.014791,0.902917
2023-07-28,NEE,-0.005732,0.892009
2023-07-31,NEE,0.006177,0.903696
2023-08-01,NEE,-0.015416,0.874349
2023-08-02,NEE,-0.003603,0.867596
2023-08-03,NEE,-0.02517,0.820588
2023-08-04,NEE,-0.013267,0.796435
2023-08-07,NEE,-0.007662,0.78267
2023-08-08,NEE,0.00102,0.784488
2023-08-09,NEE,0.003056,0.789942
2023-08-10,NEE,-0.009141,0.77358
2023-08-11,NEE,0.009225,0.789942
2023-08-14,NEE,-0.005223,0.780593
2023-08-15,NEE,-0.017649,0.749167
2023-08-16,NEE,0.003118,0.754621
2023-08-17,NEE,-0.00074,0.753323
2023-08-18,NEE,0.00474,0.761634
2023-08-21,NEE,-0.011057,0.742155
2023-08-22,NEE,0.006559,0.753582
2023-08-23,NEE,0.00548,0.763192
2023-08-24,NEE,-0.009869,0.745791
2023-08-25,NEE,0.011008,0.765009
2023-08-28,NEE,0.000883,0.766568
2023-08-29,NEE,-0.000622,0.76547
2023-08-30,NEE,-0.006221,0.754486
2023-08-31,NEE,-0.004323,0.746902
2023-09-01,NEE,0.001048,0.748733
2023-09-05,NEE,-0.010019,0.731212
2023-09-06,NEE,-0.007704,0.717874
2023-09-07,NEE,0.008525,0.732519
2023-09-08,NEE,0.008755,0.747687
2023-09-11,NEE,0.010474,0.765993
2023-09-12,NEE,0.002962,0.771223
2023-09-13,NEE,0.010335,0.789529
2023-09-14,NEE,0.012422,0.811757
2023-09-15,NEE,-0.009238,0.795021
2023-09-18,NEE,-0.005828,0.78456
2023-09-19,NEE,-0.009525,0.767562
2023-09-20,NEE,-0.003551,0.761286
2023-09-21,NEE,-0.006533,0.749779
2023-09-22,NEE,0.011807,0.770439
2023-09-25,NEE,-0.003397,0.764424
2023-09-26,NEE,-0.03157,0.708721
2023-09-27,NEE,-0.082339,0.568028
2023-09-28,NEE,-0.048032,0.492712
2023-09-29,NEE,0.003679,0.498204
2023-10-02,NEE,-0.089719,0.363787
2023-10-03,NEE,0.01208,0.380262
2023-10-04,NEE,-0.040925,0.323775
2023-10-05,NEE,-0.023113,0.293179
2023-10-06,NEE,0.015976,0.313838
2023-10-09,NEE,-0.018312,0.289779
2023-10-10,NEE,0.045823,0.348881
2023-10-11,NEE,0.037999,0.400137
2023-10-12,NEE,-0.010086,0.386015
2023-10-13,NEE,0.028113,0.424981
2023-10-16,NEE,-0.002019,0.422104
2023-10-17,NEE,-0.003862,0.416612
2023-10-18,NEE,-0.017168,0.392292
2023-10-19,NEE,-0.015966,0.370063
2023-10-20,NEE,-0.008208,0.358818
2023-10-23,NEE,-0.008468,0.347311
2023-10-24,NEE,0.069876,0.441456
2023-10-25,NEE,0.024311,0.476499
2023-10-26,NEE,0.01966,0.505526
2023-10-27,NEE,-0.023102,0.470745
2023-10-30,NEE,0.01707,0.495851
2023-10-31,NEE,0.019231,0.524617
2023-11-01,NEE,0.00223,0.528017
2023-11-02,NEE,0.02533,0.56672
2023-11-03,NEE,-0.008847,0.55286
2023-11-06,NEE,-0.005726,0.543969
2023-11-07,NEE,-0.009824,0.528801
2023-11-08,NEE,-0.016421,0.503696
2023-11-09,NEE,-0.048348,0.430995
2023-11-10,NEE,0.007675,0.441979
2023-11-13,NEE,-0.011607,0.425242
2023-11-14,NEE,0.055963,0.505003
2023-11-15,NEE,-0.009557,0.49062
2023-11-16,NEE,-0.007018,0.48016
2023-11-17,NEE,0.013604,0.500296
2023-11-20,NEE,-0.000523,0.499512
2023-11-21,NEE,0.011162,0.516248
2023-11-22,NEE,-0.00073,0.515141
2023-11-24,NEE,0.001392,0.51725
2023-11-27,NEE,0.000521,0.518041
2023-11-28,NEE,0.010073,0.533332
2023-11-29,NEE,0.003439,0.538605
2023-11-30,NEE,0.00257,0.54256
2023-12-01,NEE,0.01128,0.55996
2023-12-04,NEE,-0.00845,0.546778
2023-12-05,NEE,-0.0075,0.535178
2023-12-06,NEE,0.033831,0.587115
2023-12-07,NEE,-0.005814,0.577887
2023-12-08,NEE,-0.002506,0.573933
2023-12-11,NEE,0.000167,0.574196
2023-12-12,NEE,-0.003182,0.569187
2023-12-13,NEE,0.050235,0.648016
2023-12-14,NEE,0.004319,0.655134
2023-12-15,NEE,-0.020389,0.621388
2023-12-18,NEE,-0.00813,0.608206
2023-12-19,NEE,0.009344,0.623234
2023-12-20,NEE,-0.028098,0.577624
2023-12-21,NEE,-0.004011,0.571296
2023-12-22,NEE,0.002517,0.575251
2023-12-26,NEE,0.007699,0.587379
2023-12-27,NEE,0.006145,0.597133
2023-12-28,NEE,0.007263,0.608734
2023-12-29,NEE,-0.004589,0.601352
2024-01-02,NEE,0.013665,0.623234
2024-01-03,NEE,0.006822,0.634307
2024-01-04,NEE,-0.003065,0.629297
2024-01-05,NEE,0.004531,0.636679
2024-01-08,NEE,0.013531,0.658825
2024-01-09,NEE,-0.014463,0.634834
2024-01-10,NEE,0.004354,0.641952
2024-01-11,NEE,-0.025048,0.600824
2024-01-12,NEE,0.00527,0.609261
2024-01-16,NEE,-0.011304,0.591069
2024-01-17,NEE,-0.034466,0.536232
2024-01-18,NEE,-0.01064,0.519887
2024-01-19,NEE,-0.006765,0.509604
2024-01-22,NEE,-0.00716,0.498795
2024-01-23,NEE,0.009323,0.512768
2024-01-24,NEE,-0.006448,0.503014
2024-01-25,NEE,0.017015,0.528587
2024-01-26,NEE,0.008624,0.541769
2024-01-29,NEE,0.018639,0.570506
2024-01-30,NEE,-0.004868,0.56286
2024-01-31,NEE,-0.010965,0.545724
2024-02-01,NEE,0.019103,0.575251
2024-02-02,NEE,-0.026778,0.533069
2024-02-05,NEE,-0.037489,0.475595
2024-02-06,NEE,0.004645,0.48245
2024-02-07,NEE,0.002668,0.486404
2024-02-08,NEE,-0.001596,0.484032
2024-02-09,NEE,0.005152,0.491677
2024-02-12,NEE,0.017144,0.51725
2024-02-13,NEE,-0.039965,0.456613
2024-02-14,NEE,0.013756,0.47665
2024-02-15,NEE,0.022496,0.509868
2024-02-16,NEE,-0.004191,0.503541
2024-02-20,NEE,-0.007365,0.492468
2024-02-21,NEE,0.008656,0.505386
2024-02-22,NEE,-0.007531,0.49405
2024-02-23,NEE,0.001941,0.49695
2024-02-26,NEE,-0.019817,0.467285
2024-02-27,NEE,0.007434,0.478193
2024-02-28,NEE,-0.009359,0.464358
2024-02-29,NEE,0.002725,0.468349
2024-03-01,NEE,0.000362,0.468881
2024-03-04,NEE,-0.004347,0.462496
2024-03-05,NEE,0.007823,0.473936
2024-03-06,NEE,0.002346,0.477395
2024-03-07,NEE,0.012966,0.496551
2024-03-08,NEE,0.027733,0.538055
2024-03-11,NEE,0.001038,0.539652
2024-03-12,NEE,-0.012442,0.520496
2024-03-13,NEE,0.04182,0.584083
2024-03-14,NEE,0.0,0.584083
2024-03-15,NEE,0.009069,0.598449
2024-03-18,NEE,0.001498,0.600844
2024-03-19,NEE,0.018282,0.63011
2024-03-20,NEE,0.015179,0.654853
2024-03-21,NEE,-0.013505,0.632504
2024-03-22,NEE,0.006845,0.643678
2024-03-25,NEE,0.013435,0.665761
2024-03-26,NEE,-0.018847,0.634367
2024-03-27,NEE,0.038418,0.697155
2024-03-28,NEE,0.001881,0.700348
2024-04-01,NEE,-0.008293,0.686247
2024-04-02,NEE,-0.007889,0.672944
2024-04-03,NEE,-0.005248,0.664164
2024-04-04,NEE,0.018865,0.695559
2024-04-05,NEE,0.007061,0.707531
2024-04-08,NEE,0.010595,0.725623
2024-04-09,NEE,0.008017,0.739458
2024-04-10,NEE,-0.020954,0.703008
2024-04-11,NEE,-0.001094,0.701146
2024-04-12,NEE,-0.01345,0.678265
2024-04-15,NEE,-0.005232,0.669485
2024-04-16,NEE,-0.016733,0.64155
2024-04-17,NEE,0.033874,0.697155
2024-04-18,NEE,0.003449,0.703008
2024-04-19,NEE,0.004531,0.710724
2024-04-22,NEE,0.015708,0.737595
2024-04-23,NEE,0.013627,0.761274
2024-04-24,NEE,0.005438,0.770852
2024-04-25,NEE,0.005108,0.779898
2024-04-26,NEE,-0.013602,0.755687
2024-04-29,NEE,0.02167,0.793733
2024-04-30,NEE,-0.006675,0.78176
2024-05-01,NEE,0.024488,0.825393
2024-05-02,NEE,0.003498,0.831778
2024-05-03,NEE,0.018737,0.866099
2024-05-06,NEE,0.015826,0.895631
2024-05-07,NEE,0.009824,0.914254
2024-05-08,NEE,0.012509,0.938199
2024-05-09,NEE,0.023747,0.984227
2024-05-10,NEE,-0.010593,0.963209
2024-05-13,NEE,0.010706,0.984227
2024-05-14,NEE,0.011263,1.006576
2024-05-15,NEE,0.021612,1.049942
2024-05-16,NEE,-0.008306,1.032915
2024-05-17,NEE,-0.004188,1.024401
2024-05-20,NEE,-0.002891,1.018548
2024-05-21,NEE,0.014235,1.047281
2024-05-22,NEE,-0.008187,1.03052
2024-05-23,NEE,-0.013103,1.003914
2024-05-24,NEE,0.017127,1.038236
2024-05-28,NEE,0.012009,1.062713
2024-05-29,NEE,-0.010963,1.040098
2024-05-30,NEE,0.019692,1.080272
2024-05-31,NEE,0.023405,1.12896
2024-06-03,NEE,-0.022577,1.080894
2024-06-04,NEE,-0.007206,1.065899
2024-06-05,NEE,-0.001296,1.063221
2024-06-06,NEE,-0.004543,1.053848
2024-06-07,NEE,-0.017079,1.018769
2024-06-10,NEE,0.020958,1.061078
2024-06-11,NEE,-0.054957,0.947809
2024-06-12,NEE,-0.006599,0.934956
2024-06-13,NEE,0.012732,0.959591
2024-06-14,NEE,-0.00164,0.956377
2024-06-17,NEE,-0.010265,0.936295
2024-06-18,NEE,-0.025861,0.886221
2024-06-20,NEE,0.028677,0.940311
2024-06-21,NEE,0.00483,0.949683
2024-06-24,NEE,0.014284,0.977532
2024-06-25,NEE,-0.011781,0.954235
2024-06-26,NEE,0.005344,0.964679
2024-06-27,NEE,0.00477,0.974051
2024-06-28,NEE,-0.039474,0.896128
2024-07-01,NEE,-0.012851,0.87176
2024-07-02,NEE,0.008155,0.887024
2024-07-03,NEE,0.019299,0.923441
2024-07-05,NEE,0.00362,0.930403
2024-07-08,NEE,0.000278,0.930939
2024-07-09,NEE,0.000139,0.931207
2024-07-10,NEE,0.010815,0.952093
2024-07-11,NEE,0.024691,1.000293
2024-07-12,NEE,0.017403,1.035104
2024-07-15,NEE,-0.066184,0.900412
2024-07-16,NEE,0.013104,0.925315
2024-07-17,NEE,-0.013908,0.898538
2024-07-18,NEE,0.01086,0.919157
2024-07-19,NEE,0.004604,0.927993
2024-07-22,NEE,0.0125,0.952093
2024-07-23,NEE,-0.010837,0.930939
2024-07-24,NEE,0.045763,1.019305
2024-07-25,NEE,-0.026124,0.966554
2024-07-26,NEE,0.011165,0.988511
2024-07-29,NEE,0.001077,0.990653
2024-07-30,NEE,-0.000807,0.989046
2024-07-31,NEE,0.028406,1.045547
2024-08-01,NEE,0.026181,1.099103
2024-08-02,NEE,0.010333,1.120793
2024-08-05,NEE,-0.031818,1.053313
2024-08-06,NEE,0.003782,1.061078
2024-08-07,NEE,0.007666,1.076878
2024-08-08,NEE,-0.000258,1.076342
2024-08-09,NEE,-0.001032,1.074199
2024-08-12,NEE,0.001549,1.077413
2024-08-13,NEE,0.00696,1.091872
2024-08-14,NEE,-0.001408,1.088927
2024-08-15,NEE,-0.007691,1.072861
2024-08-16,NEE,0.014985,1.103923
2024-08-19,NEE,0.009927,1.124809
2024-08-20,NEE,-0.004663,1.114902
2024-08-21,NEE,0.008357,1.132575
2024-08-22,NEE,-0.009041,1.113295
2024-08-23,NEE,0.009377,1.133111
2024-08-26,NEE,0.012302,1.159353
2024-08-27,NEE,-0.012773,1.131772
2024-08-28,NEE,-0.002512,1.126416
2024-08-29,NEE,0.007808,1.143018
2024-08-30,NEE,0.012513,1.169835
2024-09-03,NEE,-0.007204,1.154203
2024-09-04,NEE,0.014388,1.185197
2024-09-05,NEE,-0.00925,1.164984
2024-09-06,NEE,-0.004357,1.155551
2024-09-09,NEE,0.015129,1.188161
2024-09-10,NEE,0.013672,1.218077
2024-09-11,NEE,0.01373,1.248532
2024-09-12,NEE,0.00036,1.24934
2024-09-13,NEE,0.014258,1.281412
2024-09-16,NEE,-0.000118,1.281143
2024-09-17,NEE,0.003899,1.290037
2024-09-18,NEE,-0.008121,1.27144
2024-09-19,NEE,-0.023612,1.217808
2024-09-20,NEE,0.005711,1.230475
2024-09-23,NEE,0.024891,1.285994
2024-09-24,NEE,-0.006249,1.271709
2024-09-25,NEE,0.003915,1.280604
2024-09-26,NEE,-0.013708,1.24934
2024-09-27,NEE,0.01294,1.278448
2024-09-30,NEE,-0.000118,1.278178
2024-10-01,NEE,0.008754,1.298122
2024-10-02,NEE,0.001876,1.302434
2024-10-03,NEE,-0.004448,1.292193
2024-10-04,NEE,-0.014109,1.259851
2024-10-07,NEE,-0.042457,1.163905
2024-10-08,NEE,0.002616,1.169565
2024-10-09,NEE,0.000994,1.171721
2024-10-10,NEE,0.004468,1.181424
2024-10-11,NEE,0.011366,1.206219
2024-10-14,NEE,0.012827,1.234517
2024-10-15,NEE,-0.001447,1.231283
2024-10-16,NEE,0.019326,1.274405
2024-10-17,NEE,-0.007229,1.257965
2024-10-18,NEE,0.007162,1.274135
2024-10-21,NEE,-0.004148,1.264702
2024-10-22,NEE,-0.003927,1.255809
2024-10-23,NEE,0.015054,1.289767
2024-10-24,NEE,-0.025306,1.231822
2024-10-25,NEE,-0.016665,1.19463
2024-10-28,NEE,0.017684,1.233439
2024-10-29,NEE,-0.039942,1.144231
2024-10-30,NEE,-0.005908,1.131564
2024-10-31,NEE,0.002023,1.135876
2024-11-01,NEE,-0.023975,1.084669
2024-11-04,NEE,0.013187,1.112159
2024-11-05,NEE,0.003573,1.119706
2024-11-06,NEE,-0.052511,1.008397
2024-11-07,NEE,0.001342,1.011092
2024-11-08,NEE,0.031493,1.074427
2024-11-11,NEE,-0.013772,1.045859
2024-11-12,NEE,-0.021736,1.00139
2024-11-13,NEE,-0.000269,1.000851
2024-11-14,NEE,0.014008,1.02888
2024-11-15,NEE,0.014214,1.057718
2024-11-18,NEE,0.000524,1.058796
2024-11-19,NEE,0.009033,1.077392
2024-11-20,NEE,-0.002595,1.072002
2024-11-21,NEE,0.006244,1.084939
2024-11-22,NEE,-0.010996,1.062012
2024-11-25,NEE,0.008421,1.079377
2024-11-26,NEE,0.011091,1.102438
2024-11-27,NEE,0.013292,1.130384
2024-11-29,NEE,0.00191,1.134454
2024-12-02,NEE,-0.020338,1.091043
2024-12-03,NEE,-0.010121,1.069881
2024-12-04,NEE,-0.00721,1.054958
2024-12-05,NEE,0.006074,1.067438
2024-12-06,NEE,-0.012598,1.041392
2024-12-09,NEE,-0.007177,1.026741
2024-12-10,NEE,-0.007497,1.011547
2024-12-11,NEE,-0.002158,1.007206
2024-12-12,NEE,-0.010273,0.986586
2024-12-13,NEE,0.005463,0.997439
2024-12-16,NEE,-0.011274,0.97492
2024-12-17,NEE,-0.007144,0.960811
2024-12-18,NEE,-0.024215,0.91333
2024-12-19,NEE,-0.010635,0.892982
2024-12-20,NEE,0.027232,0.944531
2024-12-23,NEE,0.011441,0.966779
2024-12-24,NEE,0.005794,0.978175
2024-12-26,NEE,-0.007406,0.963524
2024-12-27,NEE,-0.003593,0.95647
2024-12-30,NEE,-0.004854,0.946974
