Date,Strategy,Portfolio Value,Normalized Value,Daily Return
2019-01-03,Equal Weight,969265.49,1.0,-0.030735
2019-01-04,Equal Weight,1003441.19,1.035259,0.035259
2019-01-07,Equal Weight,1006805.4,1.03873,0.003353
2019-01-08,Equal Weight,1015991.14,1.048207,0.009124
2019-01-09,Equal Weight,1017363.6,1.049623,0.001351
2019-01-10,Equal Weight,1019180.1,1.051497,0.001786
2019-01-11,Equal Weight,1015203.01,1.047394,-0.003902
2019-01-14,Equal Weight,1006654.24,1.038574,-0.008421
2019-01-15,Equal Weight,1021994.27,1.054401,0.015239
2019-01-16,Equal Weight,1024266.05,1.056745,0.002223
2019-01-17,Equal Weight,1032371.67,1.065107,0.007914
2019-01-18,Equal Weight,1041995.35,1.075036,0.009322
2019-01-22,Equal Weight,1024658.87,1.05715,-0.016638
2019-01-23,Equal Weight,1032056.63,1.064782,0.00722
2019-01-24,Equal Weight,1028431.0,1.061042,-0.003513
2019-01-25,Equal Weight,1035846.79,1.068693,0.007211
2019-01-28,Equal Weight,1020792.23,1.053161,-0.014534
2019-01-29,Equal Weight,1019220.42,1.051539,-0.00154
2019-01-30,Equal Weight,1042332.86,1.075384,0.022677
2019-01-31,Equal Weight,1055984.58,1.089469,0.013097
2019-02-01,Equal Weight,1054740.05,1.088185,-0.001179
2019-02-04,Equal Weight,1059935.47,1.093545,0.004926
2019-02-05,Equal Weight,1065543.5,1.099331,0.005291
2019-02-06,Equal Weight,1058803.21,1.092377,-0.006326
2019-02-07,Equal Weight,1047880.87,1.081108,-0.010316
2019-02-08,Equal Weight,1048525.07,1.081773,0.000615
2019-02-11,Equal Weight,1047761.17,1.080985,-0.000729
2019-02-12,Equal Weight,1064884.87,1.098651,0.016343
2019-02-13,Equal Weight,1066290.9,1.100102,0.00132
2019-02-14,Equal Weight,1064011.01,1.09775,-0.002138
2019-02-15,Equal Weight,1074578.05,1.108652,0.009931
2019-02-19,Equal Weight,1077956.12,1.112137,0.003144
2019-02-20,Equal Weight,1081580.98,1.115877,0.003363
2019-02-21,Equal Weight,1079554.49,1.113786,-0.001874
2019-02-22,Equal Weight,1085089.04,1.119496,0.005127
2019-02-25,Equal Weight,1088913.25,1.123442,0.003524
2019-02-26,Equal Weight,1088185.1,1.12269,-0.000669
2019-02-27,Equal Weight,1090348.83,1.124923,0.001988
2019-02-28,Equal Weight,1087538.91,1.122024,-0.002577
2019-03-01,Equal Weight,1097294.82,1.132089,0.008971
2019-03-04,Equal Weight,1099235.12,1.134091,0.001768
2019-03-05,Equal Weight,1099674.02,1.134544,0.000399
2019-03-06,Equal Weight,1092700.11,1.127349,-0.006342
2019-03-07,Equal Weight,1084474.39,1.118862,-0.007528
2019-03-08,Equal Weight,1082293.54,1.116612,-0.002011
2019-03-11,Equal Weight,1096683.68,1.131459,0.013296
2019-03-12,Equal Weight,1101124.24,1.13604,0.004049
2019-03-13,Equal Weight,1107715.44,1.14284,0.005986
2019-03-14,Equal Weight,1106714.69,1.141808,-0.000903
2019-03-15,Equal Weight,1112187.83,1.147454,0.004945
2019-03-18,Equal Weight,1119305.46,1.154798,0.0064
2019-03-19,Equal Weight,1120608.6,1.156142,0.001164
2019-03-20,Equal Weight,1122833.33,1.158437,0.001985
2019-03-21,Equal Weight,1133025.63,1.168953,0.009077
2019-03-22,Equal Weight,1113805.3,1.149123,-0.016964
2019-03-25,Equal Weight,1113149.44,1.148446,-0.000589
2019-03-26,Equal Weight,1119092.46,1.154578,0.005339
2019-03-27,Equal Weight,1112879.32,1.148168,-0.005552
2019-03-28,Equal Weight,1115978.49,1.151365,0.002785
2019-03-29,Equal Weight,1123307.66,1.158927,0.006567
2019-04-01,Equal Weight,1134956.11,1.170945,0.01037
2019-04-02,Equal Weight,1135394.86,1.171397,0.000387
2019-04-03,Equal Weight,1134161.14,1.170124,-0.001087
2019-04-04,Equal Weight,1134605.55,1.170583,0.000392
2019-04-05,Equal Weight,1139512.02,1.175645,0.004324
2019-04-08,Equal Weight,1142520.22,1.178748,0.00264
2019-04-09,Equal Weight,1136030.56,1.172053,-0.00568
2019-04-10,Equal Weight,1138220.76,1.174313,0.001928
2019-04-11,Equal Weight,1139821.92,1.175965,0.001407
2019-04-12,Equal Weight,1147534.09,1.183921,0.006766
2019-04-15,Equal Weight,1147688.12,1.18408,0.000134
2019-04-16,Equal Weight,1150331.22,1.186807,0.002303
2019-04-17,Equal Weight,1154396.05,1.191001,0.003534
2019-04-18,Equal Weight,1153982.5,1.190574,-0.000358
2019-04-22,Equal Weight,1159132.25,1.195887,0.004463
2019-04-23,Equal Weight,1166662.0,1.203656,0.006496
2019-04-24,Equal Weight,1159360.26,1.196122,-0.006259
2019-04-25,Equal Weight,1162704.94,1.199573,0.002885
2019-04-26,Equal Weight,1172732.6,1.209919,0.008624
2019-04-29,Equal Weight,1173893.66,1.211117,0.00099
2019-04-30,Equal Weight,1167162.87,1.204173,-0.005734
2019-05-01,Equal Weight,1162954.43,1.199831,-0.003606
2019-05-02,Equal Weight,1155601.14,1.192244,-0.006323
2019-05-03,Equal Weight,1168712.98,1.205772,0.011346
2019-05-06,Equal Weight,1159752.21,1.196527,-0.007667
2019-05-07,Equal Weight,1142212.63,1.178431,-0.015124
2019-05-08,Equal Weight,1140128.07,1.17628,-0.001825
2019-05-09,Equal Weight,1135481.3,1.171486,-0.004076
2019-05-10,Equal Weight,1139752.73,1.175893,0.003762
2019-05-13,Equal Weight,1114557.11,1.149899,-0.022106
2019-05-14,Equal Weight,1118613.19,1.154083,0.003639
2019-05-15,Equal Weight,1127870.68,1.163634,0.008276
2019-05-16,Equal Weight,1138659.26,1.174765,0.009565
2019-05-17,Equal Weight,1129783.99,1.165608,-0.007794
2019-05-20,Equal Weight,1123128.68,1.158742,-0.005891
2019-05-21,Equal Weight,1128152.63,1.163925,0.004473
2019-05-22,Equal Weight,1127315.19,1.163061,-0.000742
2019-05-23,Equal Weight,1116433.69,1.151835,-0.009653
2019-05-24,Equal Weight,1117804.72,1.153249,0.001228
2019-05-28,Equal Weight,1108344.27,1.143489,-0.008463
2019-05-29,Equal Weight,1097649.52,1.132455,-0.009649
2019-05-30,Equal Weight,1100260.05,1.135148,0.002378
2019-05-31,Equal Weight,1086239.28,1.120683,-0.012743
2019-06-03,Equal Weight,1078030.3,1.112214,-0.007557
2019-06-04,Equal Weight,1097309.75,1.132104,0.017884
2019-06-05,Equal Weight,1105740.69,1.140803,0.007683
2019-06-06,Equal Weight,1115431.02,1.1508,0.008764
2019-06-07,Equal Weight,1128094.11,1.163865,0.011353
2019-06-10,Equal Weight,1133703.9,1.169653,0.004973
2019-06-11,Equal Weight,1134555.91,1.170532,0.000752
2019-06-12,Equal Weight,1135224.88,1.171222,0.00059
2019-06-13,Equal Weight,1136628.67,1.17267,0.001237
2019-06-14,Equal Weight,1136315.31,1.172347,-0.000276
2019-06-17,Equal Weight,1138891.77,1.175005,0.002267
2019-06-18,Equal Weight,1150029.32,1.186496,0.009779
2019-06-19,Equal Weight,1151496.56,1.188009,0.001276
2019-06-20,Equal Weight,1161781.2,1.19862,0.008932
2019-06-21,Equal Weight,1162159.32,1.19901,0.000325
2019-06-24,Equal Weight,1163121.22,1.200003,0.000828
2019-06-25,Equal Weight,1151821.16,1.188344,-0.009715
2019-06-26,Equal Weight,1148797.88,1.185225,-0.002625
2019-06-27,Equal Weight,1150197.41,1.186669,0.001218
2019-06-28,Equal Weight,1152397.33,1.188939,0.001913
2019-07-01,Equal Weight,1162851.67,1.199725,0.009072
2019-07-02,Equal Weight,1168571.63,1.205626,0.004919
2019-07-03,Equal Weight,1176445.32,1.213749,0.006738
2019-07-05,Equal Weight,1173725.73,1.210943,-0.002312
2019-07-08,Equal Weight,1170540.83,1.207658,-0.002713
2019-07-09,Equal Weight,1173254.67,1.210457,0.002318
2019-07-10,Equal Weight,1180124.76,1.217545,0.005856
2019-07-11,Equal Weight,1177043.33,1.214366,-0.002611
2019-07-12,Equal Weight,1177813.79,1.215161,0.000655
2019-07-15,Equal Weight,1179368.04,1.216765,0.00132
2019-07-16,Equal Weight,1174945.8,1.212202,-0.00375
2019-07-17,Equal Weight,1164940.3,1.201879,-0.008516
2019-07-18,Equal Weight,1167535.0,1.204556,0.002227
2019-07-19,Equal Weight,1159999.13,1.196782,-0.006455
2019-07-22,Equal Weight,1163942.87,1.20085,0.0034
2019-07-23,Equal Weight,1170304.72,1.207414,0.005466
2019-07-24,Equal Weight,1168761.4,1.205822,-0.001319
2019-07-25,Equal Weight,1165929.57,1.2029,-0.002423
2019-07-26,Equal Weight,1177339.12,1.214671,0.009786
2019-07-29,Equal Weight,1181394.28,1.218855,0.003444
2019-07-30,Equal Weight,1179085.29,1.216473,-0.001954
2019-07-31,Equal Weight,1168668.33,1.205726,-0.008835
2019-08-01,Equal Weight,1158117.16,1.19484,-0.009028
2019-08-02,Equal Weight,1152690.71,1.189241,-0.004686
2019-08-05,Equal Weight,1120440.2,1.155968,-0.027978
2019-08-06,Equal Weight,1135020.55,1.171011,0.013013
2019-08-07,Equal Weight,1133360.76,1.169299,-0.001462
2019-08-08,Equal Weight,1154765.85,1.191382,0.018886
2019-08-09,Equal Weight,1145623.77,1.18195,-0.007917
2019-08-12,Equal Weight,1135127.66,1.171122,-0.009162
2019-08-13,Equal Weight,1154106.89,1.190703,0.01672
2019-08-14,Equal Weight,1122372.8,1.157962,-0.027497
2019-08-15,Equal Weight,1126228.88,1.161941,0.003436
2019-08-16,Equal Weight,1139600.04,1.175736,0.011873
2019-08-19,Equal Weight,1153550.93,1.190129,0.012242
2019-08-20,Equal Weight,1143426.15,1.179683,-0.008777
2019-08-21,Equal Weight,1152140.48,1.188674,0.007621
2019-08-22,Equal Weight,1152442.61,1.188986,0.000262
2019-08-23,Equal Weight,1122776.71,1.158379,-0.025742
2019-08-26,Equal Weight,1136455.97,1.172492,0.012183
2019-08-27,Equal Weight,1133140.83,1.169072,-0.002917
2019-08-28,Equal Weight,1137388.64,1.173454,0.003749
2019-08-29,Equal Weight,1151095.08,1.187595,0.012051
2019-08-30,Equal Weight,1150750.97,1.18724,-0.000299
2019-09-03,Equal Weight,1148198.37,1.184607,-0.002218
2019-09-04,Equal Weight,1157378.17,1.194078,0.007995
2019-09-05,Equal Weight,1171968.32,1.20913,0.012606
2019-09-06,Equal Weight,1171055.43,1.208189,-0.000779
2019-09-09,Equal Weight,1173695.79,1.210913,0.002255
2019-09-10,Equal Weight,1177869.98,1.215219,0.003556
2019-09-11,Equal Weight,1189487.89,1.227205,0.009863
2019-09-12,Equal Weight,1193294.09,1.231132,0.0032
2019-09-13,Equal Weight,1195059.05,1.232953,0.001479
2019-09-16,Equal Weight,1187452.73,1.225106,-0.006365
2019-09-17,Equal Weight,1191118.44,1.228888,0.003087
2019-09-18,Equal Weight,1195812.69,1.233731,0.003941
2019-09-19,Equal Weight,1197108.32,1.235068,0.001083
2019-09-20,Equal Weight,1192911.14,1.230737,-0.003506
2019-09-23,Equal Weight,1192204.61,1.230008,-0.000592
2019-09-24,Equal Weight,1182229.97,1.219717,-0.008367
2019-09-25,Equal Weight,1188927.72,1.226628,0.005665
2019-09-26,Equal Weight,1185385.66,1.222973,-0.002979
2019-09-27,Equal Weight,1183523.23,1.221052,-0.001571
2019-09-30,Equal Weight,1186525.21,1.224149,0.002536
2019-10-01,Equal Weight,1175203.15,1.212468,-0.009542
2019-10-02,Equal Weight,1153925.15,1.190515,-0.018106
2019-10-03,Equal Weight,1160119.3,1.196906,0.005368
2019-10-04,Equal Weight,1178379.13,1.215744,0.01574
2019-10-07,Equal Weight,1172412.35,1.209588,-0.005064
2019-10-08,Equal Weight,1155675.25,1.192321,-0.014276
2019-10-09,Equal Weight,1165185.7,1.202133,0.008229
2019-10-10,Equal Weight,1171760.27,1.208916,0.005643
2019-10-11,Equal Weight,1185061.81,1.222639,0.011352
2019-10-14,Equal Weight,1183704.61,1.221239,-0.001145
2019-10-15,Equal Weight,1195009.27,1.232902,0.00955
2019-10-16,Equal Weight,1193273.45,1.231111,-0.001453
2019-10-17,Equal Weight,1197623.74,1.235599,0.003646
2019-10-18,Equal Weight,1188622.88,1.226313,-0.007516
2019-10-21,Equal Weight,1200287.86,1.238348,0.009814
2019-10-22,Equal Weight,1206205.62,1.244453,0.00493
2019-10-23,Equal Weight,1210836.74,1.249231,0.003839
2019-10-24,Equal Weight,1212379.33,1.250823,0.001274
2019-10-25,Equal Weight,1221080.16,1.259799,0.007177
2019-10-28,Equal Weight,1229594.49,1.268584,0.006973
2019-10-29,Equal Weight,1222394.49,1.261155,-0.005856
2019-10-30,Equal Weight,1228668.37,1.267628,0.005132
2019-10-31,Equal Weight,1228098.83,1.267041,-0.000464
2019-11-01,Equal Weight,1241565.75,1.280935,0.010966
2019-11-04,Equal Weight,1244787.11,1.284258,0.002595
2019-11-05,Equal Weight,1244996.11,1.284474,0.000168
2019-11-06,Equal Weight,1246407.43,1.28593,0.001134
2019-11-07,Equal Weight,1249597.56,1.289221,0.002559
2019-11-08,Equal Weight,1251155.54,1.290829,0.001247
2019-11-11,Equal Weight,1247346.48,1.286899,-0.003044
2019-11-12,Equal Weight,1245292.94,1.28478,-0.001646
2019-11-13,Equal Weight,1244653.77,1.284121,-0.000513
2019-11-14,Equal Weight,1244107.39,1.283557,-0.000439
2019-11-15,Equal Weight,1256600.11,1.296446,0.010042
2019-11-18,Equal Weight,1257773.78,1.297657,0.000934
2019-11-19,Equal Weight,1256135.67,1.295967,-0.001302
2019-11-20,Equal Weight,1253380.24,1.293124,-0.002194
2019-11-21,Equal Weight,1254548.85,1.294329,0.000932
2019-11-22,Equal Weight,1257684.23,1.297564,0.002499
2019-11-25,Equal Weight,1266588.83,1.306751,0.00708
2019-11-26,Equal Weight,1270116.35,1.310391,0.002785
2019-11-27,Equal Weight,1273735.42,1.314124,0.002849
2019-11-29,Equal Weight,1269566.26,1.309823,-0.003273
2019-12-02,Equal Weight,1262397.82,1.302427,-0.005646
2019-12-03,Equal Weight,1256028.75,1.295856,-0.005045
2019-12-04,Equal Weight,1267087.3,1.307265,0.008804
2019-12-05,Equal Weight,1270935.79,1.311236,0.003037
2019-12-06,Equal Weight,1281985.8,1.322636,0.008694
2019-12-09,Equal Weight,1280756.81,1.321368,-0.000959
2019-12-10,Equal Weight,1279251.99,1.319816,-0.001175
2019-12-11,Equal Weight,1284128.6,1.324847,0.003812
2019-12-12,Equal Weight,1295574.02,1.336655,0.008913
2019-12-13,Equal Weight,1296093.16,1.337191,0.000401
2019-12-16,Equal Weight,1305172.73,1.346559,0.007005
2019-12-17,Equal Weight,1310168.71,1.351713,0.003828
2019-12-18,Equal Weight,1311218.31,1.352796,0.000801
2019-12-19,Equal Weight,1314158.24,1.355829,0.002242
2019-12-20,Equal Weight,1320773.72,1.362654,0.005034
2019-12-23,Equal Weight,1320767.26,1.362648,-5e-06
2019-12-24,Equal Weight,1319896.73,1.361749,-0.000659
2019-12-26,Equal Weight,1332330.37,1.374577,0.00942
2019-12-27,Equal Weight,1332791.79,1.375053,0.000346
2019-12-30,Equal Weight,1325579.77,1.367613,-0.005411
2019-12-31,Equal Weight,1329389.49,1.371543,0.002874
2020-01-02,Equal Weight,1343374.63,1.385972,0.01052
2020-01-03,Equal Weight,1332308.94,1.374555,-0.008237
2020-01-06,Equal Weight,1340162.28,1.382658,0.005895
2020-01-07,Equal Weight,1333926.49,1.376224,-0.004653
2020-01-08,Equal Weight,1339035.49,1.381495,0.00383
2020-01-09,Equal Weight,1351072.37,1.393914,0.008989
2020-01-10,Equal Weight,1348238.77,1.39099,-0.002097
2020-01-13,Equal Weight,1360189.89,1.40332,0.008864
2020-01-14,Equal Weight,1357884.55,1.400942,-0.001695
2020-01-15,Equal Weight,1359879.73,1.403,0.001469
2020-01-16,Equal Weight,1369263.64,1.412682,0.006901
2020-01-17,Equal Weight,1374068.14,1.417639,0.003509
2020-01-21,Equal Weight,1372182.43,1.415693,-0.001372
2020-01-22,Equal Weight,1370314.21,1.413766,-0.001361
2020-01-23,Equal Weight,1370131.91,1.413578,-0.000133
2020-01-24,Equal Weight,1358927.3,1.402018,-0.008178
2020-01-27,Equal Weight,1340918.8,1.383438,-0.013252
2020-01-28,Equal Weight,1354001.73,1.396936,0.009757
2020-01-29,Equal Weight,1357658.76,1.400709,0.002701
2020-01-30,Equal Weight,1369897.58,1.413336,0.009015
2020-01-31,Equal Weight,1351608.47,1.394467,-0.013351
2020-02-03,Equal Weight,1356150.31,1.399153,0.00336
2020-02-04,Equal Weight,1370181.48,1.413629,0.010346
2020-02-05,Equal Weight,1389740.05,1.433807,0.014274
2020-02-06,Equal Weight,1395873.54,1.440135,0.004413
2020-02-07,Equal Weight,1388401.26,1.432426,-0.005353
2020-02-10,Equal Weight,1397566.99,1.441883,0.006602
2020-02-11,Equal Weight,1395737.84,1.439995,-0.001309
2020-02-12,Equal Weight,1401451.61,1.44589,0.004094
2020-02-13,Equal Weight,1400011.4,1.444404,-0.001028
2020-02-14,Equal Weight,1400378.3,1.444783,0.000262
2020-02-18,Equal Weight,1395821.62,1.440082,-0.003254
2020-02-19,Equal Weight,1400228.32,1.444628,0.003157
2020-02-20,Equal Weight,1396898.52,1.441193,-0.002378
2020-02-21,Equal Weight,1384512.14,1.428414,-0.008867
2020-02-24,Equal Weight,1337601.41,1.380016,-0.033882
2020-02-25,Equal Weight,1307241.03,1.348692,-0.022698
2020-02-26,Equal Weight,1303614.33,1.344951,-0.002774
2020-02-27,Equal Weight,1240282.54,1.279611,-0.048582
2020-02-28,Equal Weight,1236247.96,1.275448,-0.003253
2020-03-02,Equal Weight,1300101.98,1.341327,0.051651
2020-03-03,Equal Weight,1260757.59,1.300735,-0.030263
2020-03-04,Equal Weight,1315231.78,1.356937,0.043208
2020-03-05,Equal Weight,1275211.7,1.315647,-0.030428
2020-03-06,Equal Weight,1254729.17,1.294515,-0.016062
2020-03-09,Equal Weight,1161767.32,1.198606,-0.074089
2020-03-10,Equal Weight,1212444.49,1.25089,0.043621
2020-03-11,Equal Weight,1156773.68,1.193454,-0.045916
2020-03-12,Equal Weight,1050612.16,1.083926,-0.091774
2020-03-13,Equal Weight,1153749.3,1.190334,0.098169
2020-03-16,Equal Weight,1046711.48,1.079902,-0.092774
2020-03-17,Equal Weight,1122352.73,1.157941,0.072266
2020-03-18,Equal Weight,1081667.49,1.115966,-0.03625
2020-03-19,Equal Weight,1077335.37,1.111497,-0.004005
2020-03-20,Equal Weight,1022140.82,1.054552,-0.051232
2020-03-23,Equal Weight,988870.03,1.020226,-0.03255
2020-03-24,Equal Weight,1073711.15,1.107758,0.085796
2020-03-25,Equal Weight,1078758.72,1.112965,0.004701
2020-03-26,Equal Weight,1143308.32,1.179562,0.059837
2020-03-27,Equal Weight,1110591.02,1.145807,-0.028616
2020-03-30,Equal Weight,1157015.93,1.193704,0.041802
2020-03-31,Equal Weight,1149630.47,1.186084,-0.006383
2020-04-01,Equal Weight,1106786.14,1.141881,-0.037268
2020-04-02,Equal Weight,1143718.98,1.179985,0.033369
2020-04-03,Equal Weight,1128318.67,1.164097,-0.013465
2020-04-06,Equal Weight,1186143.76,1.223755,0.051249
2020-04-07,Equal Weight,1180797.48,1.218239,-0.004507
2020-04-08,Equal Weight,1216893.58,1.25548,0.030569
2020-04-09,Equal Weight,1227583.48,1.266509,0.008785
2020-04-13,Equal Weight,1214839.72,1.253361,-0.010381
2020-04-14,Equal Weight,1251888.7,1.291585,0.030497
2020-04-15,Equal Weight,1232782.68,1.271873,-0.015262
2020-04-16,Equal Weight,1239262.71,1.278559,0.005256
2020-04-17,Equal Weight,1274561.74,1.314977,0.028484
2020-04-20,Equal Weight,1250681.08,1.290339,-0.018736
2020-04-21,Equal Weight,1218934.28,1.257586,-0.025384
2020-04-22,Equal Weight,1246174.57,1.28569,0.022348
2020-04-23,Equal Weight,1254065.51,1.293831,0.006332
2020-04-24,Equal Weight,1264026.62,1.304108,0.007943
2020-04-27,Equal Weight,1267565.12,1.307758,0.002799
2020-04-28,Equal Weight,1253650.08,1.293402,-0.010978
2020-04-29,Equal Weight,1283993.96,1.324708,0.024204
2020-04-30,Equal Weight,1281571.44,1.322209,-0.001887
2020-05-01,Equal Weight,1243695.06,1.283131,-0.029555
2020-05-04,Equal Weight,1247014.29,1.286556,0.002669
2020-05-05,Equal Weight,1255783.02,1.295603,0.007032
2020-05-06,Equal Weight,1244030.87,1.283478,-0.009358
2020-05-07,Equal Weight,1247425.31,1.28698,0.002729
2020-05-08,Equal Weight,1272198.25,1.312538,0.019859
2020-05-11,Equal Weight,1271181.03,1.311489,-0.0008
2020-05-12,Equal Weight,1250878.6,1.290543,-0.015971
2020-05-13,Equal Weight,1236418.58,1.275624,-0.01156
2020-05-14,Equal Weight,1248136.04,1.287713,0.009477
2020-05-15,Equal Weight,1250499.0,1.290151,0.001893
2020-05-18,Equal Weight,1284223.53,1.324945,0.026969
2020-05-19,Equal Weight,1265449.58,1.305576,-0.014619
2020-05-20,Equal Weight,1284358.13,1.325084,0.014942
2020-05-21,Equal Weight,1269808.77,1.310073,-0.011328
2020-05-22,Equal Weight,1269863.42,1.31013,4.3e-05
2020-05-26,Equal Weight,1284095.53,1.324813,0.011208
2020-05-27,Equal Weight,1302370.71,1.343668,0.014232
2020-05-28,Equal Weight,1307203.15,1.348653,0.00371
2020-05-29,Equal Weight,1313915.59,1.355579,0.005135
2020-06-01,Equal Weight,1319504.24,1.361345,0.004253
2020-06-02,Equal Weight,1331517.01,1.373738,0.009104
2020-06-03,Equal Weight,1350322.0,1.393139,0.014123
2020-06-04,Equal Weight,1341031.77,1.383555,-0.00688
2020-06-05,Equal Weight,1376936.86,1.420598,0.026774
2020-06-08,Equal Weight,1392500.94,1.436656,0.011303
2020-06-09,Equal Weight,1387008.38,1.430989,-0.003944
2020-06-10,Equal Weight,1385201.73,1.429125,-0.001303
2020-06-11,Equal Weight,1309786.83,1.351319,-0.054443
2020-06-12,Equal Weight,1319973.31,1.361828,0.007777
2020-06-15,Equal Weight,1325421.29,1.367449,0.004127
2020-06-16,Equal Weight,1365529.56,1.408829,0.030261
2020-06-17,Equal Weight,1355476.6,1.398458,-0.007362
2020-06-18,Equal Weight,1356858.8,1.399884,0.00102
2020-06-19,Equal Weight,1347527.64,1.390256,-0.006877
2020-06-22,Equal Weight,1357081.22,1.400113,0.00709
2020-06-23,Equal Weight,1363426.63,1.40666,0.004676
2020-06-24,Equal Weight,1334319.54,1.37663,-0.021348
2020-06-25,Equal Weight,1351722.83,1.394585,0.013043
2020-06-26,Equal Weight,1317568.06,1.359347,-0.025268
2020-06-29,Equal Weight,1333673.47,1.375963,0.012224
2020-06-30,Equal Weight,1351533.69,1.39439,0.013392
2020-07-01,Equal Weight,1356992.26,1.400021,0.004039
2020-07-02,Equal Weight,1365629.87,1.408933,0.006365
2020-07-06,Equal Weight,1392348.11,1.436498,0.019565
2020-07-07,Equal Weight,1378697.77,1.422415,-0.009804
2020-07-08,Equal Weight,1395540.01,1.439791,0.012216
2020-07-09,Equal Weight,1387364.29,1.431356,-0.005858
2020-07-10,Equal Weight,1406648.69,1.451252,0.0139
2020-07-13,Equal Weight,1401825.32,1.446276,-0.003429
2020-07-14,Equal Weight,1425444.67,1.470644,0.016849
2020-07-15,Equal Weight,1427289.35,1.472547,0.001294
2020-07-16,Equal Weight,1427842.62,1.473118,0.000388
2020-07-17,Equal Weight,1425403.77,1.470602,-0.001708
2020-07-20,Equal Weight,1440292.73,1.485963,0.010445
2020-07-21,Equal Weight,1444695.82,1.490506,0.003057
2020-07-22,Equal Weight,1445877.6,1.491725,0.000818
2020-07-23,Equal Weight,1426300.58,1.471527,-0.01354
2020-07-24,Equal Weight,1422424.16,1.467528,-0.002718
2020-07-27,Equal Weight,1430040.78,1.475386,0.005355
2020-07-28,Equal Weight,1425437.0,1.470636,-0.003219
2020-07-29,Equal Weight,1439640.65,1.48529,0.009964
2020-07-30,Equal Weight,1426321.58,1.471549,-0.009252
2020-07-31,Equal Weight,1433657.38,1.479117,0.005143
2020-08-03,Equal Weight,1444088.6,1.489879,0.007276
2020-08-04,Equal Weight,1453502.71,1.499592,0.006519
2020-08-05,Equal Weight,1464874.12,1.511324,0.007823
2020-08-06,Equal Weight,1470811.65,1.51745,0.004053
2020-08-07,Equal Weight,1472237.11,1.51892,0.000969
2020-08-10,Equal Weight,1481878.76,1.528868,0.006549
2020-08-11,Equal Weight,1470850.77,1.51749,-0.007442
2020-08-12,Equal Weight,1492041.45,1.539353,0.014407
2020-08-13,Equal Weight,1486278.89,1.533407,-0.003862
2020-08-14,Equal Weight,1481748.22,1.528733,-0.003048
2020-08-17,Equal Weight,1479417.62,1.526329,-0.001573
2020-08-18,Equal Weight,1490836.55,1.53811,0.007719
2020-08-19,Equal Weight,1483926.4,1.53098,-0.004635
2020-08-20,Equal Weight,1489937.53,1.537182,0.004051
2020-08-21,Equal Weight,1495614.83,1.543039,0.00381
2020-08-24,Equal Weight,1513956.11,1.561962,0.012263
2020-08-25,Equal Weight,1514188.64,1.562202,0.000154
2020-08-26,Equal Weight,1520363.98,1.568573,0.004078
2020-08-27,Equal Weight,1525949.08,1.574336,0.003674
2020-08-28,Equal Weight,1532725.28,1.581327,0.004441
2020-08-31,Equal Weight,1529353.08,1.577847,-0.0022
2020-09-01,Equal Weight,1537570.43,1.586325,0.005373
2020-09-02,Equal Weight,1560421.98,1.609902,0.014862
2020-09-03,Equal Weight,1514730.44,1.562761,-0.029282
2020-09-04,Equal Weight,1509547.33,1.557414,-0.003422
2020-09-08,Equal Weight,1472848.95,1.519552,-0.024311
2020-09-09,Equal Weight,1502592.99,1.550239,0.020195
2020-09-10,Equal Weight,1471104.41,1.517752,-0.020956
2020-09-11,Equal Weight,1474241.08,1.520988,0.002132
2020-09-14,Equal Weight,1482783.45,1.529801,0.005794
2020-09-15,Equal Weight,1486983.4,1.534134,0.002832
2020-09-16,Equal Weight,1477491.25,1.524341,-0.006383
2020-09-17,Equal Weight,1469056.65,1.515639,-0.005709
2020-09-18,Equal Weight,1456944.27,1.503143,-0.008245
2020-09-21,Equal Weight,1439083.55,1.484716,-0.012259
2020-09-22,Equal Weight,1451166.78,1.497182,0.008396
2020-09-23,Equal Weight,1418895.78,1.463888,-0.022238
2020-09-24,Equal Weight,1425094.06,1.470282,0.004368
2020-09-25,Equal Weight,1444738.62,1.49055,0.013785
2020-09-28,Equal Weight,1463082.34,1.509475,0.012697
2020-09-29,Equal Weight,1451152.36,1.497167,-0.008154
2020-09-30,Equal Weight,1461188.42,1.507521,0.006916
2020-10-01,Equal Weight,1460376.57,1.506684,-0.000556
2020-10-02,Equal Weight,1447599.46,1.493502,-0.008749
2020-10-05,Equal Weight,1474568.16,1.521325,0.01863
2020-10-06,Equal Weight,1454139.42,1.500249,-0.013854
2020-10-07,Equal Weight,1478977.56,1.525875,0.017081
2020-10-08,Equal Weight,1499798.37,1.547356,0.014078
2020-10-09,Equal Weight,1517084.19,1.56519,0.011525
2020-10-12,Equal Weight,1544771.53,1.593755,0.01825
2020-10-13,Equal Weight,1527355.41,1.575786,-0.011274
2020-10-14,Equal Weight,1520324.56,1.568533,-0.004603
2020-10-15,Equal Weight,1518790.14,1.56695,-0.001009
2020-10-16,Equal Weight,1520700.95,1.568921,0.001258
2020-10-19,Equal Weight,1490614.52,1.537881,-0.019785
2020-10-20,Equal Weight,1500047.59,1.547613,0.006328
2020-10-21,Equal Weight,1493448.13,1.540804,-0.004399
2020-10-22,Equal Weight,1509230.47,1.557087,0.010568
2020-10-23,Equal Weight,1513594.26,1.561589,0.002891
2020-10-26,Equal Weight,1490875.54,1.53815,-0.01501
2020-10-27,Equal Weight,1481159.85,1.528126,-0.006517
2020-10-28,Equal Weight,1429847.14,1.475186,-0.034644
2020-10-29,Equal Weight,1449541.33,1.495505,0.013774
2020-10-30,Equal Weight,1437662.68,1.48325,-0.008195
2020-11-02,Equal Weight,1457567.39,1.503786,0.013845
2020-11-03,Equal Weight,1474747.04,1.52151,0.011787
2020-11-04,Equal Weight,1499577.27,1.547127,0.016837
2020-11-05,Equal Weight,1526018.75,1.574407,0.017633
2020-11-06,Equal Weight,1524023.48,1.572349,-0.001308
2020-11-09,Equal Weight,1558681.05,1.608105,0.022741
2020-11-10,Equal Weight,1564118.05,1.613715,0.003488
2020-11-11,Equal Weight,1572852.29,1.622726,0.005584
2020-11-12,Equal Weight,1558851.16,1.608281,-0.008902
2020-11-13,Equal Weight,1575481.81,1.625439,0.010669
2020-11-16,Equal Weight,1591424.77,1.641887,0.010119
2020-11-17,Equal Weight,1584281.65,1.634518,-0.004489
2020-11-18,Equal Weight,1564960.63,1.614584,-0.012195
2020-11-19,Equal Weight,1570639.23,1.620443,0.003629
2020-11-20,Equal Weight,1562607.99,1.612157,-0.005113
2020-11-23,Equal Weight,1568110.06,1.617833,0.003521
2020-11-24,Equal Weight,1596034.92,1.646644,0.017808
2020-11-25,Equal Weight,1595086.66,1.645665,-0.000594
2020-11-27,Equal Weight,1596496.19,1.64712,0.000884
2020-11-30,Equal Weight,1578422.51,1.628473,-0.011321
2020-12-01,Equal Weight,1596479.83,1.647103,0.01144
2020-12-02,Equal Weight,1605872.01,1.656793,0.005883
2020-12-03,Equal Weight,1602140.72,1.652943,-0.002324
2020-12-04,Equal Weight,1616447.76,1.667704,0.00893
2020-12-07,Equal Weight,1610019.98,1.661072,-0.003976
2020-12-08,Equal Weight,1621335.36,1.672746,0.007028
2020-12-09,Equal Weight,1619170.46,1.670513,-0.001335
2020-12-10,Equal Weight,1621224.48,1.672632,0.001269
2020-12-11,Equal Weight,1623360.72,1.674836,0.001318
2020-12-14,Equal Weight,1607601.86,1.658577,-0.009708
2020-12-15,Equal Weight,1636564.92,1.688459,0.018016
2020-12-16,Equal Weight,1644753.92,1.696908,0.005004
2020-12-17,Equal Weight,1650120.88,1.702445,0.003263
2020-12-18,Equal Weight,1641982.89,1.694049,-0.004932
2020-12-21,Equal Weight,1643999.1,1.696129,0.001228
2020-12-22,Equal Weight,1637162.69,1.689076,-0.004158
2020-12-23,Equal Weight,1639986.37,1.691989,0.001725
2020-12-24,Equal Weight,1647180.54,1.699411,0.004387
2020-12-28,Equal Weight,1665418.45,1.718227,0.011072
2020-12-29,Equal Weight,1661222.55,1.713898,-0.002519
2020-12-30,Equal Weight,1662004.09,1.714705,0.00047
2020-12-31,Equal Weight,1671311.96,1.724308,0.0056
2021-01-04,Equal Weight,1647325.7,1.699561,-0.014352
2021-01-05,Equal Weight,1663720.58,1.716476,0.009952
2021-01-06,Equal Weight,1677992.74,1.7312,0.008578
2021-01-07,Equal Weight,1701504.36,1.755457,0.014012
2021-01-08,Equal Weight,1712279.02,1.766574,0.006332
2021-01-11,Equal Weight,1719661.44,1.77419,0.004311
2021-01-12,Equal Weight,1717107.99,1.771556,-0.001485
2021-01-13,Equal Weight,1733817.48,1.788795,0.009731
2021-01-14,Equal Weight,1737356.61,1.792447,0.002041
2021-01-15,Equal Weight,1722127.43,1.776735,-0.008766
2021-01-19,Equal Weight,1742286.22,1.797533,0.011706
2021-01-20,Equal Weight,1767522.92,1.823569,0.014485
2021-01-21,Equal Weight,1769142.28,1.82524,0.000916
2021-01-22,Equal Weight,1772125.18,1.828318,0.001686
2021-01-25,Equal Weight,1785643.58,1.842265,0.007628
2021-01-26,Equal Weight,1787775.86,1.844465,0.001194
2021-01-27,Equal Weight,1742049.07,1.797288,-0.025577
2021-01-28,Equal Weight,1763029.5,1.818934,0.012044
2021-01-29,Equal Weight,1729102.69,1.783931,-0.019243
2021-02-01,Equal Weight,1749919.0,1.805407,0.012039
2021-02-02,Equal Weight,1765854.15,1.821848,0.009106
2021-02-03,Equal Weight,1780831.2,1.8373,0.008481
2021-02-04,Equal Weight,1797778.6,1.854784,0.009517
2021-02-05,Equal Weight,1810444.67,1.867852,0.007045
2021-02-08,Equal Weight,1825531.95,1.883418,0.008333
2021-02-09,Equal Weight,1821374.11,1.879128,-0.002278
2021-02-10,Equal Weight,1824080.19,1.88192,0.001486
2021-02-11,Equal Weight,1818823.08,1.876496,-0.002882
2021-02-12,Equal Weight,1827916.02,1.885878,0.004999
2021-02-16,Equal Weight,1833090.01,1.891216,0.002831
2021-02-17,Equal Weight,1837013.54,1.895264,0.00214
2021-02-18,Equal Weight,1828119.03,1.886087,-0.004842
2021-02-19,Equal Weight,1821391.53,1.879146,-0.00368
2021-02-22,Equal Weight,1815178.97,1.872737,-0.003411
2021-02-23,Equal Weight,1820775.94,1.878511,0.003083
2021-02-24,Equal Weight,1833476.9,1.891615,0.006976
2021-02-25,Equal Weight,1806404.66,1.863684,-0.014766
2021-02-26,Equal Weight,1789441.89,1.846183,-0.00939
2021-03-01,Equal Weight,1831309.65,1.889379,0.023397
2021-03-02,Equal Weight,1815906.28,1.873487,-0.008411
2021-03-03,Equal Weight,1793566.61,1.850439,-0.012302
2021-03-04,Equal Weight,1781511.8,1.838002,-0.006721
2021-03-05,Equal Weight,1818886.51,1.876562,0.020979
2021-03-08,Equal Weight,1809683.72,1.867067,-0.00506
2021-03-09,Equal Weight,1827368.05,1.885312,0.009772
2021-03-10,Equal Weight,1841633.09,1.90003,0.007806
2021-03-11,Equal Weight,1850414.18,1.909089,0.004768
2021-03-12,Equal Weight,1858648.56,1.917585,0.00445
2021-03-15,Equal Weight,1841907.61,1.900313,-0.009007
2021-03-16,Equal Weight,1841143.59,1.899525,-0.000415
2021-03-17,Equal Weight,1839726.03,1.898062,-0.00077
2021-03-18,Equal Weight,1808858.27,1.866215,-0.016778
2021-03-19,Equal Weight,1801518.0,1.858642,-0.004058
2021-03-22,Equal Weight,1812050.6,1.869509,0.005847
2021-03-23,Equal Weight,1810128.97,1.867526,-0.00106
2021-03-24,Equal Weight,1805898.3,1.863162,-0.002337
2021-03-25,Equal Weight,1811587.04,1.869031,0.00315
2021-03-26,Equal Weight,1836619.84,1.894857,0.013818
2021-03-29,Equal Weight,1843132.23,1.901576,0.003546
2021-03-30,Equal Weight,1834305.89,1.89247,-0.004789
2021-03-31,Equal Weight,1839265.7,1.897587,0.002704
2021-04-01,Equal Weight,1857218.07,1.916109,0.009761
2021-04-05,Equal Weight,1881438.04,1.941097,0.013041
2021-04-06,Equal Weight,1876708.07,1.936217,-0.002514
2021-04-07,Equal Weight,1887986.38,1.947853,0.00601
2021-04-08,Equal Weight,1894357.11,1.954425,0.003374
2021-04-09,Equal Weight,1905880.3,1.966314,0.006083
2021-04-12,Equal Weight,1900330.2,1.960588,-0.002912
2021-04-13,Equal Weight,1903834.64,1.964203,0.001844
2021-04-14,Equal Weight,1900926.59,1.961203,-0.001527
2021-04-15,Equal Weight,1919555.81,1.980423,0.0098
2021-04-16,Equal Weight,1929574.89,1.99076,0.005219
2021-04-19,Equal Weight,1923153.37,1.984135,-0.003328
2021-04-20,Equal Weight,1914025.7,1.974718,-0.004746
2021-04-21,Equal Weight,1920826.09,1.981734,0.003553
2021-04-22,Equal Weight,1897525.83,1.957695,-0.01213
2021-04-23,Equal Weight,1915335.17,1.976069,0.009386
2021-04-26,Equal Weight,1913922.73,1.974611,-0.000737
2021-04-27,Equal Weight,1910577.73,1.97116,-0.001748
2021-04-28,Equal Weight,1915789.43,1.976537,0.002728
2021-04-29,Equal Weight,1927307.57,1.988421,0.006012
2021-04-30,Equal Weight,1915480.58,1.976219,-0.006137
2021-05-03,Equal Weight,1923999.82,1.985008,0.004448
2021-05-04,Equal Weight,1919042.24,1.979893,-0.002577
2021-05-05,Equal Weight,1926385.28,1.987469,0.003826
2021-05-06,Equal Weight,1946109.42,2.007819,0.010239
2021-05-07,Equal Weight,1958438.32,2.020539,0.006335
2021-05-10,Equal Weight,1948675.85,2.010467,-0.004985
2021-05-11,Equal Weight,1929490.82,1.990673,-0.009845
2021-05-12,Equal Weight,1899998.89,1.960246,-0.015285
2021-05-13,Equal Weight,1922993.07,1.983969,0.012102
2021-05-14,Equal Weight,1948934.13,2.010733,0.01349
2021-05-17,Equal Weight,1950540.23,2.01239,0.000824
2021-05-18,Equal Weight,1930735.71,1.991958,-0.010153
2021-05-19,Equal Weight,1926301.83,1.987383,-0.002296
2021-05-20,Equal Weight,1942186.91,2.003772,0.008246
2021-05-21,Equal Weight,1940502.67,2.002034,-0.000867
2021-05-24,Equal Weight,1958912.15,2.021027,0.009487
2021-05-25,Equal Weight,1949197.09,2.011004,-0.004959
2021-05-26,Equal Weight,1953143.41,2.015076,0.002025
2021-05-27,Equal Weight,1945369.62,2.007055,-0.00398
2021-05-28,Equal Weight,1944493.85,2.006152,-0.00045
2021-06-01,Equal Weight,1944386.08,2.006041,-5.5e-05
2021-06-02,Equal Weight,1950521.64,2.012371,0.003156
2021-06-03,Equal Weight,1950564.83,2.012415,2.2e-05
2021-06-04,Equal Weight,1962027.65,2.024242,0.005877
2021-06-07,Equal Weight,1974129.24,2.036727,0.006168
2021-06-08,Equal Weight,1974487.78,2.037097,0.000182
2021-06-09,Equal Weight,1979182.98,2.041941,0.002378
2021-06-10,Equal Weight,1985487.48,2.048445,0.003185
2021-06-11,Equal Weight,1972865.04,2.035423,-0.006357
2021-06-14,Equal Weight,1976608.62,2.039285,0.001898
2021-06-15,Equal Weight,1974433.99,2.037041,-0.0011
2021-06-16,Equal Weight,1968836.49,2.031266,-0.002835
2021-06-17,Equal Weight,1965725.16,2.028056,-0.00158
2021-06-18,Equal Weight,1938139.41,1.999596,-0.014033
2021-06-21,Equal Weight,1965421.72,2.027743,0.014077
2021-06-22,Equal Weight,1973620.1,2.036202,0.004171
2021-06-23,Equal Weight,1968013.51,2.030417,-0.002841
2021-06-24,Equal Weight,1985194.21,2.048143,0.00873
2021-06-25,Equal Weight,1986478.64,2.049468,0.000647
2021-06-28,Equal Weight,1989714.65,2.052807,0.001629
2021-06-29,Equal Weight,1988113.53,2.051155,-0.000805
2021-06-30,Equal Weight,1993328.39,2.056535,0.002623
2021-07-01,Equal Weight,2001870.46,2.065348,0.004285
2021-07-02,Equal Weight,2022359.2,2.086486,0.010235
2021-07-06,Equal Weight,2024080.88,2.088263,0.000851
2021-07-07,Equal Weight,2032922.68,2.097385,0.004368
2021-07-08,Equal Weight,2020820.95,2.084899,-0.005953
2021-07-09,Equal Weight,2038914.26,2.103566,0.008953
2021-07-12,Equal Weight,2043529.61,2.108328,0.002264
2021-07-13,Equal Weight,2037740.67,2.102356,-0.002833
2021-07-14,Equal Weight,2041528.08,2.106263,0.001859
2021-07-15,Equal Weight,2033710.78,2.098198,-0.003829
2021-07-16,Equal Weight,2020514.09,2.084583,-0.006489
2021-07-19,Equal Weight,1989838.2,2.052934,-0.015182
2021-07-20,Equal Weight,2011963.34,2.075761,0.011119
2021-07-21,Equal Weight,2026922.79,2.091195,0.007435
2021-07-22,Equal Weight,2029660.87,2.09402,0.001351
2021-07-23,Equal Weight,2051595.87,2.11665,0.010807
2021-07-26,Equal Weight,2061309.79,2.126672,0.004735
2021-07-27,Equal Weight,2053148.1,2.118252,-0.003959
2021-07-28,Equal Weight,2056576.44,2.121789,0.00167
2021-07-29,Equal Weight,2061931.29,2.127313,0.002604
2021-07-30,Equal Weight,2037527.89,2.102136,-0.011835
2021-08-02,Equal Weight,2039184.4,2.103845,0.000813
2021-08-03,Equal Weight,2066577.88,2.132107,0.013434
2021-08-04,Equal Weight,2055986.58,2.12118,-0.005125
2021-08-05,Equal Weight,2069656.25,2.135283,0.006649
2021-08-06,Equal Weight,2075625.73,2.141442,0.002884
2021-08-09,Equal Weight,2079363.29,2.145298,0.001801
2021-08-10,Equal Weight,2088426.73,2.154649,0.004359
2021-08-11,Equal Weight,2098022.12,2.164548,0.004595
2021-08-12,Equal Weight,2107015.41,2.173827,0.004287
2021-08-13,Equal Weight,2106132.89,2.172916,-0.000419
2021-08-16,Equal Weight,2114774.37,2.181832,0.004103
2021-08-17,Equal Weight,2104375.49,2.171103,-0.004917
2021-08-18,Equal Weight,2079262.4,2.145194,-0.011934
2021-08-19,Equal Weight,2075797.15,2.141619,-0.001667
2021-08-20,Equal Weight,2090724.16,2.157019,0.007191
2021-08-23,Equal Weight,2105336.14,2.172094,0.006989
2021-08-24,Equal Weight,2105934.03,2.172711,0.000284
2021-08-25,Equal Weight,2111041.04,2.17798,0.002425
2021-08-26,Equal Weight,2099228.36,2.165793,-0.005596
2021-08-27,Equal Weight,2110331.59,2.177248,0.005289
2021-08-30,Equal Weight,2120369.32,2.187604,0.004756
2021-08-31,Equal Weight,2113720.87,2.180745,-0.003136
2021-09-01,Equal Weight,2114745.02,2.181802,0.000485
2021-09-02,Equal Weight,2125919.48,2.19333,0.005284
2021-09-03,Equal Weight,2121685.24,2.188962,-0.001992
2021-09-07,Equal Weight,2113103.82,2.180108,-0.004045
2021-09-08,Equal Weight,2111939.36,2.178907,-0.000551
2021-09-09,Equal Weight,2089930.05,2.1562,-0.010421
2021-09-10,Equal Weight,2072764.32,2.13849,-0.008214
2021-09-13,Equal Weight,2083836.68,2.149913,0.005342
2021-09-14,Equal Weight,2068480.9,2.134071,-0.007369
2021-09-15,Equal Weight,2087206.51,2.15339,0.009053
2021-09-16,Equal Weight,2077967.69,2.143858,-0.004426
2021-09-17,Equal Weight,2055065.2,2.120229,-0.011022
2021-09-20,Equal Weight,2020036.96,2.08409,-0.017045
2021-09-21,Equal Weight,2019452.55,2.083488,-0.000289
2021-09-22,Equal Weight,2036386.38,2.100958,0.008385
2021-09-23,Equal Weight,2062920.51,2.128334,0.01303
2021-09-24,Equal Weight,2065280.49,2.130769,0.001144
2021-09-27,Equal Weight,2059736.56,2.125049,-0.002684
2021-09-28,Equal Weight,2029513.56,2.093868,-0.014673
2021-09-29,Equal Weight,2038127.79,2.102755,0.004244
2021-09-30,Equal Weight,2016182.83,2.080114,-0.010767
2021-10-01,Equal Weight,2037747.36,2.102362,0.010696
2021-10-04,Equal Weight,2015856.9,2.079778,-0.010742
2021-10-05,Equal Weight,2036662.75,2.101243,0.010321
2021-10-06,Equal Weight,2046368.26,2.111257,0.004765
2021-10-07,Equal Weight,2066111.18,2.131626,0.009648
2021-10-08,Equal Weight,2068166.01,2.133746,0.000995
2021-10-11,Equal Weight,2049784.26,2.114781,-0.008888
2021-10-12,Equal Weight,2036885.1,2.101473,-0.006293
2021-10-13,Equal Weight,2042762.08,2.107536,0.002885
2021-10-14,Equal Weight,2073252.74,2.138994,0.014926
2021-10-15,Equal Weight,2095115.64,2.16155,0.010545
2021-10-18,Equal Weight,2096301.04,2.162773,0.000566
2021-10-19,Equal Weight,2115344.45,2.18242,0.009084
2021-10-20,Equal Weight,2125516.8,2.192915,0.004809
2021-10-21,Equal Weight,2118319.7,2.18549,-0.003386
2021-10-22,Equal Weight,2116152.95,2.183254,-0.001023
2021-10-25,Equal Weight,2120199.17,2.187429,0.001912
2021-10-26,Equal Weight,2139404.26,2.207243,0.009058
2021-10-27,Equal Weight,2139547.29,2.20739,6.7e-05
2021-10-28,Equal Weight,2163996.56,2.232615,0.011427
2021-10-29,Equal Weight,2160949.67,2.229471,-0.001408
2021-11-01,Equal Weight,2150565.4,2.218758,-0.004805
2021-11-02,Equal Weight,2166759.43,2.235465,0.00753
2021-11-03,Equal Weight,2176195.98,2.245201,0.004355
2021-11-04,Equal Weight,2184343.07,2.253607,0.003744
2021-11-05,Equal Weight,2188568.84,2.257966,0.001935
2021-11-08,Equal Weight,2190714.93,2.26018,0.000981
2021-11-09,Equal Weight,2192041.83,2.261549,0.000606
2021-11-10,Equal Weight,2176223.62,2.24523,-0.007216
2021-11-11,Equal Weight,2175058.31,2.244027,-0.000535
2021-11-12,Equal Weight,2188555.52,2.257953,0.006205
2021-11-15,Equal Weight,2188761.09,2.258165,9.4e-05
2021-11-16,Equal Weight,2186105.56,2.255425,-0.001213
2021-11-17,Equal Weight,2188283.5,2.257672,0.000996
2021-11-18,Equal Weight,2197596.73,2.26728,0.004256
2021-11-19,Equal Weight,2188669.2,2.25807,-0.004062
2021-11-22,Equal Weight,2187181.23,2.256535,-0.00068
2021-11-23,Equal Weight,2204426.29,2.274327,0.007885
2021-11-24,Equal Weight,2205075.9,2.274997,0.000295
2021-11-26,Equal Weight,2157696.28,2.226115,-0.021487
2021-11-29,Equal Weight,2173693.53,2.242619,0.007414
2021-11-30,Equal Weight,2136767.58,2.204523,-0.016988
2021-12-01,Equal Weight,2135276.48,2.202984,-0.000698
2021-12-02,Equal Weight,2152338.82,2.220587,0.007991
2021-12-03,Equal Weight,2141427.09,2.20933,-0.00507
2021-12-06,Equal Weight,2169764.17,2.238565,0.013233
2021-12-07,Equal Weight,2202857.75,2.272708,0.015252
2021-12-08,Equal Weight,2206708.98,2.276682,0.001748
2021-12-09,Equal Weight,2203947.28,2.273832,-0.001252
2021-12-10,Equal Weight,2218719.02,2.289073,0.006702
2021-12-13,Equal Weight,2212781.41,2.282947,-0.002676
2021-12-14,Equal Weight,2206926.89,2.276907,-0.002646
2021-12-15,Equal Weight,2246655.54,2.317895,0.018002
2021-12-16,Equal Weight,2244352.22,2.315519,-0.001025
2021-12-17,Equal Weight,2203691.99,2.273569,-0.018117
2021-12-20,Equal Weight,2177997.47,2.24706,-0.01166
2021-12-21,Equal Weight,2204527.77,2.274431,0.012181
2021-12-22,Equal Weight,2226033.58,2.296619,0.009755
2021-12-23,Equal Weight,2238381.1,2.309358,0.005547
2021-12-27,Equal Weight,2260648.56,2.332332,0.009948
2021-12-28,Equal Weight,2261242.7,2.332945,0.000263
2021-12-29,Equal Weight,2264184.48,2.33598,0.001301
2021-12-30,Equal Weight,2258281.91,2.32989,-0.002607
2021-12-31,Equal Weight,2253217.93,2.324665,-0.002242
2022-01-03,Equal Weight,2267178.24,2.339068,0.006196
2022-01-04,Equal Weight,2281530.44,2.353876,0.00633
2022-01-05,Equal Weight,2253807.37,2.325274,-0.012151
2022-01-06,Equal Weight,2246755.65,2.317998,-0.003129
2022-01-07,Equal Weight,2258354.0,2.329964,0.005162
2022-01-10,Equal Weight,2248293.57,2.319585,-0.004455
2022-01-11,Equal Weight,2263493.48,2.335267,0.006761
2022-01-12,Equal Weight,2265896.15,2.337746,0.001061
2022-01-13,Equal Weight,2241747.27,2.312831,-0.010658
2022-01-14,Equal Weight,2236231.87,2.307141,-0.00246
2022-01-18,Equal Weight,2207165.21,2.277152,-0.012998
2022-01-19,Equal Weight,2194971.01,2.264572,-0.005525
2022-01-20,Equal Weight,2176813.83,2.245839,-0.008272
2022-01-21,Equal Weight,2143183.09,2.211141,-0.01545
2022-01-24,Equal Weight,2139304.13,2.207139,-0.00181
2022-01-25,Equal Weight,2118437.08,2.185611,-0.009754
2022-01-26,Equal Weight,2118506.31,2.185682,3.3e-05
2022-01-27,Equal Weight,2119251.13,2.186451,0.000352
2022-01-28,Equal Weight,2152756.63,2.221019,0.01581
2022-01-31,Equal Weight,2187690.94,2.257061,0.016228
2022-02-01,Equal Weight,2207903.66,2.277914,0.009239
2022-02-02,Equal Weight,2234533.71,2.305389,0.012061
2022-02-03,Equal Weight,2185819.71,2.25513,-0.021801
2022-02-04,Equal Weight,2214428.06,2.284646,0.013088
2022-02-07,Equal Weight,2208932.35,2.278976,-0.002482
2022-02-08,Equal Weight,2218759.43,2.289114,0.004449
2022-02-09,Equal Weight,2234427.54,2.305279,0.007062
2022-02-10,Equal Weight,2203006.43,2.272862,-0.014062
2022-02-11,Equal Weight,2175610.91,2.244598,-0.012436
2022-02-14,Equal Weight,2169387.68,2.238177,-0.00286
2022-02-15,Equal Weight,2194017.78,2.263588,0.011353
2022-02-16,Equal Weight,2200906.73,2.270695,0.00314
2022-02-17,Equal Weight,2164876.08,2.233522,-0.016371
2022-02-18,Equal Weight,2147843.43,2.21595,-0.007868
2022-02-22,Equal Weight,2131032.68,2.198606,-0.007827
2022-02-23,Equal Weight,2096624.71,2.163107,-0.016146
2022-02-24,Equal Weight,2116435.47,2.183546,0.009449
2022-02-25,Equal Weight,2168941.89,2.237717,0.024809
2022-02-28,Equal Weight,2164965.61,2.233615,-0.001833
2022-03-01,Equal Weight,2138289.09,2.206092,-0.012322
2022-03-02,Equal Weight,2173350.22,2.242265,0.016397
2022-03-03,Equal Weight,2178237.0,2.247307,0.002249
2022-03-04,Equal Weight,2175091.64,2.244062,-0.001444
2022-03-07,Equal Weight,2153549.98,2.221837,-0.009904
2022-03-08,Equal Weight,2141865.05,2.209782,-0.005426
2022-03-09,Equal Weight,2171620.43,2.240481,0.013892
2022-03-10,Equal Weight,2176005.42,2.245005,0.002019
2022-03-11,Equal Weight,2157134.74,2.225535,-0.008672
2022-03-14,Equal Weight,2144348.24,2.212344,-0.005928
2022-03-15,Equal Weight,2184805.26,2.254083,0.018867
2022-03-16,Equal Weight,2216134.1,2.286406,0.014339
2022-03-17,Equal Weight,2249990.47,2.321336,0.015277
2022-03-18,Equal Weight,2260840.77,2.33253,0.004822
2022-03-21,Equal Weight,2277915.43,2.350146,0.007552
2022-03-22,Equal Weight,2296697.57,2.369524,0.008245
2022-03-23,Equal Weight,2286010.28,2.358498,-0.004653
2022-03-24,Equal Weight,2308501.99,2.381702,0.009839
2022-03-25,Equal Weight,2326291.85,2.400056,0.007706
2022-03-28,Equal Weight,2333899.52,2.407905,0.00327
2022-03-29,Equal Weight,2338819.82,2.412982,0.002108
2022-03-30,Equal Weight,2341666.75,2.415919,0.001217
2022-03-31,Equal Weight,2306754.27,2.379899,-0.014909
2022-04-01,Equal Weight,2316313.84,2.389762,0.004144
2022-04-04,Equal Weight,2328060.4,2.401881,0.005071
2022-04-05,Equal Weight,2310121.68,2.383374,-0.007705
2022-04-06,Equal Weight,2304260.09,2.377326,-0.002537
2022-04-07,Equal Weight,2311986.23,2.385297,0.003353
2022-04-08,Equal Weight,2313118.37,2.386465,0.00049
2022-04-11,Equal Weight,2272955.8,2.345029,-0.017363
2022-04-12,Equal Weight,2269589.07,2.341556,-0.001481
2022-04-13,Equal Weight,2278888.46,2.35115,0.004097
2022-04-14,Equal Weight,2262427.9,2.334167,-0.007223
2022-04-18,Equal Weight,2264904.45,2.336722,0.001095
2022-04-19,Equal Weight,2293604.53,2.366333,0.012672
2022-04-20,Equal Weight,2292483.83,2.365176,-0.000489
2022-04-21,Equal Weight,2252219.66,2.323635,-0.017564
2022-04-22,Equal Weight,2187534.38,2.256899,-0.028721
2022-04-25,Equal Weight,2205930.22,2.275878,0.008409
2022-04-26,Equal Weight,2155807.01,2.224166,-0.022722
2022-04-27,Equal Weight,2159062.97,2.227525,0.00151
2022-04-28,Equal Weight,2208362.38,2.278388,0.022834
2022-04-29,Equal Weight,2129238.29,2.196754,-0.035829
2022-05-02,Equal Weight,2132341.03,2.199956,0.001457
2022-05-03,Equal Weight,2140941.82,2.208829,0.004033
2022-05-04,Equal Weight,2201463.59,2.27127,0.028269
2022-05-05,Equal Weight,2131805.81,2.199403,-0.031642
2022-05-06,Equal Weight,2134491.65,2.202174,0.00126
2022-05-09,Equal Weight,2072449.64,2.138165,-0.029066
2022-05-10,Equal Weight,2070372.53,2.136022,-0.001002
2022-05-11,Equal Weight,2050571.12,2.115593,-0.009564
2022-05-12,Equal Weight,2040784.37,2.105496,-0.004773
2022-05-13,Equal Weight,2078068.99,2.143963,0.01827
2022-05-16,Equal Weight,2083623.17,2.149693,0.002673
2022-05-17,Equal Weight,2123790.06,2.191133,0.019277
2022-05-18,Equal Weight,2051075.2,2.116113,-0.034238
2022-05-19,Equal Weight,2028358.03,2.092675,-0.011076
2022-05-20,Equal Weight,2031332.25,2.095744,0.001466
2022-05-23,Equal Weight,2083190.68,2.149247,0.025529
2022-05-24,Equal Weight,2081075.6,2.147065,-0.001015
2022-05-25,Equal Weight,2091213.52,2.157524,0.004871
2022-05-26,Equal Weight,2122280.19,2.189576,0.014856
2022-05-27,Equal Weight,2176333.78,2.245343,0.02547
2022-05-31,Equal Weight,2167987.4,2.236732,-0.003835
2022-06-01,Equal Weight,2165411.99,2.234075,-0.001188
2022-06-02,Equal Weight,2189577.0,2.259006,0.01116
2022-06-03,Equal Weight,2167863.98,2.236605,-0.009917
2022-06-06,Equal Weight,2179140.26,2.248239,0.005202
2022-06-07,Equal Weight,2203588.35,2.273462,0.011219
2022-06-08,Equal Weight,2191630.06,2.261125,-0.005427
2022-06-09,Equal Weight,2137040.51,2.204804,-0.024908
2022-06-10,Equal Weight,2074158.12,2.139928,-0.029425
2022-06-13,Equal Weight,1999933.65,2.06335,-0.035785
2022-06-14,Equal Weight,1985910.86,2.048882,-0.007012
2022-06-15,Equal Weight,2015303.0,2.079206,0.0148
2022-06-16,Equal Weight,1958472.81,2.020574,-0.028199
2022-06-17,Equal Weight,1955494.71,2.017502,-0.001521
2022-06-21,Equal Weight,2011261.93,2.075037,0.028518
2022-06-22,Equal Weight,2009515.82,2.073236,-0.000868
2022-06-23,Equal Weight,2024208.28,2.088394,0.007311
2022-06-24,Equal Weight,2084004.32,2.150086,0.02954
2022-06-27,Equal Weight,2078208.97,2.144107,-0.002781
2022-06-28,Equal Weight,2037864.17,2.102483,-0.019413
2022-06-29,Equal Weight,2037154.93,2.101751,-0.000348
2022-06-30,Equal Weight,2016378.84,2.080316,-0.010199
2022-07-01,Equal Weight,2045645.31,2.110511,0.014514
2022-07-05,Equal Weight,2048091.15,2.113034,0.001196
2022-07-06,Equal Weight,2053786.2,2.11891,0.002781
2022-07-07,Equal Weight,2089286.74,2.155536,0.017285
2022-07-08,Equal Weight,2088518.44,2.154743,-0.000368
2022-07-11,Equal Weight,2066796.68,2.132333,-0.010401
2022-07-12,Equal Weight,2041757.98,2.1065,-0.012115
2022-07-13,Equal Weight,2037933.44,2.102554,-0.001873
2022-07-14,Equal Weight,2027916.92,2.09222,-0.004915
2022-07-15,Equal Weight,2056406.17,2.121613,0.014049
2022-07-18,Equal Weight,2033851.81,2.098343,-0.010968
2022-07-19,Equal Weight,2079818.52,2.145768,0.022601
2022-07-20,Equal Weight,2087132.07,2.153313,0.003516
2022-07-21,Equal Weight,2099165.65,2.165728,0.005766
2022-07-22,Equal Weight,2084459.41,2.150556,-0.007006
2022-07-25,Equal Weight,2095125.0,2.161559,0.005117
2022-07-26,Equal Weight,2069427.11,2.135047,-0.012266
2022-07-27,Equal Weight,2123468.78,2.190802,0.026114
2022-07-28,Equal Weight,2153079.91,2.221352,0.013945
2022-07-29,Equal Weight,2195399.47,2.265014,0.019655
2022-08-01,Equal Weight,2181650.37,2.250828,-0.006263
2022-08-02,Equal Weight,2156480.27,2.22486,-0.011537
2022-08-03,Equal Weight,2180816.31,2.249968,0.011285
2022-08-04,Equal Weight,2170558.98,2.239385,-0.004703
2022-08-05,Equal Weight,2172508.19,2.241396,0.000898
2022-08-08,Equal Weight,2167159.27,2.235878,-0.002462
2022-08-09,Equal Weight,2173602.6,2.242526,0.002973
2022-08-10,Equal Weight,2211299.11,2.281417,0.017343
2022-08-11,Equal Weight,2209299.54,2.279354,-0.000904
2022-08-12,Equal Weight,2241829.9,2.312916,0.014724
2022-08-15,Equal Weight,2249200.4,2.32052,0.003288
2022-08-16,Equal Weight,2254233.33,2.325713,0.002238
2022-08-17,Equal Weight,2247958.6,2.319239,-0.002784
2022-08-18,Equal Weight,2252150.16,2.323564,0.001865
2022-08-19,Equal Weight,2230799.52,2.301536,-0.00948
2022-08-22,Equal Weight,2193998.66,2.263568,-0.016497
2022-08-23,Equal Weight,2193666.02,2.263225,-0.000152
2022-08-24,Equal Weight,2196989.92,2.266654,0.001515
2022-08-25,Equal Weight,2229321.44,2.300011,0.014716
2022-08-26,Equal Weight,2161653.92,2.230198,-0.030353
2022-08-29,Equal Weight,2149947.43,2.21812,-0.005416
2022-08-30,Equal Weight,2123805.94,2.19115,-0.012159
2022-08-31,Equal Weight,2101012.4,2.167634,-0.010732
2022-09-01,Equal Weight,2115504.63,2.182585,0.006898
2022-09-02,Equal Weight,2091473.1,2.157792,-0.01136
2022-09-06,Equal Weight,2088902.17,2.155139,-0.001229
2022-09-07,Equal Weight,2119619.02,2.18683,0.014705
2022-09-08,Equal Weight,2130114.64,2.197659,0.004952
2022-09-09,Equal Weight,2161024.57,2.229549,0.014511
2022-09-12,Equal Weight,2184591.68,2.253863,0.010906
2022-09-13,Equal Weight,2098169.33,2.1647,-0.03956
2022-09-14,Equal Weight,2113666.59,2.180689,0.007386
2022-09-15,Equal Weight,2086644.91,2.15281,-0.012784
2022-09-16,Equal Weight,2073036.34,2.13877,-0.006522
2022-09-19,Equal Weight,2086295.55,2.15245,0.006396
2022-09-20,Equal Weight,2064729.14,2.1302,-0.010337
2022-09-21,Equal Weight,2022488.03,2.086619,-0.020458
2022-09-22,Equal Weight,2028080.77,2.092389,0.002765
2022-09-23,Equal Weight,1995096.21,2.058359,-0.016264
2022-09-26,Equal Weight,1979660.25,2.042433,-0.007737
2022-09-27,Equal Weight,1976873.51,2.039558,-0.001408
2022-09-28,Equal Weight,2022531.92,2.086665,0.023096
2022-09-29,Equal Weight,1983155.32,2.046039,-0.019469
2022-09-30,Equal Weight,1949996.15,2.011829,-0.01672
2022-10-03,Equal Weight,2001492.86,2.064958,0.026409
2022-10-04,Equal Weight,2062955.02,2.128369,0.030708
2022-10-05,Equal Weight,2062997.73,2.128413,2.1e-05
2022-10-06,Equal Weight,2047029.97,2.111939,-0.00774
2022-10-07,Equal Weight,1995806.56,2.059092,-0.025023
2022-10-10,Equal Weight,1982713.91,2.045584,-0.00656
2022-10-11,Equal Weight,1973424.14,2.036,-0.004685
2022-10-12,Equal Weight,1967295.6,2.029677,-0.003106
2022-10-13,Equal Weight,2015963.76,2.079888,0.024739
2022-10-14,Equal Weight,1980038.81,2.042824,-0.01782
2022-10-17,Equal Weight,2032262.66,2.096704,0.026375
2022-10-18,Equal Weight,2054983.35,2.120145,0.01118
2022-10-19,Equal Weight,2044380.34,2.109206,-0.00516
2022-10-20,Equal Weight,2028774.4,2.093105,-0.007634
2022-10-21,Equal Weight,2087613.85,2.15381,0.029002
2022-10-24,Equal Weight,2113480.17,2.180497,0.01239
2022-10-25,Equal Weight,2137114.62,2.204881,0.011183
2022-10-26,Equal Weight,2107491.82,2.174318,-0.013861
2022-10-27,Equal Weight,2101432.79,2.168067,-0.002875
2022-10-28,Equal Weight,2153614.5,2.221904,0.024831
2022-10-31,Equal Weight,2133784.01,2.201444,-0.009208
2022-11-01,Equal Weight,2111481.33,2.178434,-0.010452
2022-11-02,Equal Weight,2067157.09,2.132705,-0.020992
2022-11-03,Equal Weight,2050475.01,2.115494,-0.00807
2022-11-04,Equal Weight,2084129.71,2.150216,0.016413
2022-11-07,Equal Weight,2102634.2,2.169307,0.008879
2022-11-08,Equal Weight,2111178.73,2.178122,0.004064
2022-11-09,Equal Weight,2071928.98,2.137628,-0.018591
2022-11-10,Equal Weight,2180847.32,2.25,0.052569
2022-11-11,Equal Weight,2199516.82,2.269261,0.008561
2022-11-14,Equal Weight,2188038.39,2.257419,-0.005219
2022-11-15,Equal Weight,2195171.36,2.264778,0.00326
2022-11-16,Equal Weight,2194689.67,2.264281,-0.000219
2022-11-17,Equal Weight,2189092.35,2.258506,-0.00255
2022-11-18,Equal Weight,2195243.86,2.264853,0.00281
2022-11-21,Equal Weight,2187048.41,2.256398,-0.003733
2022-11-22,Equal Weight,2214262.59,2.284475,0.012443
2022-11-23,Equal Weight,2227228.62,2.297852,0.005856
2022-11-25,Equal Weight,2223010.56,2.2935,-0.001894
2022-11-28,Equal Weight,2195056.89,2.26466,-0.012575
2022-11-29,Equal Weight,2186725.61,2.256065,-0.003795
2022-11-30,Equal Weight,2247562.12,2.31883,0.027821
2022-12-01,Equal Weight,2240637.8,2.311686,-0.003081
2022-12-02,Equal Weight,2238918.13,2.309912,-0.000767
2022-12-05,Equal Weight,2204665.19,2.274573,-0.015299
2022-12-06,Equal Weight,2173426.18,2.242344,-0.01417
2022-12-07,Equal Weight,2170050.33,2.238861,-0.001553
2022-12-08,Equal Weight,2183120.94,2.252346,0.006023
2022-12-09,Equal Weight,2161737.39,2.230284,-0.009795
2022-12-12,Equal Weight,2200032.26,2.269793,0.017715
2022-12-13,Equal Weight,2215338.89,2.285585,0.006957
2022-12-14,Equal Weight,2208491.71,2.278521,-0.003091
2022-12-15,Equal Weight,2157039.11,2.225437,-0.023298
2022-12-16,Equal Weight,2140793.13,2.208676,-0.007532
2022-12-19,Equal Weight,2124257.16,2.191615,-0.007724
2022-12-20,Equal Weight,2134813.9,2.202507,0.00497
2022-12-21,Equal Weight,2168317.42,2.237073,0.015694
2022-12-22,Equal Weight,2133326.22,2.200972,-0.016137
2022-12-23,Equal Weight,2152812.82,2.221077,0.009134
2022-12-27,Equal Weight,2145337.36,2.213364,-0.003472
2022-12-28,Equal Weight,2121916.29,2.1892,-0.010917
2022-12-29,Equal Weight,2152606.76,2.220864,0.014464
2022-12-30,Equal Weight,2150024.19,2.218199,-0.0012
2023-01-03,Equal Weight,2145766.56,2.213807,-0.00198
2023-01-04,Equal Weight,2146214.33,2.214269,0.000209
2023-01-05,Equal Weight,2123642.24,2.190981,-0.010517
2023-01-06,Equal Weight,2165817.35,2.234493,0.01986
2023-01-09,Equal Weight,2152383.99,2.220634,-0.006202
2023-01-10,Equal Weight,2169992.22,2.238801,0.008181
2023-01-11,Equal Weight,2205181.98,2.275106,0.016217
2023-01-12,Equal Weight,2209527.51,2.27959,0.001971
2023-01-13,Equal Weight,2226839.62,2.297451,0.007835
2023-01-17,Equal Weight,2215960.02,2.286226,-0.004886
2023-01-18,Equal Weight,2179465.82,2.248575,-0.016469
2023-01-19,Equal Weight,2162528.83,2.231101,-0.007771
2023-01-20,Equal Weight,2193902.29,2.263469,0.014508
2023-01-23,Equal Weight,2205268.92,2.275196,0.005181
2023-01-24,Equal Weight,2213963.76,2.284167,0.003943
2023-01-25,Equal Weight,2196730.18,2.266386,-0.007784
2023-01-26,Equal Weight,2221105.12,2.291534,0.011096
2023-01-27,Equal Weight,2224008.13,2.294529,0.001307
2023-01-30,Equal Weight,2192080.31,2.261589,-0.014356
2023-01-31,Equal Weight,2211233.68,2.28135,0.008738
2023-02-01,Equal Weight,2218792.36,2.289148,0.003418
2023-02-02,Equal Weight,2248459.99,2.319757,0.013371
2023-02-03,Equal Weight,2234003.27,2.304841,-0.00643
2023-02-06,Equal Weight,2225810.31,2.296389,-0.003667
2023-02-07,Equal Weight,2255325.06,2.326839,0.01326
2023-02-08,Equal Weight,2223227.4,2.293724,-0.014232
2023-02-09,Equal Weight,2195126.61,2.264732,-0.01264
2023-02-10,Equal Weight,2212258.75,2.282407,0.007805
2023-02-13,Equal Weight,2237226.01,2.308166,0.011286
2023-02-14,Equal Weight,2229732.56,2.300435,-0.003349
2023-02-15,Equal Weight,2232839.71,2.303641,0.001394
2023-02-16,Equal Weight,2200309.89,2.27008,-0.014569
2023-02-17,Equal Weight,2196432.61,2.266079,-0.001762
2023-02-21,Equal Weight,2156625.97,2.225011,-0.018123
2023-02-22,Equal Weight,2154209.67,2.222518,-0.00112
2023-02-23,Equal Weight,2155326.19,2.22367,0.000518
2023-02-24,Equal Weight,2135090.26,2.202792,-0.009389
2023-02-27,Equal Weight,2138905.27,2.206728,0.001787
2023-02-28,Equal Weight,2129641.69,2.197171,-0.004331
2023-03-01,Equal Weight,2126720.42,2.194157,-0.001372
2023-03-02,Equal Weight,2146587.54,2.214654,0.009342
2023-03-03,Equal Weight,2184007.73,2.253261,0.017432
2023-03-06,Equal Weight,2194166.09,2.263741,0.004651
2023-03-07,Equal Weight,2157082.24,2.225481,-0.016901
2023-03-08,Equal Weight,2159099.74,2.227563,0.000935
2023-03-09,Equal Weight,2125973.92,2.193387,-0.015342
2023-03-10,Equal Weight,2104506.04,2.171238,-0.010098
2023-03-13,Equal Weight,2116259.15,2.183364,0.005585
2023-03-14,Equal Weight,2148711.91,2.216846,0.015335
2023-03-15,Equal Weight,2137212.75,2.204982,-0.005352
2023-03-16,Equal Weight,2171422.87,2.240277,0.016007
2023-03-17,Equal Weight,2152393.66,2.220644,-0.008763
2023-03-20,Equal Weight,2170873.75,2.23971,0.008586
2023-03-21,Equal Weight,2200337.75,2.270108,0.013572
2023-03-22,Equal Weight,2169460.64,2.238252,-0.014033
2023-03-23,Equal Weight,2174418.46,2.243367,0.002285
2023-03-24,Equal Weight,2184295.14,2.253557,0.004542
2023-03-27,Equal Weight,2184416.87,2.253683,5.6e-05
2023-03-28,Equal Weight,2183575.4,2.252815,-0.000385
2023-03-29,Equal Weight,2208072.06,2.278088,0.011219
2023-03-30,Equal Weight,2220743.34,2.291161,0.005739
2023-03-31,Equal Weight,2248386.22,2.31968,0.012448
2023-04-03,Equal Weight,2267558.88,2.339461,0.008527
2023-04-04,Equal Weight,2261292.1,2.332996,-0.002764
2023-04-05,Equal Weight,2269264.85,2.341221,0.003526
2023-04-06,Equal Weight,2283543.7,2.355953,0.006292
2023-04-10,Equal Weight,2276929.14,2.349128,-0.002897
2023-04-11,Equal Weight,2270278.45,2.342267,-0.002921
2023-04-12,Equal Weight,2268183.85,2.340106,-0.000923
2023-04-13,Equal Weight,2304596.52,2.377673,0.016054
2023-04-14,Equal Weight,2318724.23,2.392249,0.00613
2023-04-17,Equal Weight,2318836.32,2.392364,4.8e-05
2023-04-18,Equal Weight,2315813.65,2.389246,-0.001304
2023-04-19,Equal Weight,2321880.53,2.395505,0.00262
2023-04-20,Equal Weight,2320374.47,2.393951,-0.000649
2023-04-21,Equal Weight,2335796.42,2.409862,0.006646
2023-04-24,Equal Weight,2341577.66,2.415827,0.002475
2023-04-25,Equal Weight,2312100.6,2.385415,-0.012589
2023-04-26,Equal Weight,2301923.48,2.374915,-0.004402
2023-04-27,Equal Weight,2350751.94,2.425292,0.021212
2023-04-28,Equal Weight,2360760.22,2.435618,0.004257
2023-05-01,Equal Weight,2356173.7,2.430886,-0.001943
2023-05-02,Equal Weight,2337546.48,2.411668,-0.007906
2023-05-03,Equal Weight,2335548.0,2.409606,-0.000855
2023-05-04,Equal Weight,2318122.48,2.391628,-0.007461
2023-05-05,Equal Weight,2351476.71,2.42604,0.014388
2023-05-08,Equal Weight,2359191.04,2.433999,0.003281
2023-05-09,Equal Weight,2347281.56,2.421712,-0.005048
2023-05-10,Equal Weight,2371405.54,2.446601,0.010277
2023-05-11,Equal Weight,2372454.89,2.447683,0.000442
2023-05-12,Equal Weight,2372051.26,2.447267,-0.00017
2023-05-15,Equal Weight,2373648.73,2.448915,0.000673
2023-05-16,Equal Weight,2370321.37,2.445482,-0.001402
2023-05-17,Equal Weight,2393950.79,2.469861,0.009969
2023-05-18,Equal Weight,2410276.67,2.486704,0.00682
2023-05-19,Equal Weight,2409643.73,2.486051,-0.000263
2023-05-22,Equal Weight,2396711.61,2.472709,-0.005367
2023-05-23,Equal Weight,2373212.89,2.448465,-0.009805
2023-05-24,Equal Weight,2368407.07,2.443507,-0.002025
2023-05-25,Equal Weight,2369400.23,2.444532,0.000419
2023-05-26,Equal Weight,2392173.25,2.468027,0.009611
2023-05-30,Equal Weight,2386896.15,2.462582,-0.002206
2023-05-31,Equal Weight,2374472.77,2.449765,-0.005205
2023-06-01,Equal Weight,2397848.39,2.473882,0.009845
2023-06-02,Equal Weight,2445799.83,2.523354,0.019998
2023-06-05,Equal Weight,2442409.76,2.519856,-0.001386
2023-06-06,Equal Weight,2450392.34,2.528092,0.003268
2023-06-07,Equal Weight,2441879.11,2.519309,-0.003474
2023-06-08,Equal Weight,2460345.21,2.53836,0.007562
2023-06-09,Equal Weight,2457297.63,2.535216,-0.001239
2023-06-12,Equal Weight,2468514.98,2.546789,0.004565
2023-06-13,Equal Weight,2481523.51,2.56021,0.00527
2023-06-14,Equal Weight,2479406.61,2.558026,-0.000853
2023-06-15,Equal Weight,2512894.81,2.592576,0.013507
2023-06-16,Equal Weight,2501473.61,2.580793,-0.004545
2023-06-20,Equal Weight,2487239.15,2.566107,-0.00569
2023-06-21,Equal Weight,2484497.08,2.563278,-0.001102
2023-06-22,Equal Weight,2498612.14,2.577841,0.005681
2023-06-23,Equal Weight,2481818.15,2.560514,-0.006721
2023-06-26,Equal Weight,2467664.22,2.545912,-0.005703
2023-06-27,Equal Weight,2487795.58,2.566681,0.008158
2023-06-28,Equal Weight,2489607.45,2.568551,0.000728
2023-06-29,Equal Weight,2500785.96,2.580084,0.00449
2023-06-30,Equal Weight,2533231.29,2.613558,0.012974
2023-07-03,Equal Weight,2529360.86,2.609565,-0.001528
2023-07-05,Equal Weight,2529363.85,2.609568,1e-06
2023-07-06,Equal Weight,2503594.12,2.582981,-0.010188
2023-07-07,Equal Weight,2491685.19,2.570694,-0.004757
2023-07-10,Equal Weight,2484004.6,2.56277,-0.003082
2023-07-11,Equal Weight,2491092.82,2.570083,0.002854
2023-07-12,Equal Weight,2510811.42,2.590427,0.007916
2023-07-13,Equal Weight,2527458.86,2.607602,0.00663
2023-07-14,Equal Weight,2532270.88,2.612567,0.001904
2023-07-17,Equal Weight,2537459.44,2.61792,0.002049
2023-07-18,Equal Weight,2548766.57,2.629586,0.004456
2023-07-19,Equal Weight,2551715.05,2.632628,0.001157
2023-07-20,Equal Weight,2564200.36,2.645509,0.004893
2023-07-21,Equal Weight,2568551.4,2.649998,0.001697
2023-07-24,Equal Weight,2581819.32,2.663686,0.005166
2023-07-25,Equal Weight,2589042.02,2.671138,0.002798
2023-07-26,Equal Weight,2586831.02,2.668857,-0.000854
2023-07-27,Equal Weight,2575403.58,2.657067,-0.004418
2023-07-28,Equal Weight,2603363.26,2.685914,0.010856
2023-07-31,Equal Weight,2608955.59,2.691683,0.002148
2023-08-01,Equal Weight,2617896.22,2.700907,0.003427
2023-08-02,Equal Weight,2592765.87,2.67498,-0.009599
2023-08-03,Equal Weight,2587543.54,2.669592,-0.002014
2023-08-04,Equal Weight,2582084.57,2.66396,-0.00211
2023-08-07,Equal Weight,2610095.81,2.69286,0.010848
2023-08-08,Equal Weight,2639276.73,2.722966,0.01118
2023-08-09,Equal Weight,2629347.54,2.712722,-0.003762
2023-08-10,Equal Weight,2624073.46,2.70728,-0.002006
2023-08-11,Equal Weight,2637308.95,2.720936,0.005044
2023-08-14,Equal Weight,2649203.62,2.733207,0.00451
2023-08-15,Equal Weight,2616371.11,2.699334,-0.012393
2023-08-16,Equal Weight,2599355.59,2.681779,-0.006503
2023-08-17,Equal Weight,2592950.27,2.67517,-0.002464
2023-08-18,Equal Weight,2593543.27,2.675782,0.000229
2023-08-21,Equal Weight,2591336.12,2.673505,-0.000851
2023-08-22,Equal Weight,2586498.85,2.668514,-0.001867
2023-08-23,Equal Weight,2607032.64,2.689699,0.007939
2023-08-24,Equal Weight,2577238.92,2.658961,-0.011428
2023-08-25,Equal Weight,2600681.56,2.683147,0.009096
2023-08-28,Equal Weight,2606968.38,2.689633,0.002417
2023-08-29,Equal Weight,2632546.97,2.716023,0.009812
2023-08-30,Equal Weight,2639915.81,2.723625,0.002799
2023-08-31,Equal Weight,2640397.47,2.724122,0.000182
2023-09-01,Equal Weight,2652945.71,2.737068,0.004752
2023-09-05,Equal Weight,2643659.17,2.727487,-0.0035
2023-09-06,Equal Weight,2628307.78,2.711649,-0.005807
2023-09-07,Equal Weight,2633224.52,2.716722,0.001871
2023-09-08,Equal Weight,2650928.16,2.734987,0.006723
2023-09-11,Equal Weight,2674192.92,2.758989,0.008776
2023-09-12,Equal Weight,2670830.15,2.75552,-0.001257
2023-09-13,Equal Weight,2676771.46,2.761649,0.002225
2023-09-14,Equal Weight,2699419.78,2.785016,0.008461
2023-09-15,Equal Weight,2663973.49,2.748446,-0.013131
2023-09-18,Equal Weight,2672092.41,2.756822,0.003048
2023-09-19,Equal Weight,2665625.09,2.75015,-0.00242
2023-09-20,Equal Weight,2637364.9,2.720993,-0.010602
2023-09-21,Equal Weight,2594774.83,2.677053,-0.016149
2023-09-22,Equal Weight,2591068.02,2.673228,-0.001429
2023-09-25,Equal Weight,2601739.25,2.684238,0.004118
2023-09-26,Equal Weight,2561654.05,2.642882,-0.015407
2023-09-27,Equal Weight,2550155.91,2.631019,-0.004489
2023-09-28,Equal Weight,2543596.72,2.624252,-0.002572
2023-09-29,Equal Weight,2527428.23,2.607571,-0.006357
2023-10-02,Equal Weight,2515941.59,2.59572,-0.004545
2023-10-03,Equal Weight,2490217.24,2.56918,-0.010225
2023-10-04,Equal Weight,2489055.69,2.567981,-0.000466
2023-10-05,Equal Weight,2480764.6,2.559427,-0.003331
2023-10-06,Equal Weight,2514144.05,2.593865,0.013455
2023-10-09,Equal Weight,2528504.73,2.608681,0.005712
2023-10-10,Equal Weight,2546395.1,2.627139,0.007075
2023-10-11,Equal Weight,2563147.08,2.644422,0.006579
2023-10-12,Equal Weight,2557442.49,2.638537,-0.002226
2023-10-13,Equal Weight,2563100.75,2.644374,0.002212
2023-10-16,Equal Weight,2581450.26,2.663306,0.007159
2023-10-17,Equal Weight,2576275.48,2.657967,-0.002005
2023-10-18,Equal Weight,2549394.72,2.630234,-0.010434
2023-10-19,Equal Weight,2531580.38,2.611854,-0.006988
2023-10-20,Equal Weight,2502876.45,2.58224,-0.011338
2023-10-23,Equal Weight,2494872.4,2.573983,-0.003198
2023-10-24,Equal Weight,2526638.7,2.606756,0.012733
2023-10-25,Equal Weight,2497220.43,2.576405,-0.011643
2023-10-26,Equal Weight,2464645.24,2.542797,-0.013045
2023-10-27,Equal Weight,2448128.84,2.525757,-0.006701
2023-10-30,Equal Weight,2487256.21,2.566125,0.015983
2023-10-31,Equal Weight,2481912.48,2.560612,-0.002148
2023-11-01,Equal Weight,2507418.33,2.586926,0.010277
2023-11-02,Equal Weight,2556579.21,2.637646,0.019606
2023-11-03,Equal Weight,2557828.39,2.638935,0.000489
2023-11-06,Equal Weight,2570154.67,2.651652,0.004819
2023-11-07,Equal Weight,2572597.4,2.654172,0.00095
2023-11-08,Equal Weight,2576070.88,2.657756,0.00135
2023-11-09,Equal Weight,2545441.58,2.626155,-0.01189
2023-11-10,Equal Weight,2580345.66,2.662166,0.013712
2023-11-13,Equal Weight,2582196.25,2.664075,0.000717
2023-11-14,Equal Weight,2618925.66,2.701969,0.014224
2023-11-15,Equal Weight,2613055.61,2.695913,-0.002241
2023-11-16,Equal Weight,2623848.93,2.707049,0.004131
2023-11-17,Equal Weight,2633296.53,2.716796,0.003601
2023-11-20,Equal Weight,2644546.85,2.728403,0.004272
2023-11-21,Equal Weight,2638630.53,2.722299,-0.002237
2023-11-22,Equal Weight,2648413.64,2.732392,0.003708
2023-11-24,Equal Weight,2652558.25,2.736668,0.001565
2023-11-27,Equal Weight,2646118.37,2.730024,-0.002428
2023-11-28,Equal Weight,2653417.12,2.737555,0.002758
2023-11-29,Equal Weight,2643950.46,2.727788,-0.003568
2023-11-30,Equal Weight,2653038.14,2.737164,0.003437
2023-12-01,Equal Weight,2661372.98,2.745763,0.003142
2023-12-04,Equal Weight,2645440.71,2.729325,-0.005986
2023-12-05,Equal Weight,2644338.14,2.728188,-0.000417
2023-12-06,Equal Weight,2634526.7,2.718065,-0.00371
2023-12-07,Equal Weight,2650289.34,2.734328,0.005983
2023-12-08,Equal Weight,2658256.4,2.742547,0.003006
2023-12-11,Equal Weight,2650033.3,2.734063,-0.003093
2023-12-12,Equal Weight,2655263.94,2.73946,0.001974
2023-12-13,Equal Weight,2691520.25,2.776866,0.013655
2023-12-14,Equal Weight,2693174.49,2.778573,0.000615
2023-12-15,Equal Weight,2691393.31,2.776735,-0.000661
2023-12-18,Equal Weight,2712225.83,2.798228,0.00774
2023-12-19,Equal Weight,2731510.28,2.818124,0.00711
2023-12-20,Equal Weight,2696527.71,2.782032,-0.012807
2023-12-21,Equal Weight,2709778.2,2.795703,0.004914
2023-12-22,Equal Weight,2713391.77,2.799431,0.001334
2023-12-26,Equal Weight,2722878.78,2.809219,0.003496
2023-12-27,Equal Weight,2729169.96,2.815709,0.00231
2023-12-28,Equal Weight,2728827.7,2.815356,-0.000125
2023-12-29,Equal Weight,2724058.19,2.810436,-0.001748
2024-01-02,Equal Weight,2731607.34,2.818224,0.002771
2024-01-03,Equal Weight,2737230.69,2.824026,0.002059
2024-01-04,Equal Weight,2720497.36,2.806762,-0.006113
2024-01-05,Equal Weight,2726032.64,2.812473,0.002035
2024-01-08,Equal Weight,2755500.89,2.842875,0.01081
2024-01-09,Equal Weight,2754776.03,2.842127,-0.000263
2024-01-10,Equal Weight,2769838.16,2.857667,0.005468
2024-01-11,Equal Weight,2763256.34,2.850877,-0.002376
2024-01-12,Equal Weight,2771962.21,2.859859,0.003151
2024-01-16,Equal Weight,2747431.43,2.83455,-0.00885
2024-01-17,Equal Weight,2721245.67,2.807534,-0.009531
2024-01-18,Equal Weight,2737107.36,2.823899,0.005829
2024-01-19,Equal Weight,2761929.0,2.849507,0.009069
2024-01-22,Equal Weight,2765636.75,2.853333,0.001342
2024-01-23,Equal Weight,2783299.24,2.871555,0.006386
2024-01-24,Equal Weight,2794786.29,2.883406,0.004127
2024-01-25,Equal Weight,2829932.68,2.919667,0.012576
2024-01-26,Equal Weight,2839783.34,2.92983,0.003481
2024-01-29,Equal Weight,2856496.91,2.947074,0.005886
2024-01-30,Equal Weight,2857224.28,2.947824,0.000255
2024-01-31,Equal Weight,2807151.33,2.896164,-0.017525
2024-02-01,Equal Weight,2839513.89,2.929552,0.011529
2024-02-02,Equal Weight,2863991.29,2.954806,0.00862
2024-02-05,Equal Weight,2870472.47,2.961493,0.002263
2024-02-06,Equal Weight,2882109.62,2.973499,0.004054
2024-02-07,Equal Weight,2902792.92,2.994838,0.007176
2024-02-08,Equal Weight,2902952.41,2.995002,5.5e-05
2024-02-09,Equal Weight,2912875.04,3.00524,0.003418
2024-02-12,Equal Weight,2914172.35,3.006578,0.000445
2024-02-13,Equal Weight,2873194.04,2.9643,-0.014062
2024-02-14,Equal Weight,2891809.32,2.983506,0.006479
2024-02-15,Equal Weight,2913774.71,3.006168,0.007596
2024-02-16,Equal Weight,2912772.94,3.005134,-0.000344
2024-02-20,Equal Weight,2895347.72,2.987157,-0.005982
2024-02-21,Equal Weight,2914084.41,3.006487,0.006471
2024-02-22,Equal Weight,2952634.34,3.04626,0.013229
2024-02-23,Equal Weight,2954699.9,3.048391,0.0007
2024-02-26,Equal Weight,2929436.85,3.022327,-0.00855
2024-02-27,Equal Weight,2931712.35,3.024674,0.000777
2024-02-28,Equal Weight,2927971.67,3.020815,-0.001276
2024-02-29,Equal Weight,2941174.58,3.034437,0.004509
2024-03-01,Equal Weight,2953530.18,3.047184,0.004201
2024-03-04,Equal Weight,2936600.81,3.029718,-0.005732
2024-03-05,Equal Weight,2913741.32,3.006133,-0.007784
2024-03-06,Equal Weight,2916815.78,3.009305,0.001055
2024-03-07,Equal Weight,2936826.79,3.029951,0.006861
2024-03-08,Equal Weight,2941630.31,3.034907,0.001636
2024-03-11,Equal Weight,2938109.5,3.031274,-0.001197
2024-03-12,Equal Weight,2960582.42,3.05446,0.007649
2024-03-13,Equal Weight,2980575.28,3.075087,0.006753
2024-03-14,Equal Weight,2994528.59,3.089482,0.004681
2024-03-15,Equal Weight,2984924.61,3.079574,-0.003207
2024-03-18,Equal Weight,3008355.22,3.103747,0.00785
2024-03-19,Equal Weight,3029864.22,3.125938,0.00715
2024-03-20,Equal Weight,3052986.68,3.149794,0.007632
2024-03-21,Equal Weight,3047634.18,3.144272,-0.001753
2024-03-22,Equal Weight,3046838.63,3.143451,-0.000261
2024-03-25,Equal Weight,3040885.21,3.137309,-0.001954
2024-03-26,Equal Weight,3035378.52,3.131628,-0.001811
2024-03-27,Equal Weight,3077386.52,3.174968,0.013839
2024-03-28,Equal Weight,3082643.79,3.180392,0.001708
2024-04-01,Equal Weight,3078066.74,3.175669,-0.001485
2024-04-02,Equal Weight,3076383.84,3.173933,-0.000547
2024-04-03,Equal Weight,3077873.92,3.17547,0.000484
2024-04-04,Equal Weight,3054395.81,3.151248,-0.007628
2024-04-05,Equal Weight,3093137.05,3.191218,0.012684
2024-04-08,Equal Weight,3088009.07,3.185927,-0.001658
2024-04-09,Equal Weight,3089855.09,3.187832,0.000598
2024-04-10,Equal Weight,3075056.64,3.172564,-0.004789
2024-04-11,Equal Weight,3090926.2,3.188937,0.005161
2024-04-12,Equal Weight,3046815.23,3.143427,-0.014271
2024-04-15,Equal Weight,3022543.95,3.118386,-0.007966
2024-04-16,Equal Weight,2997160.46,3.092198,-0.008398
2024-04-17,Equal Weight,3002717.86,3.097931,0.001854
2024-04-18,Equal Weight,3000266.4,3.095402,-0.000816
2024-04-19,Equal Weight,2995180.78,3.090155,-0.001695
2024-04-22,Equal Weight,3026962.52,3.122945,0.010611
2024-04-23,Equal Weight,3058432.71,3.155413,0.010397
2024-04-24,Equal Weight,3056309.97,3.153223,-0.000694
2024-04-25,Equal Weight,3020340.9,3.116113,-0.011769
2024-04-26,Equal Weight,3050300.66,3.147023,0.009919
2024-04-29,Equal Weight,3063311.77,3.160447,0.004266
2024-04-30,Equal Weight,3030150.45,3.126234,-0.010825
2024-05-01,Equal Weight,3050216.19,3.146936,0.006622
2024-05-02,Equal Weight,3067560.55,3.16483,0.005686
2024-05-03,Equal Weight,3088208.18,3.186132,0.006731
2024-05-06,Equal Weight,3119303.45,3.218214,0.010069
2024-05-07,Equal Weight,3132606.45,3.231939,0.004265
2024-05-08,Equal Weight,3136643.59,3.236104,0.001289
2024-05-09,Equal Weight,3166258.62,3.266658,0.009442
2024-05-10,Equal Weight,3160760.66,3.260985,-0.001736
2024-05-13,Equal Weight,3167732.85,3.268179,0.002206
2024-05-14,Equal Weight,3184796.51,3.285783,0.005387
2024-05-15,Equal Weight,3218047.57,3.320089,0.010441
2024-05-16,Equal Weight,3205606.63,3.307253,-0.003866
2024-05-17,Equal Weight,3222130.01,3.324301,0.005155
2024-05-20,Equal Weight,3214344.36,3.316268,-0.002416
2024-05-21,Equal Weight,3233328.48,3.335854,0.005906
2024-05-22,Equal Weight,3221190.62,3.323332,-0.003754
2024-05-23,Equal Weight,3178294.8,3.279076,-0.013317
2024-05-24,Equal Weight,3190049.7,3.291203,0.003698
2024-05-28,Equal Weight,3187074.05,3.288133,-0.000933
2024-05-29,Equal Weight,3170891.0,3.271437,-0.005078
2024-05-30,Equal Weight,3169459.75,3.26996,-0.000451
2024-05-31,Equal Weight,3196162.37,3.29751,0.008425
2024-06-03,Equal Weight,3188321.0,3.28942,-0.002453
2024-06-04,Equal Weight,3181223.11,3.282097,-0.002226
2024-06-05,Equal Weight,3188538.69,3.289644,0.0023
2024-06-06,Equal Weight,3201062.81,3.302566,0.003928
2024-06-07,Equal Weight,3201475.71,3.302992,0.000129
2024-06-10,Equal Weight,3213891.76,3.315801,0.003878
2024-06-11,Equal Weight,3211562.38,3.313398,-0.000725
2024-06-12,Equal Weight,3212718.02,3.31459,0.00036
2024-06-13,Equal Weight,3213616.44,3.315517,0.00028
2024-06-14,Equal Weight,3206771.74,3.308456,-0.00213
2024-06-17,Equal Weight,3219699.77,3.321793,0.004031
2024-06-18,Equal Weight,3214624.69,3.316557,-0.001576
2024-06-20,Equal Weight,3235817.67,3.338422,0.006593
2024-06-21,Equal Weight,3241931.1,3.34473,0.001889
2024-06-24,Equal Weight,3258849.64,3.362185,0.005219
2024-06-25,Equal Weight,3261140.19,3.364548,0.000703
2024-06-26,Equal Weight,3276615.38,3.380514,0.004745
2024-06-27,Equal Weight,3289429.74,3.393735,0.003911
2024-06-28,Equal Weight,3264892.02,3.368419,-0.00746
2024-07-01,Equal Weight,3281229.41,3.385274,0.005004
2024-07-02,Equal Weight,3298432.91,3.403023,0.005243
2024-07-03,Equal Weight,3303111.67,3.40785,0.001418
2024-07-05,Equal Weight,3328212.8,3.433747,0.007599
2024-07-08,Equal Weight,3324190.38,3.429597,-0.001209
2024-07-09,Equal Weight,3325933.31,3.431396,0.000524
2024-07-10,Equal Weight,3357538.77,3.464003,0.009503
2024-07-11,Equal Weight,3341368.53,3.44732,-0.004816
2024-07-12,Equal Weight,3358173.5,3.464658,0.005029
2024-07-15,Equal Weight,3367094.63,3.473862,0.002657
2024-07-16,Equal Weight,3391495.75,3.499037,0.007247
2024-07-17,Equal Weight,3378903.97,3.486046,-0.003713
2024-07-18,Equal Weight,3331405.84,3.437042,-0.014057
2024-07-19,Equal Weight,3314366.55,3.419462,-0.005115
2024-07-22,Equal Weight,3329873.49,3.435461,0.004679
2024-07-23,Equal Weight,3324657.1,3.430079,-0.001567
2024-07-24,Equal Weight,3295116.0,3.399601,-0.008885
2024-07-25,Equal Weight,3274597.14,3.378432,-0.006227
2024-07-26,Equal Weight,3298181.38,3.402764,0.007202
2024-07-29,Equal Weight,3294909.73,3.399388,-0.000992
2024-07-30,Equal Weight,3287617.79,3.391865,-0.002213
2024-07-31,Equal Weight,3303684.63,3.408441,0.004887
2024-08-01,Equal Weight,3297146.45,3.401696,-0.001979
2024-08-02,Equal Weight,3246442.39,3.349384,-0.015378
2024-08-05,Equal Weight,3151736.48,3.251675,-0.029172
2024-08-06,Equal Weight,3174711.46,3.275379,0.00729
2024-08-07,Equal Weight,3183768.26,3.284723,0.002853
2024-08-08,Equal Weight,3250877.94,3.35396,0.021079
2024-08-09,Equal Weight,3282468.37,3.386552,0.009718
2024-08-12,Equal Weight,3271605.76,3.375345,-0.003309
2024-08-13,Equal Weight,3300533.64,3.405191,0.008842
2024-08-14,Equal Weight,3314293.37,3.419387,0.004169
2024-08-15,Equal Weight,3344422.91,3.450471,0.009091
2024-08-16,Equal Weight,3350688.42,3.456936,0.001873
2024-08-19,Equal Weight,3371107.85,3.478003,0.006094
2024-08-20,Equal Weight,3375550.6,3.482586,0.001318
2024-08-21,Equal Weight,3376372.32,3.483434,0.000243
2024-08-22,Equal Weight,3364215.04,3.470891,-0.003601
2024-08-23,Equal Weight,3389896.52,3.497387,0.007634
2024-08-26,Equal Weight,3402244.94,3.510127,0.003643
2024-08-27,Equal Weight,3394580.59,3.50222,-0.002253
2024-08-28,Equal Weight,3381251.81,3.488468,-0.003926
2024-08-29,Equal Weight,3399308.25,3.507097,0.00534
2024-08-30,Equal Weight,3440241.77,3.549329,0.012042
2024-09-03,Equal Weight,3393129.93,3.500723,-0.013694
2024-09-04,Equal Weight,3381055.1,3.488265,-0.003559
2024-09-05,Equal Weight,3359125.92,3.465641,-0.006486
2024-09-06,Equal Weight,3311157.68,3.416151,-0.01428
2024-09-09,Equal Weight,3342653.59,3.448646,0.009512
2024-09-10,Equal Weight,3334723.69,3.440465,-0.002372
2024-09-11,Equal Weight,3352485.21,3.458789,0.005326
2024-09-12,Equal Weight,3374316.63,3.481313,0.006512
2024-09-13,Equal Weight,3383114.33,3.49039,0.002607
2024-09-16,Equal Weight,3395598.08,3.503269,0.00369
2024-09-17,Equal Weight,3411073.78,3.519236,0.004558
2024-09-18,Equal Weight,3405879.96,3.513877,-0.001523
2024-09-19,Equal Weight,3445290.52,3.554538,0.011571
2024-09-20,Equal Weight,3447218.97,3.556527,0.00056
2024-09-23,Equal Weight,3455387.3,3.564954,0.00237
2024-09-24,Equal Weight,3463577.84,3.573405,0.00237
2024-09-25,Equal Weight,3441734.55,3.550869,-0.006307
2024-09-26,Equal Weight,3442464.21,3.551622,0.000212
2024-09-27,Equal Weight,3443157.07,3.552336,0.000201
2024-09-30,Equal Weight,3461033.04,3.570779,0.005192
2024-10-01,Equal Weight,3448563.72,3.557914,-0.003603
2024-10-02,Equal Weight,3448610.51,3.557963,1.4e-05
2024-10-03,Equal Weight,3430337.22,3.53911,-0.005299
2024-10-04,Equal Weight,3460149.46,3.569868,0.008691
2024-10-07,Equal Weight,3416710.3,3.525051,-0.012554
2024-10-08,Equal Weight,3423697.6,3.53226,0.002045
2024-10-09,Equal Weight,3446671.3,3.555962,0.00671
2024-10-10,Equal Weight,3446685.49,3.555977,4e-06
2024-10-11,Equal Weight,3486964.46,3.597533,0.011686
2024-10-14,Equal Weight,3494477.12,3.605284,0.002155
2024-10-15,Equal Weight,3489072.14,3.599707,-0.001547
2024-10-16,Equal Weight,3496338.14,3.607204,0.002083
2024-10-17,Equal Weight,3493583.14,3.604361,-0.000788
2024-10-18,Equal Weight,3504111.51,3.615224,0.003014
2024-10-21,Equal Weight,3490906.52,3.6016,-0.003768
2024-10-22,Equal Weight,3500043.75,3.611027,0.002617
2024-10-23,Equal Weight,3481959.41,3.592369,-0.005167
2024-10-24,Equal Weight,3468997.62,3.578996,-0.003723
2024-10-25,Equal Weight,3460613.01,3.570346,-0.002417
2024-10-28,Equal Weight,3483634.32,3.594097,0.006652
2024-10-29,Equal Weight,3469104.62,3.579107,-0.004171
2024-10-30,Equal Weight,3449976.92,3.559372,-0.005514
2024-10-31,Equal Weight,3396292.64,3.503986,-0.015561
2024-11-01,Equal Weight,3403218.96,3.511132,0.002039
2024-11-04,Equal Weight,3386716.44,3.494106,-0.004849
2024-11-05,Equal Weight,3409085.94,3.517185,0.006605
2024-11-06,Equal Weight,3479741.88,3.590081,0.020726
2024-11-07,Equal Weight,3487438.71,3.598022,0.002212
2024-11-08,Equal Weight,3497708.42,3.608618,0.002945
2024-11-11,Equal Weight,3491179.5,3.601882,-0.001867
2024-11-12,Equal Weight,3480509.88,3.590874,-0.003056
2024-11-13,Equal Weight,3487216.4,3.597793,0.001927
2024-11-14,Equal Weight,3477662.12,3.587936,-0.00274
2024-11-15,Equal Weight,3446651.37,3.555942,-0.008917
2024-11-18,Equal Weight,3454288.51,3.563821,0.002216
2024-11-19,Equal Weight,3455202.51,3.564764,0.000265
2024-11-20,Equal Weight,3458376.78,3.568039,0.000919
2024-11-21,Equal Weight,3461278.78,3.571033,0.000839
2024-11-22,Equal Weight,3473212.78,3.583345,0.003448
2024-11-25,Equal Weight,3501934.7,3.612978,0.00827
2024-11-26,Equal Weight,3539578.63,3.651815,0.010749
2024-11-27,Equal Weight,3537224.85,3.649387,-0.000665
2024-11-29,Equal Weight,3547885.08,3.660385,0.003014
2024-12-02,Equal Weight,3549885.01,3.662449,0.000564
2024-12-03,Equal Weight,3538706.79,3.650916,-0.003149
2024-12-04,Equal Weight,3543620.71,3.655986,0.001389
2024-12-05,Equal Weight,3549337.82,3.661884,0.001613
2024-12-06,Equal Weight,3553641.91,3.666325,0.001213
2024-12-09,Equal Weight,3538282.12,3.650478,-0.004322
2024-12-10,Equal Weight,3540340.9,3.652602,0.000582
2024-12-11,Equal Weight,3554346.63,3.667052,0.003956
2024-12-12,Equal Weight,3530425.15,3.642372,-0.00673
2024-12-13,Equal Weight,3523995.24,3.635738,-0.001821
2024-12-16,Equal Weight,3525753.7,3.637552,0.000499
2024-12-17,Equal Weight,3523110.2,3.634825,-0.00075
2024-12-18,Equal Weight,3434595.61,3.543503,-0.025124
2024-12-19,Equal Weight,3432039.34,3.540866,-0.000744
2024-12-20,Equal Weight,3468765.83,3.578757,0.010701
2024-12-23,Equal Weight,3491887.91,3.602612,0.006666
2024-12-24,Equal Weight,3518943.93,3.630526,0.007748
2024-12-26,Equal Weight,3515738.77,3.62722,-0.000911
2024-12-27,Equal Weight,3485181.91,3.595694,-0.008691
2024-12-30,Equal Weight,3451108.89,3.56054,-0.009777
2019-01-03,Minimum Variance,969265.49,1.0,-0.030735
2019-01-04,Minimum Variance,1003441.19,1.035259,0.035259
2019-01-07,Minimum Variance,1006805.4,1.03873,0.003353
2019-01-08,Minimum Variance,1015991.14,1.048207,0.009124
2019-01-09,Minimum Variance,1017363.6,1.049623,0.001351
2019-01-10,Minimum Variance,1019180.1,1.051497,0.001786
2019-01-11,Minimum Variance,1015203.01,1.047394,-0.003902
2019-01-14,Minimum Variance,1006654.24,1.038574,-0.008421
2019-01-15,Minimum Variance,1021994.27,1.054401,0.015239
2019-01-16,Minimum Variance,1024266.05,1.056745,0.002223
2019-01-17,Minimum Variance,1032371.67,1.065107,0.007914
2019-01-18,Minimum Variance,1041995.35,1.075036,0.009322
2019-01-22,Minimum Variance,1024658.87,1.05715,-0.016638
2019-01-23,Minimum Variance,1032056.63,1.064782,0.00722
2019-01-24,Minimum Variance,1028431.0,1.061042,-0.003513
2019-01-25,Minimum Variance,1035846.79,1.068693,0.007211
2019-01-28,Minimum Variance,1020792.23,1.053161,-0.014534
2019-01-29,Minimum Variance,1019220.42,1.051539,-0.00154
2019-01-30,Minimum Variance,1042332.86,1.075384,0.022677
2019-01-31,Minimum Variance,1055984.58,1.089469,0.013097
2019-02-01,Minimum Variance,1054740.05,1.088185,-0.001179
2019-02-04,Minimum Variance,1059935.47,1.093545,0.004926
2019-02-05,Minimum Variance,1065543.5,1.099331,0.005291
2019-02-06,Minimum Variance,1058803.21,1.092377,-0.006326
2019-02-07,Minimum Variance,1047880.87,1.081108,-0.010316
2019-02-08,Minimum Variance,1048525.07,1.081773,0.000615
2019-02-11,Minimum Variance,1047761.17,1.080985,-0.000729
2019-02-12,Minimum Variance,1064884.87,1.098651,0.016343
2019-02-13,Minimum Variance,1066290.9,1.100102,0.00132
2019-02-14,Minimum Variance,1064011.01,1.09775,-0.002138
2019-02-15,Minimum Variance,1074578.05,1.108652,0.009931
2019-02-19,Minimum Variance,1077956.12,1.112137,0.003144
2019-02-20,Minimum Variance,1081580.98,1.115877,0.003363
2019-02-21,Minimum Variance,1079554.49,1.113786,-0.001874
2019-02-22,Minimum Variance,1085089.04,1.119496,0.005127
2019-02-25,Minimum Variance,1088913.25,1.123442,0.003524
2019-02-26,Minimum Variance,1088185.1,1.12269,-0.000669
2019-02-27,Minimum Variance,1090348.83,1.124923,0.001988
2019-02-28,Minimum Variance,1087538.91,1.122024,-0.002577
2019-03-01,Minimum Variance,1097294.82,1.132089,0.008971
2019-03-04,Minimum Variance,1099235.12,1.134091,0.001768
2019-03-05,Minimum Variance,1099674.02,1.134544,0.000399
2019-03-06,Minimum Variance,1092700.11,1.127349,-0.006342
2019-03-07,Minimum Variance,1084474.39,1.118862,-0.007528
2019-03-08,Minimum Variance,1082293.54,1.116612,-0.002011
2019-03-11,Minimum Variance,1096683.68,1.131459,0.013296
2019-03-12,Minimum Variance,1101124.24,1.13604,0.004049
2019-03-13,Minimum Variance,1107715.44,1.14284,0.005986
2019-03-14,Minimum Variance,1106714.69,1.141808,-0.000903
2019-03-15,Minimum Variance,1112187.83,1.147454,0.004945
2019-03-18,Minimum Variance,1119305.46,1.154798,0.0064
2019-03-19,Minimum Variance,1120608.6,1.156142,0.001164
2019-03-20,Minimum Variance,1122833.33,1.158437,0.001985
2019-03-21,Minimum Variance,1133025.63,1.168953,0.009077
2019-03-22,Minimum Variance,1113805.3,1.149123,-0.016964
2019-03-25,Minimum Variance,1113149.44,1.148446,-0.000589
2019-03-26,Minimum Variance,1119092.46,1.154578,0.005339
2019-03-27,Minimum Variance,1112879.32,1.148168,-0.005552
2019-03-28,Minimum Variance,1115978.49,1.151365,0.002785
2019-03-29,Minimum Variance,1123307.66,1.158927,0.006567
2019-04-01,Minimum Variance,1134956.11,1.170945,0.01037
2019-04-02,Minimum Variance,1135394.86,1.171397,0.000387
2019-04-03,Minimum Variance,1134161.14,1.170124,-0.001087
2019-04-04,Minimum Variance,1134605.55,1.170583,0.000392
2019-04-05,Minimum Variance,1139512.02,1.175645,0.004324
2019-04-08,Minimum Variance,1142520.22,1.178748,0.00264
2019-04-09,Minimum Variance,1136030.56,1.172053,-0.00568
2019-04-10,Minimum Variance,1138220.76,1.174313,0.001928
2019-04-11,Minimum Variance,1139821.92,1.175965,0.001407
2019-04-12,Minimum Variance,1147534.09,1.183921,0.006766
2019-04-15,Minimum Variance,1147688.12,1.18408,0.000134
2019-04-16,Minimum Variance,1150331.22,1.186807,0.002303
2019-04-17,Minimum Variance,1154396.05,1.191001,0.003534
2019-04-18,Minimum Variance,1153982.5,1.190574,-0.000358
2019-04-22,Minimum Variance,1159132.25,1.195887,0.004463
2019-04-23,Minimum Variance,1166662.0,1.203656,0.006496
2019-04-24,Minimum Variance,1159360.26,1.196122,-0.006259
2019-04-25,Minimum Variance,1162704.94,1.199573,0.002885
2019-04-26,Minimum Variance,1172732.6,1.209919,0.008624
2019-04-29,Minimum Variance,1173893.66,1.211117,0.00099
2019-04-30,Minimum Variance,1167162.87,1.204173,-0.005734
2019-05-01,Minimum Variance,1159321.47,1.196082,-0.005692
2019-05-02,Minimum Variance,1154615.98,1.191228,-0.004059
2019-05-03,Minimum Variance,1158412.43,1.195145,0.003288
2019-05-06,Minimum Variance,1152218.96,1.188755,-0.005347
2019-05-07,Minimum Variance,1140095.37,1.176247,-0.010522
2019-05-08,Minimum Variance,1136350.16,1.172383,-0.003285
2019-05-09,Minimum Variance,1134688.65,1.170669,-0.001462
2019-05-10,Minimum Variance,1145106.71,1.181417,0.009181
2019-05-13,Minimum Variance,1140320.86,1.176479,-0.004179
2019-05-14,Minimum Variance,1141373.82,1.177566,0.000923
2019-05-15,Minimum Variance,1143271.9,1.179524,0.001663
2019-05-16,Minimum Variance,1155496.82,1.192137,0.010693
2019-05-17,Minimum Variance,1156723.03,1.193402,0.001061
2019-05-20,Minimum Variance,1158343.25,1.195073,0.001401
2019-05-21,Minimum Variance,1157348.7,1.194047,-0.000859
2019-05-22,Minimum Variance,1162757.99,1.199628,0.004674
2019-05-23,Minimum Variance,1159444.12,1.196209,-0.00285
2019-05-24,Minimum Variance,1161786.1,1.198625,0.00202
2019-05-28,Minimum Variance,1146487.98,1.182842,-0.013168
2019-05-29,Minimum Variance,1131323.52,1.167197,-0.013227
2019-05-30,Minimum Variance,1131975.97,1.16787,0.000577
2019-05-31,Minimum Variance,1124307.15,1.159958,-0.006775
2019-06-03,Minimum Variance,1131817.01,1.167706,0.006883
2019-06-04,Minimum Variance,1145369.91,1.181689,0.011974
2019-06-05,Minimum Variance,1158934.6,1.195683,0.011843
2019-06-06,Minimum Variance,1167139.78,1.204149,0.00708
2019-06-07,Minimum Variance,1165999.38,1.202972,-0.000977
2019-06-10,Minimum Variance,1162733.19,1.199602,-0.002801
2019-06-11,Minimum Variance,1159751.83,1.196526,-0.002564
2019-06-12,Minimum Variance,1166441.56,1.203428,0.005768
2019-06-13,Minimum Variance,1164995.19,1.201936,-0.00124
2019-06-14,Minimum Variance,1169472.58,1.206555,0.003843
2019-06-17,Minimum Variance,1168948.53,1.206015,-0.000448
2019-06-18,Minimum Variance,1172105.44,1.209272,0.002701
2019-06-19,Minimum Variance,1173144.31,1.210344,0.000886
2019-06-20,Minimum Variance,1179244.39,1.216637,0.0052
2019-06-21,Minimum Variance,1180713.46,1.218153,0.001246
2019-06-24,Minimum Variance,1181477.34,1.218941,0.000647
2019-06-25,Minimum Variance,1174408.91,1.211648,-0.005983
2019-06-26,Minimum Variance,1161189.56,1.19801,-0.011256
2019-06-27,Minimum Variance,1163340.12,1.200229,0.001852
2019-06-28,Minimum Variance,1169787.0,1.20688,0.005542
2019-07-01,Minimum Variance,1174761.93,1.212013,0.004359
2019-07-02,Minimum Variance,1184331.83,1.221886,0.008146
2019-07-03,Minimum Variance,1192337.41,1.230145,0.00676
2019-07-05,Minimum Variance,1188072.49,1.225745,-0.003577
2019-07-08,Minimum Variance,1189463.01,1.22718,0.00117
2019-07-09,Minimum Variance,1189139.44,1.226846,-0.000272
2019-07-10,Minimum Variance,1194764.09,1.232649,0.00473
2019-07-11,Minimum Variance,1194062.04,1.231925,-0.000588
2019-07-12,Minimum Variance,1186621.03,1.224248,-0.006232
2019-07-15,Minimum Variance,1184125.42,1.221673,-0.002103
2019-07-16,Minimum Variance,1181161.14,1.218615,-0.002503
2019-07-17,Minimum Variance,1179024.33,1.21641,-0.001809
2019-07-18,Minimum Variance,1186193.01,1.223806,0.00608
2019-07-19,Minimum Variance,1174552.63,1.211797,-0.009813
2019-07-22,Minimum Variance,1174181.01,1.211413,-0.000316
2019-07-23,Minimum Variance,1174831.43,1.212084,0.000554
2019-07-24,Minimum Variance,1181836.29,1.219311,0.005962
2019-07-25,Minimum Variance,1174841.82,1.212095,-0.005918
2019-07-26,Minimum Variance,1181384.84,1.218845,0.005569
2019-07-29,Minimum Variance,1189879.94,1.22761,0.007191
2019-07-30,Minimum Variance,1188263.93,1.225943,-0.001358
2019-07-31,Minimum Variance,1178555.09,1.215926,-0.008171
2019-08-01,Minimum Variance,1173514.32,1.210725,-0.00416
2019-08-02,Minimum Variance,1176575.08,1.213883,0.002608
2019-08-05,Minimum Variance,1150665.98,1.187153,-0.022021
2019-08-06,Minimum Variance,1165357.6,1.20231,0.012768
2019-08-07,Minimum Variance,1161999.55,1.198845,-0.002882
2019-08-08,Minimum Variance,1180843.41,1.218287,0.016217
2019-08-09,Minimum Variance,1178911.39,1.216294,-0.001636
2019-08-12,Minimum Variance,1170011.35,1.207111,-0.007549
2019-08-13,Minimum Variance,1180667.17,1.218105,0.009107
2019-08-14,Minimum Variance,1154111.26,1.190707,-0.022492
2019-08-15,Minimum Variance,1160697.13,1.197502,0.005706
2019-08-16,Minimum Variance,1172704.73,1.20989,0.010345
2019-08-19,Minimum Variance,1184046.88,1.221592,0.009672
2019-08-20,Minimum Variance,1175635.34,1.212914,-0.007104
2019-08-21,Minimum Variance,1183413.31,1.220938,0.006616
2019-08-22,Minimum Variance,1186984.35,1.224623,0.003018
2019-08-23,Minimum Variance,1169192.39,1.206266,-0.014989
2019-08-26,Minimum Variance,1180863.56,1.218308,0.009982
2019-08-27,Minimum Variance,1178689.2,1.216064,-0.001841
2019-08-28,Minimum Variance,1180306.11,1.217733,0.001372
2019-08-29,Minimum Variance,1188849.09,1.226546,0.007238
2019-08-30,Minimum Variance,1186454.08,1.224075,-0.002015
2019-09-03,Minimum Variance,1199716.51,1.237758,0.011617
2019-09-04,Minimum Variance,1201484.54,1.239583,0.001474
2019-09-05,Minimum Variance,1197449.93,1.23542,-0.003358
2019-09-06,Minimum Variance,1199334.88,1.237365,0.001574
2019-09-09,Minimum Variance,1202203.08,1.240324,0.002391
2019-09-10,Minimum Variance,1203625.17,1.241791,0.001183
2019-09-11,Minimum Variance,1213284.34,1.251756,0.008025
2019-09-12,Minimum Variance,1216455.91,1.255029,0.002614
2019-09-13,Minimum Variance,1216461.63,1.255035,5e-06
2019-09-16,Minimum Variance,1210762.93,1.249155,-0.004685
2019-09-17,Minimum Variance,1220100.78,1.258789,0.007712
2019-09-18,Minimum Variance,1227454.11,1.266376,0.006027
2019-09-19,Minimum Variance,1228053.62,1.266994,0.000488
2019-09-20,Minimum Variance,1230956.55,1.269989,0.002364
2019-09-23,Minimum Variance,1230154.43,1.269161,-0.000652
2019-09-24,Minimum Variance,1233178.08,1.272281,0.002458
2019-09-25,Minimum Variance,1236023.62,1.275217,0.002307
2019-09-26,Minimum Variance,1237256.55,1.276489,0.000997
2019-09-27,Minimum Variance,1238290.19,1.277555,0.000835
2019-09-30,Minimum Variance,1242191.73,1.28158,0.003151
2019-10-01,Minimum Variance,1232904.43,1.271999,-0.007422
2019-10-02,Minimum Variance,1216756.44,1.255339,-0.013098
2019-10-03,Minimum Variance,1221102.83,1.259823,0.003572
2019-10-04,Minimum Variance,1241231.45,1.28059,0.016484
2019-10-07,Minimum Variance,1234704.01,1.273855,-0.005259
2019-10-08,Minimum Variance,1217343.32,1.255944,-0.014061
2019-10-09,Minimum Variance,1226766.53,1.265666,0.007741
2019-10-10,Minimum Variance,1227625.9,1.266553,0.000701
2019-10-11,Minimum Variance,1229974.45,1.268976,0.001913
2019-10-14,Minimum Variance,1227710.14,1.26664,-0.001841
2019-10-15,Minimum Variance,1232655.42,1.271742,0.004028
2019-10-16,Minimum Variance,1238000.06,1.277256,0.004336
2019-10-17,Minimum Variance,1242430.29,1.281827,0.003579
2019-10-18,Minimum Variance,1235452.11,1.274627,-0.005617
2019-10-21,Minimum Variance,1245834.99,1.285339,0.008404
2019-10-22,Minimum Variance,1259912.91,1.299864,0.0113
2019-10-23,Minimum Variance,1262104.67,1.302125,0.00174
2019-10-24,Minimum Variance,1262093.16,1.302113,-9e-06
2019-10-25,Minimum Variance,1264057.51,1.30414,0.001556
2019-10-28,Minimum Variance,1257948.04,1.297836,-0.004833
2019-10-29,Minimum Variance,1255724.9,1.295543,-0.001767
2019-10-30,Minimum Variance,1265947.45,1.306089,0.008141
2019-10-31,Minimum Variance,1269678.31,1.309939,0.002947
2019-11-01,Minimum Variance,1271373.0,1.311687,0.001443
2019-11-04,Minimum Variance,1259986.52,1.29994,-0.008956
2019-11-05,Minimum Variance,1258593.96,1.298503,-0.001105
2019-11-06,Minimum Variance,1260498.79,1.300468,0.001513
2019-11-07,Minimum Variance,1253832.33,1.29359,-0.005289
2019-11-08,Minimum Variance,1251010.41,1.290679,-0.002251
2019-11-11,Minimum Variance,1247981.79,1.287554,-0.002421
2019-11-12,Minimum Variance,1247206.44,1.286754,-0.000621
2019-11-13,Minimum Variance,1256320.39,1.296157,0.007307
2019-11-14,Minimum Variance,1259528.92,1.299467,0.002554
2019-11-15,Minimum Variance,1271685.91,1.31201,0.009652
2019-11-18,Minimum Variance,1274240.48,1.314645,0.002009
2019-11-19,Minimum Variance,1274001.78,1.314399,-0.000187
2019-11-20,Minimum Variance,1279745.8,1.320325,0.004509
2019-11-21,Minimum Variance,1281638.84,1.322278,0.001479
2019-11-22,Minimum Variance,1281765.89,1.32241,9.9e-05
2019-11-25,Minimum Variance,1281432.49,1.322066,-0.00026
2019-11-26,Minimum Variance,1287640.31,1.32847,0.004844
2019-11-27,Minimum Variance,1288522.89,1.329381,0.000685
2019-11-29,Minimum Variance,1288607.22,1.329468,6.5e-05
2019-12-02,Minimum Variance,1282811.56,1.323488,-0.004407
2019-12-03,Minimum Variance,1280140.84,1.320733,-0.002082
2019-12-04,Minimum Variance,1293286.26,1.334295,0.010269
2019-12-05,Minimum Variance,1296128.35,1.337227,0.002198
2019-12-06,Minimum Variance,1303816.09,1.345159,0.005931
2019-12-09,Minimum Variance,1302621.42,1.343926,-0.000916
2019-12-10,Minimum Variance,1301126.72,1.342384,-0.001147
2019-12-11,Minimum Variance,1306280.55,1.347702,0.003961
2019-12-12,Minimum Variance,1312986.92,1.354621,0.005134
2019-12-13,Minimum Variance,1316368.39,1.358109,0.002575
2019-12-16,Minimum Variance,1326692.93,1.368761,0.007843
2019-12-17,Minimum Variance,1331004.43,1.373209,0.00325
2019-12-18,Minimum Variance,1330907.72,1.37311,-7.3e-05
2019-12-19,Minimum Variance,1333720.07,1.376011,0.002113
2019-12-20,Minimum Variance,1342062.32,1.384618,0.006255
2019-12-23,Minimum Variance,1332801.86,1.375064,-0.0069
2019-12-24,Minimum Variance,1336161.56,1.37853,0.002521
2019-12-26,Minimum Variance,1342167.04,1.384726,0.004495
2019-12-27,Minimum Variance,1343156.26,1.385747,0.000737
2019-12-30,Minimum Variance,1337314.05,1.379719,-0.00435
2019-12-31,Minimum Variance,1342394.2,1.38496,0.003799
2020-01-02,Minimum Variance,1339958.22,1.382447,-0.001776
2020-01-03,Minimum Variance,1335939.35,1.378301,-0.002999
2020-01-06,Minimum Variance,1340446.91,1.382951,0.003374
2020-01-07,Minimum Variance,1336131.22,1.378499,-0.00322
2020-01-08,Minimum Variance,1335570.89,1.377921,-0.000419
2020-01-09,Minimum Variance,1346023.11,1.388704,0.007826
2020-01-10,Minimum Variance,1342731.33,1.385308,-0.002446
2020-01-13,Minimum Variance,1355009.36,1.397975,0.009144
2020-01-14,Minimum Variance,1358623.42,1.401704,0.002667
2020-01-15,Minimum Variance,1367354.32,1.410712,0.006426
2020-01-16,Minimum Variance,1371884.1,1.415385,0.003313
2020-01-17,Minimum Variance,1376036.91,1.41967,0.003027
2020-01-21,Minimum Variance,1378981.06,1.422707,0.00214
2020-01-22,Minimum Variance,1384445.9,1.428345,0.003963
2020-01-23,Minimum Variance,1383520.03,1.42739,-0.000669
2020-01-24,Minimum Variance,1383244.68,1.427106,-0.000199
2020-01-27,Minimum Variance,1380961.0,1.42475,-0.001651
2020-01-28,Minimum Variance,1384551.53,1.428454,0.0026
2020-01-29,Minimum Variance,1384482.92,1.428384,-5e-05
2020-01-30,Minimum Variance,1401284.78,1.445718,0.012136
2020-01-31,Minimum Variance,1380476.8,1.42425,-0.014849
2020-02-03,Minimum Variance,1377289.66,1.420962,-0.002234
2020-02-04,Minimum Variance,1378174.55,1.421875,0.000642
2020-02-05,Minimum Variance,1399177.87,1.443545,0.01524
2020-02-06,Minimum Variance,1401453.32,1.445892,0.001626
2020-02-07,Minimum Variance,1397859.51,1.442184,-0.002564
2020-02-10,Minimum Variance,1401906.49,1.44636,0.002895
2020-02-11,Minimum Variance,1403393.81,1.447894,0.001061
2020-02-12,Minimum Variance,1399411.13,1.443785,-0.002838
2020-02-13,Minimum Variance,1407538.82,1.452171,0.005808
2020-02-14,Minimum Variance,1413412.36,1.45823,0.004173
2020-02-18,Minimum Variance,1415050.93,1.459921,0.001159
2020-02-19,Minimum Variance,1405786.33,1.450363,-0.006547
2020-02-20,Minimum Variance,1408537.85,1.453201,0.001957
2020-02-21,Minimum Variance,1409016.94,1.453696,0.00034
2020-02-24,Minimum Variance,1375866.11,1.419494,-0.023528
2020-02-25,Minimum Variance,1349763.68,1.392563,-0.018972
2020-02-26,Minimum Variance,1341348.81,1.383882,-0.006234
2020-02-27,Minimum Variance,1282944.63,1.323626,-0.043541
2020-02-28,Minimum Variance,1265956.66,1.306099,-0.013241
2020-03-02,Minimum Variance,1333804.32,1.376098,0.053801
2020-03-03,Minimum Variance,1299421.29,1.340625,-0.025778
2020-03-04,Minimum Variance,1368544.94,1.41194,0.053196
2020-03-05,Minimum Variance,1332431.89,1.374682,-0.026388
2020-03-06,Minimum Variance,1311911.94,1.353511,-0.0154
2020-03-09,Minimum Variance,1239009.66,1.278298,-0.055569
2020-03-10,Minimum Variance,1263810.03,1.303884,0.020016
2020-03-11,Minimum Variance,1197972.28,1.235959,-0.052095
2020-03-12,Minimum Variance,1075521.72,1.109626,-0.102215
2020-03-13,Minimum Variance,1166739.52,1.203736,0.084813
2020-03-16,Minimum Variance,1065226.55,1.099004,-0.087006
2020-03-17,Minimum Variance,1151449.44,1.187961,0.080943
2020-03-18,Minimum Variance,1091021.8,1.125617,-0.05248
2020-03-19,Minimum Variance,1075335.63,1.109434,-0.014378
2020-03-20,Minimum Variance,1016767.91,1.049009,-0.054465
2020-03-23,Minimum Variance,964148.76,0.994721,-0.051751
2020-03-24,Minimum Variance,1067710.6,1.101567,0.107413
2020-03-25,Minimum Variance,1082780.68,1.117115,0.014114
2020-03-26,Minimum Variance,1155548.3,1.19219,0.067204
2020-03-27,Minimum Variance,1137387.67,1.173453,-0.015716
2020-03-30,Minimum Variance,1192470.23,1.230282,0.048429
2020-03-31,Minimum Variance,1174398.57,1.211638,-0.015155
2020-04-01,Minimum Variance,1146598.83,1.182956,-0.022506
2020-04-02,Minimum Variance,1175630.11,1.212908,0.025319
2020-04-03,Minimum Variance,1174269.71,1.211505,-0.001157
2020-04-06,Minimum Variance,1222881.49,1.261658,0.041397
2020-04-07,Minimum Variance,1211985.44,1.250416,-0.00891
2020-04-08,Minimum Variance,1246986.16,1.286527,0.028879
2020-04-09,Minimum Variance,1243664.44,1.2831,-0.002664
2020-04-13,Minimum Variance,1261442.63,1.301442,0.014295
2020-04-14,Minimum Variance,1316371.95,1.358113,0.043545
2020-04-15,Minimum Variance,1321937.16,1.363855,0.004228
2020-04-16,Minimum Variance,1348336.88,1.391091,0.01997
2020-04-17,Minimum Variance,1360701.34,1.403848,0.00917
2020-04-20,Minimum Variance,1353807.65,1.396736,-0.005066
2020-04-21,Minimum Variance,1328058.01,1.37017,-0.01902
2020-04-22,Minimum Variance,1351733.25,1.394595,0.017827
2020-04-23,Minimum Variance,1367420.63,1.41078,0.011605
2020-04-24,Minimum Variance,1367663.7,1.411031,0.000178
2020-04-27,Minimum Variance,1358802.14,1.401889,-0.006479
2020-04-28,Minimum Variance,1335076.92,1.377411,-0.01746
2020-04-29,Minimum Variance,1344926.53,1.387573,0.007378
2020-04-30,Minimum Variance,1361988.91,1.405176,0.012686
2020-05-01,Minimum Variance,1315422.34,1.357133,-0.034
2020-05-04,Minimum Variance,1314487.81,1.356169,-0.00071
2020-05-05,Minimum Variance,1317836.11,1.359623,0.002547
2020-05-06,Minimum Variance,1309573.72,1.351099,-0.00627
2020-05-07,Minimum Variance,1309921.85,1.351458,0.000266
2020-05-08,Minimum Variance,1326780.84,1.368852,0.01287
2020-05-11,Minimum Variance,1330460.59,1.372648,0.002773
2020-05-12,Minimum Variance,1311551.65,1.35314,-0.014212
2020-05-13,Minimum Variance,1308764.75,1.350264,-0.002125
2020-05-14,Minimum Variance,1314641.78,1.356328,0.004491
2020-05-15,Minimum Variance,1326105.56,1.368155,0.00872
2020-05-18,Minimum Variance,1340891.81,1.38341,0.01115
2020-05-19,Minimum Variance,1329383.45,1.371537,-0.008583
2020-05-20,Minimum Variance,1338926.06,1.381382,0.007178
2020-05-21,Minimum Variance,1322680.8,1.364622,-0.012133
2020-05-22,Minimum Variance,1318344.1,1.360148,-0.003279
2020-05-26,Minimum Variance,1321682.21,1.363592,0.002532
2020-05-27,Minimum Variance,1329843.34,1.372011,0.006175
2020-05-28,Minimum Variance,1338623.34,1.38107,0.006602
2020-05-29,Minimum Variance,1352466.5,1.395352,0.010341
2020-06-01,Minimum Variance,1351652.43,1.394512,-0.000515
2020-06-02,Minimum Variance,1359838.69,1.402958,0.006056
2020-06-03,Minimum Variance,1368350.58,1.41174,0.006259
2020-06-04,Minimum Variance,1355946.29,1.398942,-0.009065
2020-06-05,Minimum Variance,1374756.78,1.418349,0.013873
2020-06-08,Minimum Variance,1381731.67,1.425545,0.005074
2020-06-09,Minimum Variance,1383545.33,1.427416,0.001313
2020-06-10,Minimum Variance,1393723.96,1.437918,0.007357
2020-06-11,Minimum Variance,1332409.32,1.374659,-0.043993
2020-06-12,Minimum Variance,1337592.35,1.380006,0.00389
2020-06-15,Minimum Variance,1340028.49,1.38252,0.001821
2020-06-16,Minimum Variance,1370173.27,1.41362,0.022496
2020-06-17,Minimum Variance,1368966.17,1.412375,-0.000881
2020-06-18,Minimum Variance,1371277.25,1.414759,0.001688
2020-06-19,Minimum Variance,1373527.22,1.41708,0.001641
2020-06-22,Minimum Variance,1376650.45,1.420303,0.002274
2020-06-23,Minimum Variance,1382824.89,1.426673,0.004485
2020-06-24,Minimum Variance,1360411.18,1.403549,-0.016209
2020-06-25,Minimum Variance,1369192.66,1.412608,0.006455
2020-06-26,Minimum Variance,1345017.69,1.387667,-0.017656
2020-06-29,Minimum Variance,1353796.67,1.396724,0.006527
2020-06-30,Minimum Variance,1376059.98,1.419694,0.016445
2020-07-01,Minimum Variance,1393738.21,1.437932,0.012972
2020-07-02,Minimum Variance,1400229.55,1.44463,0.004658
2020-07-06,Minimum Variance,1437871.79,1.483465,0.026883
2020-07-07,Minimum Variance,1428702.94,1.474006,-0.006377
2020-07-08,Minimum Variance,1444214.88,1.49001,0.010857
2020-07-09,Minimum Variance,1451715.84,1.497748,0.005194
2020-07-10,Minimum Variance,1461342.81,1.507681,0.006631
2020-07-13,Minimum Variance,1459996.79,1.506292,-0.000921
2020-07-14,Minimum Variance,1476210.95,1.52302,0.011106
2020-07-15,Minimum Variance,1466281.38,1.512776,-0.006726
2020-07-16,Minimum Variance,1470555.74,1.517186,0.002915
2020-07-17,Minimum Variance,1467603.46,1.51414,-0.002008
2020-07-20,Minimum Variance,1502480.16,1.550122,0.023764
2020-07-21,Minimum Variance,1496335.03,1.543782,-0.00409
2020-07-22,Minimum Variance,1494058.65,1.541434,-0.001521
2020-07-23,Minimum Variance,1478532.36,1.525415,-0.010392
2020-07-24,Minimum Variance,1477043.88,1.52388,-0.001007
2020-07-27,Minimum Variance,1478454.22,1.525335,0.000955
2020-07-28,Minimum Variance,1474730.68,1.521493,-0.002519
2020-07-29,Minimum Variance,1481760.64,1.528746,0.004767
2020-07-30,Minimum Variance,1487905.94,1.535086,0.004147
2020-07-31,Minimum Variance,1500833.16,1.548423,0.008688
2020-08-03,Minimum Variance,1505174.74,1.552902,0.002995
2020-08-04,Minimum Variance,1515138.2,1.563182,0.006619
2020-08-05,Minimum Variance,1531022.38,1.57957,0.010484
2020-08-06,Minimum Variance,1529910.47,1.578423,-0.000726
2020-08-07,Minimum Variance,1533951.16,1.582591,0.002641
2020-08-10,Minimum Variance,1533673.09,1.582304,-0.000181
2020-08-11,Minimum Variance,1518432.41,1.56658,-0.009937
2020-08-12,Minimum Variance,1545335.2,1.594336,0.017717
2020-08-13,Minimum Variance,1537646.15,1.586403,-0.004976
2020-08-14,Minimum Variance,1534159.98,1.582807,-0.002267
2020-08-17,Minimum Variance,1538124.39,1.586897,0.002584
2020-08-18,Minimum Variance,1562933.99,1.612493,0.01613
2020-08-19,Minimum Variance,1554711.39,1.60401,-0.005261
2020-08-20,Minimum Variance,1564023.65,1.613617,0.00599
2020-08-21,Minimum Variance,1569898.15,1.619678,0.003756
2020-08-24,Minimum Variance,1582481.07,1.63266,0.008015
2020-08-25,Minimum Variance,1588909.51,1.639292,0.004062
2020-08-26,Minimum Variance,1601522.21,1.652305,0.007938
2020-08-27,Minimum Variance,1601278.65,1.652054,-0.000152
2020-08-28,Minimum Variance,1606762.61,1.657712,0.003425
2020-08-31,Minimum Variance,1610671.05,1.661744,0.002432
2020-09-01,Minimum Variance,1608642.72,1.659651,-0.001236
2020-09-02,Minimum Variance,1631291.89,1.683019,0.01408
2020-09-03,Minimum Variance,1585959.78,1.636249,-0.027789
2020-09-04,Minimum Variance,1573421.97,1.623314,-0.007906
2020-09-08,Minimum Variance,1545598.3,1.594608,-0.017684
2020-09-09,Minimum Variance,1577374.68,1.627392,0.020559
2020-09-10,Minimum Variance,1548104.9,1.597194,-0.018556
2020-09-11,Minimum Variance,1548059.16,1.597147,-3e-05
2020-09-14,Minimum Variance,1552303.88,1.601526,0.002742
2020-09-15,Minimum Variance,1560865.47,1.610359,0.005515
2020-09-16,Minimum Variance,1547710.95,1.596787,-0.008428
2020-09-17,Minimum Variance,1532443.26,1.581036,-0.009865
2020-09-18,Minimum Variance,1533693.6,1.582326,0.000816
2020-09-21,Minimum Variance,1510726.84,1.558631,-0.014975
2020-09-22,Minimum Variance,1532271.12,1.580858,0.014261
2020-09-23,Minimum Variance,1508725.2,1.556565,-0.015367
2020-09-24,Minimum Variance,1512279.38,1.560232,0.002356
2020-09-25,Minimum Variance,1529565.55,1.578067,0.011431
2020-09-28,Minimum Variance,1548892.67,1.598007,0.012636
2020-09-29,Minimum Variance,1539534.15,1.588351,-0.006042
2020-09-30,Minimum Variance,1553845.41,1.603116,0.009296
2020-10-01,Minimum Variance,1553307.61,1.602562,-0.000257
2020-10-02,Minimum Variance,1535784.76,1.584483,-0.011281
2020-10-05,Minimum Variance,1556409.58,1.605762,0.01343
2020-10-06,Minimum Variance,1534872.07,1.583541,-0.013838
2020-10-07,Minimum Variance,1559846.38,1.609308,0.016271
2020-10-08,Minimum Variance,1569597.1,1.619368,0.006251
2020-10-09,Minimum Variance,1592949.11,1.64346,0.014878
2020-10-12,Minimum Variance,1616351.74,1.667605,0.014691
2020-10-13,Minimum Variance,1594883.46,1.645456,-0.013282
2020-10-14,Minimum Variance,1582838.67,1.633029,-0.007552
2020-10-15,Minimum Variance,1576413.63,1.6264,-0.004059
2020-10-16,Minimum Variance,1574449.12,1.624373,-0.001246
2020-10-19,Minimum Variance,1542108.71,1.591008,-0.020541
2020-10-20,Minimum Variance,1546977.45,1.596031,0.003157
2020-10-21,Minimum Variance,1541916.04,1.590809,-0.003272
2020-10-22,Minimum Variance,1545410.64,1.594414,0.002266
2020-10-23,Minimum Variance,1552732.22,1.601968,0.004738
2020-10-26,Minimum Variance,1540046.54,1.58888,-0.00817
2020-10-27,Minimum Variance,1541018.39,1.589883,0.000631
2020-10-28,Minimum Variance,1490962.16,1.538239,-0.032483
2020-10-29,Minimum Variance,1492687.01,1.540019,0.001157
2020-10-30,Minimum Variance,1473065.8,1.519775,-0.013145
2020-11-02,Minimum Variance,1483047.3,1.530073,0.006836
2020-11-03,Minimum Variance,1495520.05,1.542942,0.00841
2020-11-04,Minimum Variance,1524936.91,1.573291,0.01967
2020-11-05,Minimum Variance,1538239.07,1.587015,0.008723
2020-11-06,Minimum Variance,1549708.48,1.598848,0.007456
2020-11-09,Minimum Variance,1554456.75,1.603747,0.003064
2020-11-10,Minimum Variance,1568685.34,1.618427,0.009153
2020-11-11,Minimum Variance,1579363.78,1.629444,0.006807
2020-11-12,Minimum Variance,1573899.71,1.623807,-0.00346
2020-11-13,Minimum Variance,1591019.27,1.641469,0.010877
2020-11-16,Minimum Variance,1597079.38,1.647721,0.003809
2020-11-17,Minimum Variance,1590893.36,1.641339,-0.003873
2020-11-18,Minimum Variance,1570673.67,1.620478,-0.01271
2020-11-19,Minimum Variance,1571487.37,1.621318,0.000518
2020-11-20,Minimum Variance,1563985.87,1.613578,-0.004774
2020-11-23,Minimum Variance,1559063.74,1.6085,-0.003147
2020-11-24,Minimum Variance,1566213.69,1.615877,0.004586
2020-11-25,Minimum Variance,1572000.25,1.621847,0.003695
2020-11-27,Minimum Variance,1573442.94,1.623335,0.000918
2020-11-30,Minimum Variance,1569903.04,1.619683,-0.00225
2020-12-01,Minimum Variance,1588250.73,1.638613,0.01172
2020-12-02,Minimum Variance,1587705.18,1.63805,-0.000343
2020-12-03,Minimum Variance,1587340.38,1.637673,-0.00023
2020-12-04,Minimum Variance,1592259.67,1.642749,0.003099
2020-12-07,Minimum Variance,1584205.54,1.634439,-0.005058
2020-12-08,Minimum Variance,1596534.69,1.647159,0.007783
2020-12-09,Minimum Variance,1593350.98,1.643875,-0.001994
2020-12-10,Minimum Variance,1588279.51,1.638642,-0.003183
2020-12-11,Minimum Variance,1593503.61,1.644032,0.003289
2020-12-14,Minimum Variance,1575677.24,1.625641,-0.011187
2020-12-15,Minimum Variance,1589392.33,1.63979,0.008704
2020-12-16,Minimum Variance,1593133.45,1.64365,0.002354
2020-12-17,Minimum Variance,1614542.61,1.665738,0.013438
2020-12-18,Minimum Variance,1614612.04,1.66581,4.3e-05
2020-12-21,Minimum Variance,1604751.84,1.655637,-0.006107
2020-12-22,Minimum Variance,1598422.36,1.649107,-0.003944
2020-12-23,Minimum Variance,1595506.27,1.646098,-0.001824
2020-12-24,Minimum Variance,1603175.21,1.65401,0.004807
2020-12-28,Minimum Variance,1621877.66,1.673306,0.011666
2020-12-29,Minimum Variance,1630189.99,1.681882,0.005125
2020-12-30,Minimum Variance,1632770.85,1.684545,0.001583
2020-12-31,Minimum Variance,1642081.96,1.694151,0.005703
2021-01-04,Minimum Variance,1622635.45,1.674088,-0.011818
2021-01-05,Minimum Variance,1633968.76,1.68578,0.006985
2021-01-06,Minimum Variance,1638347.82,1.690298,0.00268
2021-01-07,Minimum Variance,1643367.09,1.695477,0.003064
2021-01-08,Minimum Variance,1645826.23,1.698014,0.001496
2021-01-11,Minimum Variance,1639390.67,1.691374,-0.00391
2021-01-12,Minimum Variance,1630798.3,1.682509,-0.005241
2021-01-13,Minimum Variance,1639092.75,1.691067,0.005086
2021-01-14,Minimum Variance,1642551.43,1.694635,0.00211
2021-01-15,Minimum Variance,1635275.86,1.687129,-0.004429
2021-01-19,Minimum Variance,1646455.11,1.698663,0.006836
2021-01-20,Minimum Variance,1656412.45,1.708936,0.006048
2021-01-21,Minimum Variance,1657572.05,1.710132,0.0007
2021-01-22,Minimum Variance,1659325.09,1.711941,0.001058
2021-01-25,Minimum Variance,1676466.71,1.729626,0.01033
2021-01-26,Minimum Variance,1696570.64,1.750367,0.011992
2021-01-27,Minimum Variance,1657325.23,1.709877,-0.023132
2021-01-28,Minimum Variance,1673627.55,1.726697,0.009837
2021-01-29,Minimum Variance,1638118.59,1.690062,-0.021217
2021-02-01,Minimum Variance,1653266.09,1.70569,0.009269
2021-02-02,Minimum Variance,1653739.04,1.706178,0.000286
2021-02-03,Minimum Variance,1645429.67,1.697605,-0.005025
2021-02-04,Minimum Variance,1658453.44,1.711041,0.007915
2021-02-05,Minimum Variance,1670075.92,1.723032,0.007008
2021-02-08,Minimum Variance,1672032.43,1.725051,0.001172
2021-02-09,Minimum Variance,1675887.14,1.729028,0.002305
2021-02-10,Minimum Variance,1675435.84,1.728562,-0.000269
2021-02-11,Minimum Variance,1670166.44,1.723126,-0.003145
2021-02-12,Minimum Variance,1676564.67,1.729727,0.003831
2021-02-16,Minimum Variance,1674638.16,1.727739,-0.001149
2021-02-17,Minimum Variance,1682471.52,1.735821,0.004678
2021-02-18,Minimum Variance,1683957.18,1.737354,0.000883
2021-02-19,Minimum Variance,1657081.31,1.709626,-0.01596
2021-02-22,Minimum Variance,1652326.23,1.70472,-0.00287
2021-02-23,Minimum Variance,1652617.72,1.705021,0.000176
2021-02-24,Minimum Variance,1661627.42,1.714316,0.005452
2021-02-25,Minimum Variance,1642040.9,1.694109,-0.011788
2021-02-26,Minimum Variance,1617986.31,1.669291,-0.014649
2021-03-01,Minimum Variance,1640770.88,1.692798,0.0141
2021-03-02,Minimum Variance,1632602.63,1.684371,-0.004978
2021-03-03,Minimum Variance,1613731.7,1.664902,-0.011559
2021-03-04,Minimum Variance,1588504.23,1.638874,-0.015633
2021-03-05,Minimum Variance,1624690.54,1.676208,0.02278
2021-03-08,Minimum Variance,1633794.51,1.685601,0.005604
2021-03-09,Minimum Variance,1645054.89,1.697218,0.006892
2021-03-10,Minimum Variance,1659152.89,1.711763,0.00857
2021-03-11,Minimum Variance,1659829.29,1.712461,0.000408
2021-03-12,Minimum Variance,1662365.79,1.715078,0.001528
2021-03-15,Minimum Variance,1652678.02,1.705083,-0.005828
2021-03-16,Minimum Variance,1654777.37,1.707249,0.00127
2021-03-17,Minimum Variance,1654932.09,1.707408,9.3e-05
2021-03-18,Minimum Variance,1643227.22,1.695332,-0.007073
2021-03-19,Minimum Variance,1642928.81,1.695025,-0.000182
2021-03-22,Minimum Variance,1654197.33,1.70665,0.006859
2021-03-23,Minimum Variance,1659761.0,1.71239,0.003363
2021-03-24,Minimum Variance,1660498.41,1.713151,0.000444
2021-03-25,Minimum Variance,1661581.0,1.714268,0.000652
2021-03-26,Minimum Variance,1686850.48,1.740339,0.015208
2021-03-29,Minimum Variance,1702224.48,1.7562,0.009114
2021-03-30,Minimum Variance,1689436.64,1.743007,-0.007512
2021-03-31,Minimum Variance,1688159.39,1.741689,-0.000756
2021-04-01,Minimum Variance,1689522.26,1.743095,0.000827
2021-04-05,Minimum Variance,1710187.75,1.764416,0.012232
2021-04-06,Minimum Variance,1709651.73,1.763863,-0.000313
2021-04-07,Minimum Variance,1717426.89,1.771885,0.004548
2021-04-08,Minimum Variance,1718542.81,1.773036,0.00065
2021-04-09,Minimum Variance,1720927.65,1.775497,0.001388
2021-04-12,Minimum Variance,1726108.83,1.780842,0.003011
2021-04-13,Minimum Variance,1714203.84,1.76856,-0.006897
2021-04-14,Minimum Variance,1711342.97,1.765608,-0.001669
2021-04-15,Minimum Variance,1725382.77,1.780093,0.008204
2021-04-16,Minimum Variance,1739242.09,1.794392,0.008033
2021-04-19,Minimum Variance,1734253.09,1.789245,-0.002868
2021-04-20,Minimum Variance,1745271.5,1.800612,0.006353
2021-04-21,Minimum Variance,1751451.64,1.806989,0.003541
2021-04-22,Minimum Variance,1732273.2,1.787202,-0.01095
2021-04-23,Minimum Variance,1738431.46,1.793556,0.003555
2021-04-26,Minimum Variance,1730523.43,1.785397,-0.004549
2021-04-27,Minimum Variance,1729336.92,1.784173,-0.000686
2021-04-28,Minimum Variance,1728153.24,1.782951,-0.000684
2021-04-29,Minimum Variance,1747231.55,1.802635,0.01104
2021-04-30,Minimum Variance,1741056.13,1.796263,-0.003534
2021-05-03,Minimum Variance,1753251.12,1.808845,0.007007
2021-05-04,Minimum Variance,1755946.82,1.811626,0.001538
2021-05-05,Minimum Variance,1750562.79,1.806072,-0.003066
2021-05-06,Minimum Variance,1770341.37,1.826477,0.011298
2021-05-07,Minimum Variance,1773585.15,1.829824,0.001832
2021-05-10,Minimum Variance,1778224.28,1.83461,0.002616
2021-05-11,Minimum Variance,1767024.03,1.823055,-0.006299
2021-05-12,Minimum Variance,1748837.02,1.804291,-0.010292
2021-05-13,Minimum Variance,1768204.93,1.824273,0.011075
2021-05-14,Minimum Variance,1781634.07,1.838128,0.007595
2021-05-17,Minimum Variance,1784650.69,1.84124,0.001693
2021-05-18,Minimum Variance,1774450.65,1.830717,-0.005715
2021-05-19,Minimum Variance,1772903.27,1.82912,-0.000872
2021-05-20,Minimum Variance,1783941.04,1.840508,0.006226
2021-05-21,Minimum Variance,1780052.78,1.836497,-0.00218
2021-05-24,Minimum Variance,1789637.4,1.846385,0.005384
2021-05-25,Minimum Variance,1787197.22,1.843868,-0.001364
2021-05-26,Minimum Variance,1784006.62,1.840576,-0.001785
2021-05-27,Minimum Variance,1771930.58,1.828117,-0.006769
2021-05-28,Minimum Variance,1772752.5,1.828965,0.000464
2021-06-01,Minimum Variance,1752731.41,1.808309,-0.011281
2021-06-02,Minimum Variance,1759030.5,1.814808,0.003594
2021-06-03,Minimum Variance,1763778.12,1.819706,0.002699
2021-06-04,Minimum Variance,1766298.0,1.822306,0.001429
2021-06-07,Minimum Variance,1765916.39,1.821912,-0.000216
2021-06-08,Minimum Variance,1762235.67,1.818115,-0.002084
2021-06-09,Minimum Variance,1773257.68,1.829486,0.006255
2021-06-10,Minimum Variance,1787149.22,1.843818,0.007834
2021-06-11,Minimum Variance,1775581.22,1.831883,-0.006473
2021-06-14,Minimum Variance,1777938.79,1.834316,0.001328
2021-06-15,Minimum Variance,1773452.85,1.829687,-0.002523
2021-06-16,Minimum Variance,1769295.37,1.825398,-0.002344
2021-06-17,Minimum Variance,1778660.79,1.83506,0.005293
2021-06-18,Minimum Variance,1753581.55,1.809186,-0.0141
2021-06-21,Minimum Variance,1765473.79,1.821455,0.006782
2021-06-22,Minimum Variance,1769380.1,1.825486,0.002213
2021-06-23,Minimum Variance,1760797.34,1.816631,-0.004851
2021-06-24,Minimum Variance,1764448.19,1.820397,0.002073
2021-06-25,Minimum Variance,1771102.64,1.827263,0.003771
2021-06-28,Minimum Variance,1773172.21,1.829398,0.001169
2021-06-29,Minimum Variance,1770847.0,1.826999,-0.001311
2021-06-30,Minimum Variance,1776411.53,1.83274,0.003142
2021-07-01,Minimum Variance,1784380.66,1.840962,0.004505
2021-07-02,Minimum Variance,1805225.09,1.862467,0.011682
2021-07-06,Minimum Variance,1816789.84,1.874399,0.006406
2021-07-07,Minimum Variance,1829846.6,1.887869,0.007187
2021-07-08,Minimum Variance,1825775.34,1.883669,-0.002225
2021-07-09,Minimum Variance,1834995.61,1.893182,0.00505
2021-07-12,Minimum Variance,1834021.75,1.892177,-0.000531
2021-07-13,Minimum Variance,1827310.25,1.885253,-0.003659
2021-07-14,Minimum Variance,1834168.27,1.892328,0.003753
2021-07-15,Minimum Variance,1825319.95,1.883199,-0.004824
2021-07-16,Minimum Variance,1820339.53,1.878061,-0.002729
2021-07-19,Minimum Variance,1806838.56,1.864132,-0.007417
2021-07-20,Minimum Variance,1818789.38,1.876462,0.006614
2021-07-21,Minimum Variance,1827007.74,1.88494,0.004519
2021-07-22,Minimum Variance,1830261.07,1.888297,0.001781
2021-07-23,Minimum Variance,1847311.39,1.905888,0.009316
2021-07-26,Minimum Variance,1853546.71,1.912321,0.003375
2021-07-27,Minimum Variance,1853477.06,1.912249,-3.8e-05
2021-07-28,Minimum Variance,1843397.63,1.90185,-0.005438
2021-07-29,Minimum Variance,1844235.03,1.902714,0.000454
2021-07-30,Minimum Variance,1821940.52,1.879713,-0.012089
2021-08-02,Minimum Variance,1822195.07,1.879975,0.000162
2021-08-03,Minimum Variance,1846944.95,1.90551,0.013582
2021-08-04,Minimum Variance,1835326.06,1.893523,-0.006291
2021-08-05,Minimum Variance,1841265.3,1.89965,0.003236
2021-08-06,Minimum Variance,1839418.15,1.897744,-0.001003
2021-08-09,Minimum Variance,1846562.98,1.905116,0.003884
2021-08-10,Minimum Variance,1847526.03,1.906109,0.000522
2021-08-11,Minimum Variance,1847196.01,1.905769,-0.000179
2021-08-12,Minimum Variance,1853314.44,1.912081,0.003312
2021-08-13,Minimum Variance,1855429.65,1.914264,0.001141
2021-08-16,Minimum Variance,1868164.67,1.927402,0.006864
2021-08-17,Minimum Variance,1868826.39,1.928085,0.000354
2021-08-18,Minimum Variance,1846903.11,1.905467,-0.011731
2021-08-19,Minimum Variance,1854296.76,1.913095,0.004003
2021-08-20,Minimum Variance,1859384.64,1.918344,0.002744
2021-08-23,Minimum Variance,1861486.0,1.920512,0.00113
2021-08-24,Minimum Variance,1853592.81,1.912369,-0.00424
2021-08-25,Minimum Variance,1849037.01,1.907668,-0.002458
2021-08-26,Minimum Variance,1843490.51,1.901946,-0.003
2021-08-27,Minimum Variance,1846682.48,1.905239,0.001731
2021-08-30,Minimum Variance,1858350.03,1.917277,0.006318
2021-08-31,Minimum Variance,1859026.52,1.917975,0.000364
2021-09-01,Minimum Variance,1865574.04,1.92473,0.003528
2021-09-02,Minimum Variance,1868934.99,1.928197,0.001802
2021-09-03,Minimum Variance,1867082.08,1.926286,-0.000991
2021-09-07,Minimum Variance,1853612.77,1.912389,-0.007214
2021-09-08,Minimum Variance,1857524.26,1.916425,0.00211
2021-09-09,Minimum Variance,1832505.97,1.890613,-0.013469
2021-09-10,Minimum Variance,1825804.99,1.8837,-0.003657
2021-09-13,Minimum Variance,1827282.39,1.885224,0.000809
2021-09-14,Minimum Variance,1817207.08,1.874829,-0.005514
2021-09-15,Minimum Variance,1822751.11,1.880549,0.003051
2021-09-16,Minimum Variance,1818746.35,1.876417,-0.002197
2021-09-17,Minimum Variance,1813801.2,1.871315,-0.002719
2021-09-20,Minimum Variance,1792345.77,1.849179,-0.011829
2021-09-21,Minimum Variance,1792722.55,1.849568,0.00021
2021-09-22,Minimum Variance,1796298.83,1.853258,0.001995
2021-09-23,Minimum Variance,1811522.3,1.868964,0.008475
2021-09-24,Minimum Variance,1808306.23,1.865646,-0.001775
2021-09-27,Minimum Variance,1797272.17,1.854262,-0.006102
2021-09-28,Minimum Variance,1778563.99,1.834961,-0.010409
2021-09-29,Minimum Variance,1788819.05,1.845541,0.005766
2021-09-30,Minimum Variance,1765892.83,1.821888,-0.012816
2021-10-01,Minimum Variance,1764404.59,1.820352,-0.000832
2021-10-04,Minimum Variance,1743903.13,1.799201,-0.011619
2021-10-05,Minimum Variance,1757184.29,1.812903,0.007616
2021-10-06,Minimum Variance,1770219.69,1.826352,0.007418
2021-10-07,Minimum Variance,1787904.7,1.844598,0.00999
2021-10-08,Minimum Variance,1784857.62,1.841454,-0.001704
2021-10-11,Minimum Variance,1775458.5,1.831757,-0.005266
2021-10-12,Minimum Variance,1762056.08,1.817929,-0.007549
2021-10-13,Minimum Variance,1772623.63,1.828832,0.005997
2021-10-14,Minimum Variance,1787212.82,1.843884,0.00823
2021-10-15,Minimum Variance,1807792.26,1.865116,0.011515
2021-10-18,Minimum Variance,1799244.79,1.856297,-0.004728
2021-10-19,Minimum Variance,1812201.36,1.869665,0.007201
2021-10-20,Minimum Variance,1814255.09,1.871783,0.001133
2021-10-21,Minimum Variance,1810394.65,1.867801,-0.002128
2021-10-22,Minimum Variance,1809673.9,1.867057,-0.000398
2021-10-25,Minimum Variance,1811087.31,1.868515,0.000781
2021-10-26,Minimum Variance,1830767.36,1.888819,0.010866
2021-10-27,Minimum Variance,1818323.23,1.875981,-0.006797
2021-10-28,Minimum Variance,1826188.55,1.884095,0.004326
2021-10-29,Minimum Variance,1816545.26,1.874146,-0.005281
2021-11-01,Minimum Variance,1808294.92,1.865634,-0.004532
2021-11-02,Minimum Variance,1825577.32,1.883465,0.009557
2021-11-03,Minimum Variance,1837040.06,1.895291,0.006279
2021-11-04,Minimum Variance,1845373.03,1.903888,0.004536
2021-11-05,Minimum Variance,1846274.37,1.904818,0.000488
2021-11-08,Minimum Variance,1838080.2,1.896364,-0.004438
2021-11-09,Minimum Variance,1843947.62,1.902417,0.003192
2021-11-10,Minimum Variance,1845103.64,1.90361,0.000627
2021-11-11,Minimum Variance,1836936.75,1.895184,-0.004426
2021-11-12,Minimum Variance,1851511.73,1.910221,0.007934
2021-11-15,Minimum Variance,1848368.03,1.906978,-0.001698
2021-11-16,Minimum Variance,1842102.07,1.900513,-0.00339
2021-11-17,Minimum Variance,1843479.26,1.901934,0.000748
2021-11-18,Minimum Variance,1853422.65,1.912193,0.005394
2021-11-19,Minimum Variance,1851608.1,1.910321,-0.000979
2021-11-22,Minimum Variance,1842745.82,1.901178,-0.004786
2021-11-23,Minimum Variance,1857202.77,1.916093,0.007845
2021-11-24,Minimum Variance,1851522.49,1.910233,-0.003059
2021-11-26,Minimum Variance,1830693.39,1.888743,-0.01125
2021-11-29,Minimum Variance,1840640.87,1.899006,0.005434
2021-11-30,Minimum Variance,1798636.02,1.855669,-0.022821
2021-12-01,Minimum Variance,1804371.55,1.861587,0.003199
2021-12-02,Minimum Variance,1807585.13,1.864902,0.001781
2021-12-03,Minimum Variance,1816854.9,1.874466,0.005128
2021-12-06,Minimum Variance,1846506.92,1.905058,0.016321
2021-12-07,Minimum Variance,1861233.42,1.920251,0.007975
2021-12-08,Minimum Variance,1865183.49,1.924327,0.002122
2021-12-09,Minimum Variance,1870651.45,1.929968,0.002932
2021-12-10,Minimum Variance,1876535.79,1.936039,0.003146
2021-12-13,Minimum Variance,1892295.64,1.952299,0.008398
2021-12-14,Minimum Variance,1906917.56,1.967384,0.007727
2021-12-15,Minimum Variance,1925968.98,1.98704,0.009991
2021-12-16,Minimum Variance,1938596.23,2.000067,0.006556
2021-12-17,Minimum Variance,1901389.88,1.961681,-0.019192
2021-12-20,Minimum Variance,1888341.1,1.948219,-0.006863
2021-12-21,Minimum Variance,1898167.67,1.958357,0.005204
2021-12-22,Minimum Variance,1908580.13,1.969099,0.005486
2021-12-23,Minimum Variance,1913569.01,1.974247,0.002614
2021-12-27,Minimum Variance,1925421.42,1.986475,0.006194
2021-12-28,Minimum Variance,1934374.51,1.995712,0.00465
2021-12-29,Minimum Variance,1941686.97,2.003256,0.00378
2021-12-30,Minimum Variance,1939935.08,2.001449,-0.000902
2021-12-31,Minimum Variance,1931758.18,1.993012,-0.004215
2022-01-03,Minimum Variance,1941458.19,2.00302,0.005035
2022-01-04,Minimum Variance,1944292.8,2.005945,0.00146
2022-01-05,Minimum Variance,1944428.5,2.006085,7e-05
2022-01-06,Minimum Variance,1939735.91,2.001243,-0.002413
2022-01-07,Minimum Variance,1955148.01,2.017144,0.007945
2022-01-10,Minimum Variance,1942087.5,2.003669,-0.00668
2022-01-11,Minimum Variance,1940144.93,2.001665,-0.001
2022-01-12,Minimum Variance,1934736.1,1.996085,-0.002788
2022-01-13,Minimum Variance,1919558.67,1.980426,-0.007845
2022-01-14,Minimum Variance,1924936.34,1.985974,0.002802
2022-01-18,Minimum Variance,1901778.0,1.962082,-0.012031
2022-01-19,Minimum Variance,1901832.77,1.962138,2.9e-05
2022-01-20,Minimum Variance,1883262.82,1.942979,-0.009764
2022-01-21,Minimum Variance,1854757.33,1.91357,-0.015136
2022-01-24,Minimum Variance,1846301.35,1.904846,-0.004559
2022-01-25,Minimum Variance,1852448.43,1.911188,0.003329
2022-01-26,Minimum Variance,1850850.5,1.909539,-0.000863
2022-01-27,Minimum Variance,1861684.93,1.920717,0.005854
2022-01-28,Minimum Variance,1889165.64,1.949069,0.014761
2022-01-31,Minimum Variance,1905246.41,1.96566,0.008512
2022-02-01,Minimum Variance,1903441.59,1.963798,-0.000929
2022-02-02,Minimum Variance,1925010.9,1.986051,0.011332
2022-02-03,Minimum Variance,1895057.78,1.955148,-0.01556
2022-02-04,Minimum Variance,1930219.7,1.991425,0.018555
2022-02-07,Minimum Variance,1927318.93,1.988432,-0.001503
2022-02-08,Minimum Variance,1941151.91,2.002704,0.007177
2022-02-09,Minimum Variance,1941338.11,2.002896,9.6e-05
2022-02-10,Minimum Variance,1917390.03,1.978189,-0.012336
2022-02-11,Minimum Variance,1893759.74,1.953809,-0.012324
2022-02-14,Minimum Variance,1885358.37,1.945141,-0.004436
2022-02-15,Minimum Variance,1899467.2,1.959698,0.007483
2022-02-16,Minimum Variance,1905855.11,1.966288,0.003363
2022-02-17,Minimum Variance,1896027.03,1.956148,-0.005157
2022-02-18,Minimum Variance,1886008.43,1.945812,-0.005284
2022-02-22,Minimum Variance,1865020.83,1.924159,-0.011128
2022-02-23,Minimum Variance,1842155.69,1.900569,-0.01226
2022-02-24,Minimum Variance,1832245.3,1.890344,-0.00538
2022-02-25,Minimum Variance,1902674.74,1.963007,0.038439
2022-02-28,Minimum Variance,1892135.32,1.952133,-0.005539
2022-03-01,Minimum Variance,1871249.1,1.930585,-0.011004
2022-03-02,Minimum Variance,1891841.94,1.95183,0.011005
2022-03-03,Minimum Variance,1899867.74,1.960111,0.004242
2022-03-04,Minimum Variance,1899471.69,1.959702,-0.000208
2022-03-07,Minimum Variance,1881118.12,1.940767,-0.009662
2022-03-08,Minimum Variance,1840793.86,1.899164,-0.021436
2022-03-09,Minimum Variance,1865204.89,1.924349,0.013261
2022-03-10,Minimum Variance,1872584.03,1.931962,0.003956
2022-03-11,Minimum Variance,1864475.25,1.923596,-0.00433
2022-03-14,Minimum Variance,1875101.46,1.934559,0.005699
2022-03-15,Minimum Variance,1924903.0,1.98594,0.026559
2022-03-16,Minimum Variance,1934670.75,1.996017,0.005074
2022-03-17,Minimum Variance,1966223.21,2.02857,0.016309
2022-03-18,Minimum Variance,1964749.32,2.02705,-0.00075
2022-03-21,Minimum Variance,1980168.14,2.042957,0.007848
2022-03-22,Minimum Variance,1987492.16,2.050514,0.003699
2022-03-23,Minimum Variance,1976311.72,2.038979,-0.005625
2022-03-24,Minimum Variance,1986698.08,2.049694,0.005255
2022-03-25,Minimum Variance,2009094.51,2.072801,0.011273
2022-03-28,Minimum Variance,2026162.14,2.09041,0.008495
2022-03-29,Minimum Variance,2025955.23,2.090196,-0.000102
2022-03-30,Minimum Variance,2026633.99,2.090897,0.000335
2022-03-31,Minimum Variance,1999133.36,2.062524,-0.01357
2022-04-01,Minimum Variance,2011852.49,2.075646,0.00643
2022-04-04,Minimum Variance,2004968.15,2.068544,-0.003422
2022-04-05,Minimum Variance,2001927.95,2.065407,-0.001516
2022-04-06,Minimum Variance,2018847.57,2.082863,0.008452
2022-04-07,Minimum Variance,2024609.18,2.088808,0.002854
2022-04-08,Minimum Variance,2030994.56,2.095396,0.003154
2022-04-11,Minimum Variance,2009395.25,2.073111,-0.010635
2022-04-12,Minimum Variance,2005652.84,2.06925,-0.001862
2022-04-13,Minimum Variance,2016593.01,2.080537,0.005455
2022-04-14,Minimum Variance,2000698.57,2.064139,-0.007882
2022-04-18,Minimum Variance,1991913.67,2.055075,-0.004391
2022-04-19,Minimum Variance,2033180.65,2.097651,0.020717
2022-04-20,Minimum Variance,2040118.61,2.104809,0.003412
2022-04-21,Minimum Variance,2017036.48,2.080995,-0.011314
2022-04-22,Minimum Variance,1984705.42,2.047639,-0.016029
2022-04-25,Minimum Variance,2010781.8,2.074542,0.013139
2022-04-26,Minimum Variance,1974453.37,2.037061,-0.018067
2022-04-27,Minimum Variance,1961155.71,2.023342,-0.006735
2022-04-28,Minimum Variance,1999373.69,2.062772,0.019487
2022-04-29,Minimum Variance,1920060.56,1.980944,-0.039669
2022-05-02,Minimum Variance,1901788.38,1.962092,-0.009469
2022-05-03,Minimum Variance,1895155.48,1.955249,-0.003488
2022-05-04,Minimum Variance,1922042.09,1.982988,0.014187
2022-05-05,Minimum Variance,1868463.86,1.927711,-0.027876
2022-05-06,Minimum Variance,1869811.29,1.929101,0.000721
2022-05-09,Minimum Variance,1845817.85,1.904347,-0.012832
2022-05-10,Minimum Variance,1841673.03,1.900071,-0.002246
2022-05-11,Minimum Variance,1823076.13,1.880884,-0.010098
2022-05-12,Minimum Variance,1828277.47,1.88625,0.002853
2022-05-13,Minimum Variance,1849312.05,1.907952,0.011505
2022-05-16,Minimum Variance,1854317.43,1.913116,0.002707
2022-05-17,Minimum Variance,1874288.88,1.933721,0.01077
2022-05-18,Minimum Variance,1801874.24,1.85901,-0.038636
2022-05-19,Minimum Variance,1782072.88,1.838581,-0.010989
2022-05-20,Minimum Variance,1796491.79,1.853457,0.008091
2022-05-23,Minimum Variance,1828463.1,1.886442,0.017797
2022-05-24,Minimum Variance,1835129.5,1.89332,0.003646
2022-05-25,Minimum Variance,1828689.71,1.886676,-0.003509
2022-05-26,Minimum Variance,1848662.49,1.907282,0.010922
2022-05-27,Minimum Variance,1881785.15,1.941455,0.017917
2022-05-31,Minimum Variance,1879239.67,1.938829,-0.001353
2022-06-01,Minimum Variance,1864717.9,1.923846,-0.007663
2022-06-02,Minimum Variance,1877481.85,1.937015,0.006845
2022-06-03,Minimum Variance,1860302.78,1.919291,-0.00915
2022-06-06,Minimum Variance,1865513.05,1.924667,0.002801
2022-06-07,Minimum Variance,1879687.46,1.939291,0.007598
2022-06-08,Minimum Variance,1860992.93,1.920003,-0.009946
2022-06-09,Minimum Variance,1816530.71,1.874131,-0.023892
2022-06-10,Minimum Variance,1783892.18,1.840458,-0.017968
2022-06-13,Minimum Variance,1736899.84,1.791975,-0.026343
2022-06-14,Minimum Variance,1706268.82,1.760373,-0.017635
2022-06-15,Minimum Variance,1723210.41,1.777852,0.009929
2022-06-16,Minimum Variance,1701631.41,1.755589,-0.012523
2022-06-17,Minimum Variance,1699475.88,1.753365,-0.001267
2022-06-21,Minimum Variance,1738866.37,1.794004,0.023178
2022-06-22,Minimum Variance,1754007.78,1.809626,0.008708
2022-06-23,Minimum Variance,1784911.28,1.841509,0.017619
2022-06-24,Minimum Variance,1826289.94,1.8842,0.023182
2022-06-27,Minimum Variance,1817097.02,1.874715,-0.005034
2022-06-28,Minimum Variance,1772042.98,1.828233,-0.024795
2022-06-29,Minimum Variance,1777968.54,1.834346,0.003344
2022-06-30,Minimum Variance,1777499.52,1.833862,-0.000264
2022-07-01,Minimum Variance,1806274.71,1.86355,0.016249
2022-07-05,Minimum Variance,1800679.3,1.857777,-0.003098
2022-07-06,Minimum Variance,1806327.43,1.863604,0.003137
2022-07-07,Minimum Variance,1816964.99,1.874579,0.005889
2022-07-08,Minimum Variance,1813921.01,1.871439,-0.001675
2022-07-11,Minimum Variance,1807098.07,1.864399,-0.003761
2022-07-12,Minimum Variance,1785025.67,1.841627,-0.012214
2022-07-13,Minimum Variance,1788964.2,1.845691,0.002206
2022-07-14,Minimum Variance,1784874.56,1.841471,-0.002286
2022-07-15,Minimum Variance,1806299.12,1.863575,0.012003
2022-07-18,Minimum Variance,1782654.56,1.839181,-0.01309
2022-07-19,Minimum Variance,1794325.59,1.851222,0.006547
2022-07-20,Minimum Variance,1794216.59,1.85111,-6.1e-05
2022-07-21,Minimum Variance,1801107.86,1.858219,0.003841
2022-07-22,Minimum Variance,1806427.72,1.863708,0.002954
2022-07-25,Minimum Variance,1813362.18,1.870862,0.003839
2022-07-26,Minimum Variance,1804053.15,1.861258,-0.005134
2022-07-27,Minimum Variance,1824911.92,1.882778,0.011562
2022-07-28,Minimum Variance,1844616.44,1.903108,0.010798
2022-07-29,Minimum Variance,1852243.63,1.910977,0.004135
2022-08-01,Minimum Variance,1855865.81,1.914714,0.001973
2022-08-02,Minimum Variance,1841689.39,1.900088,-0.007639
2022-08-03,Minimum Variance,1867052.05,1.926255,0.013771
2022-08-04,Minimum Variance,1853449.15,1.91222,-0.007286
2022-08-05,Minimum Variance,1847296.75,1.905873,-0.003319
2022-08-08,Minimum Variance,1843816.46,1.902282,-0.001884
2022-08-09,Minimum Variance,1842038.21,1.900448,-0.000964
2022-08-10,Minimum Variance,1859682.76,1.918652,0.009579
2022-08-11,Minimum Variance,1841027.7,1.899405,-0.010031
2022-08-12,Minimum Variance,1849648.46,1.908299,0.004683
2022-08-15,Minimum Variance,1859660.47,1.918629,0.005413
2022-08-16,Minimum Variance,1875909.86,1.935393,0.008738
2022-08-17,Minimum Variance,1868533.63,1.927783,-0.003932
2022-08-18,Minimum Variance,1868411.25,1.927657,-6.5e-05
2022-08-19,Minimum Variance,1865899.31,1.925065,-0.001344
2022-08-22,Minimum Variance,1844158.86,1.902635,-0.011651
2022-08-23,Minimum Variance,1832301.29,1.890402,-0.00643
2022-08-24,Minimum Variance,1833751.34,1.891898,0.000791
2022-08-25,Minimum Variance,1852001.05,1.910726,0.009952
2022-08-26,Minimum Variance,1807297.08,1.864605,-0.024138
2022-08-29,Minimum Variance,1796067.21,1.853019,-0.006214
2022-08-30,Minimum Variance,1782012.47,1.838518,-0.007825
2022-08-31,Minimum Variance,1760514.74,1.816339,-0.012064
2022-09-01,Minimum Variance,1786529.06,1.843178,0.014813
2022-09-02,Minimum Variance,1762016.43,1.817888,-0.013721
2022-09-06,Minimum Variance,1756507.0,1.812204,-0.003127
2022-09-07,Minimum Variance,1777586.95,1.833953,0.012001
2022-09-08,Minimum Variance,1787991.58,1.844687,0.005853
2022-09-09,Minimum Variance,1805516.02,1.862767,0.009801
2022-09-12,Minimum Variance,1817343.24,1.87497,0.006551
2022-09-13,Minimum Variance,1760435.94,1.816258,-0.031313
2022-09-14,Minimum Variance,1780945.68,1.837418,0.01165
2022-09-15,Minimum Variance,1771235.12,1.827399,-0.005452
2022-09-16,Minimum Variance,1776535.07,1.832867,0.002992
2022-09-19,Minimum Variance,1776366.43,1.832693,-9.5e-05
2022-09-20,Minimum Variance,1761979.39,1.81785,-0.008099
2022-09-21,Minimum Variance,1734085.43,1.789072,-0.015831
2022-09-22,Minimum Variance,1745020.39,1.800353,0.006306
2022-09-23,Minimum Variance,1734561.83,1.789563,-0.005993
2022-09-26,Minimum Variance,1727046.03,1.781809,-0.004333
2022-09-27,Minimum Variance,1714337.59,1.768698,-0.007358
2022-09-28,Minimum Variance,1739357.78,1.794511,0.014595
2022-09-29,Minimum Variance,1712242.0,1.766536,-0.01559
2022-09-30,Minimum Variance,1691364.62,1.744996,-0.012193
2022-10-03,Minimum Variance,1713248.52,1.767574,0.012962
2022-10-04,Minimum Variance,1749191.41,1.804657,0.020979
2022-10-05,Minimum Variance,1745691.88,1.801046,-0.002001
2022-10-06,Minimum Variance,1720579.07,1.775137,-0.014386
2022-10-07,Minimum Variance,1687406.37,1.740912,-0.01928
2022-10-10,Minimum Variance,1681045.2,1.73435,-0.00377
2022-10-11,Minimum Variance,1690090.61,1.743682,0.005381
2022-10-12,Minimum Variance,1687466.11,1.740974,-0.001553
2022-10-13,Minimum Variance,1719640.42,1.774169,0.019067
2022-10-14,Minimum Variance,1697676.76,1.751509,-0.012772
2022-10-17,Minimum Variance,1732158.71,1.787084,0.020311
2022-10-18,Minimum Variance,1743054.79,1.798325,0.00629
2022-10-19,Minimum Variance,1737163.25,1.792247,-0.00338
2022-10-20,Minimum Variance,1728040.29,1.782835,-0.005252
2022-10-21,Minimum Variance,1767670.47,1.823722,0.022934
2022-10-24,Minimum Variance,1787679.02,1.844365,0.011319
2022-10-25,Minimum Variance,1795161.71,1.852085,0.004186
2022-10-26,Minimum Variance,1797432.26,1.854427,0.001265
2022-10-27,Minimum Variance,1791820.64,1.848638,-0.003122
2022-10-28,Minimum Variance,1814163.38,1.871689,0.012469
2022-10-31,Minimum Variance,1802043.89,1.859185,-0.00668
2022-11-01,Minimum Variance,1787206.62,1.843877,-0.008182
2022-11-02,Minimum Variance,1754166.17,1.809789,-0.018487
2022-11-03,Minimum Variance,1743345.57,1.798625,-0.006169
2022-11-04,Minimum Variance,1762043.17,1.817916,0.010725
2022-11-07,Minimum Variance,1778607.4,1.835005,0.009401
2022-11-08,Minimum Variance,1784893.71,1.841491,0.003534
2022-11-09,Minimum Variance,1761778.6,1.817643,-0.01295
2022-11-10,Minimum Variance,1824315.23,1.882163,0.035496
2022-11-11,Minimum Variance,1816427.01,1.874024,-0.004324
2022-11-14,Minimum Variance,1823838.09,1.88167,0.00408
2022-11-15,Minimum Variance,1826211.43,1.884119,0.001301
2022-11-16,Minimum Variance,1829778.4,1.887799,0.001953
2022-11-17,Minimum Variance,1828168.24,1.886138,-0.00088
2022-11-18,Minimum Variance,1840470.96,1.898831,0.00673
2022-11-21,Minimum Variance,1846258.96,1.904802,0.003145
2022-11-22,Minimum Variance,1862278.38,1.92133,0.008677
2022-11-23,Minimum Variance,1867866.61,1.927095,0.003001
2022-11-25,Minimum Variance,1869422.48,1.9287,0.000833
2022-11-28,Minimum Variance,1864091.02,1.9232,-0.002852
2022-11-29,Minimum Variance,1853848.29,1.912632,-0.005495
2022-11-30,Minimum Variance,1887567.64,1.947421,0.018189
2022-12-01,Minimum Variance,1886165.98,1.945975,-0.00071
2022-12-02,Minimum Variance,1888501.37,1.948384,0.001238
2022-12-05,Minimum Variance,1868903.43,1.928165,-0.010378
2022-12-06,Minimum Variance,1846825.6,1.905387,-0.011813
2022-12-07,Minimum Variance,1853469.5,1.912241,0.003597
2022-12-08,Minimum Variance,1861649.49,1.920681,0.004413
2022-12-09,Minimum Variance,1849526.26,1.908173,-0.006512
2022-12-12,Minimum Variance,1874411.27,1.933847,0.013455
2022-12-13,Minimum Variance,1884533.83,1.944291,0.0054
2022-12-14,Minimum Variance,1884234.82,1.943982,-0.000159
2022-12-15,Minimum Variance,1854399.07,1.9132,-0.015834
2022-12-16,Minimum Variance,1840531.32,1.898893,-0.007478
2022-12-19,Minimum Variance,1833737.66,1.891884,-0.003691
2022-12-20,Minimum Variance,1838719.65,1.897024,0.002717
2022-12-21,Minimum Variance,1862799.49,1.921867,0.013096
2022-12-22,Minimum Variance,1847808.83,1.906401,-0.008047
2022-12-23,Minimum Variance,1860571.04,1.919568,0.006907
2022-12-27,Minimum Variance,1859822.25,1.918795,-0.000402
2022-12-28,Minimum Variance,1844222.92,1.902702,-0.008388
2022-12-29,Minimum Variance,1861376.34,1.920399,0.009301
2022-12-30,Minimum Variance,1854434.11,1.913236,-0.00373
2023-01-03,Minimum Variance,1862653.25,1.921716,0.004446
2023-01-04,Minimum Variance,1876168.78,1.93566,0.007256
2023-01-05,Minimum Variance,1860223.49,1.919209,-0.008499
2023-01-06,Minimum Variance,1890920.21,1.95088,0.016502
2023-01-09,Minimum Variance,1860494.97,1.91949,-0.01609
2023-01-10,Minimum Variance,1865631.15,1.924789,0.002761
2023-01-11,Minimum Variance,1876212.12,1.935705,0.005672
2023-01-12,Minimum Variance,1869978.89,1.929274,-0.003322
2023-01-13,Minimum Variance,1875130.57,1.934589,0.002755
2023-01-17,Minimum Variance,1862044.01,1.921088,-0.006979
2023-01-18,Minimum Variance,1827781.39,1.885739,-0.018401
2023-01-19,Minimum Variance,1811420.11,1.868859,-0.008951
2023-01-20,Minimum Variance,1821091.8,1.878837,0.005339
2023-01-23,Minimum Variance,1812851.97,1.870336,-0.004525
2023-01-24,Minimum Variance,1815509.18,1.873077,0.001466
2023-01-25,Minimum Variance,1822427.59,1.880215,0.003811
2023-01-26,Minimum Variance,1823934.03,1.881769,0.000827
2023-01-27,Minimum Variance,1820124.24,1.877839,-0.002089
2023-01-30,Minimum Variance,1786544.03,1.843194,-0.018449
2023-01-31,Minimum Variance,1807934.59,1.865263,0.011973
2023-02-01,Minimum Variance,1818693.4,1.876362,0.005964
2023-02-02,Minimum Variance,1827394.82,1.88534,0.004784
2023-02-03,Minimum Variance,1809170.65,1.866538,-0.009973
2023-02-06,Minimum Variance,1797230.44,1.854219,-0.0066
2023-02-07,Minimum Variance,1799716.78,1.856784,0.001383
2023-02-08,Minimum Variance,1787986.52,1.844682,-0.006518
2023-02-09,Minimum Variance,1768920.96,1.825012,-0.010663
2023-02-10,Minimum Variance,1782123.81,1.838633,0.007464
2023-02-13,Minimum Variance,1797818.01,1.854825,0.008806
2023-02-14,Minimum Variance,1788459.29,1.84517,-0.005206
2023-02-15,Minimum Variance,1774611.79,1.830883,-0.007743
2023-02-16,Minimum Variance,1755647.61,1.811318,-0.010686
2023-02-17,Minimum Variance,1775925.85,1.832239,0.01155
2023-02-21,Minimum Variance,1754754.34,1.810396,-0.011921
2023-02-22,Minimum Variance,1757083.47,1.812799,0.001327
2023-02-23,Minimum Variance,1755874.34,1.811551,-0.000688
2023-02-24,Minimum Variance,1741202.13,1.796414,-0.008356
2023-02-27,Minimum Variance,1739251.38,1.794401,-0.00112
2023-02-28,Minimum Variance,1722840.65,1.77747,-0.009436
2023-03-01,Minimum Variance,1717194.31,1.771645,-0.00326
2023-03-02,Minimum Variance,1727377.23,1.782151,0.00593
2023-03-03,Minimum Variance,1748477.32,1.80392,0.012215
2023-03-06,Minimum Variance,1756776.97,1.812483,0.004747
2023-03-07,Minimum Variance,1732522.13,1.787459,-0.013806
2023-03-08,Minimum Variance,1727059.08,1.781823,-0.003153
2023-03-09,Minimum Variance,1707375.28,1.761515,-0.011397
2023-03-10,Minimum Variance,1706147.69,1.760248,-0.000719
2023-03-13,Minimum Variance,1718546.07,1.77304,0.007267
2023-03-14,Minimum Variance,1735040.27,1.790057,0.009598
2023-03-15,Minimum Variance,1735016.69,1.790032,-1.4e-05
2023-03-16,Minimum Variance,1746101.54,1.801469,0.006389
2023-03-17,Minimum Variance,1728154.37,1.782953,-0.010278
2023-03-20,Minimum Variance,1749997.46,1.805488,0.01264
2023-03-21,Minimum Variance,1757537.81,1.813268,0.004309
2023-03-22,Minimum Variance,1734823.17,1.789833,-0.012924
2023-03-23,Minimum Variance,1732558.53,1.787496,-0.001305
2023-03-24,Minimum Variance,1749377.26,1.804848,0.009707
2023-03-27,Minimum Variance,1754628.73,1.810266,0.003002
2023-03-28,Minimum Variance,1749278.39,1.804746,-0.003049
2023-03-29,Minimum Variance,1766694.07,1.822714,0.009956
2023-03-30,Minimum Variance,1772984.34,1.829204,0.00356
2023-03-31,Minimum Variance,1790188.55,1.846954,0.009704
2023-04-03,Minimum Variance,1808522.35,1.865869,0.010256
2023-04-04,Minimum Variance,1819743.46,1.877446,0.006205
2023-04-05,Minimum Variance,1856958.89,1.915841,0.020451
2023-04-06,Minimum Variance,1860498.17,1.919493,0.001906
2023-04-10,Minimum Variance,1852117.48,1.910846,-0.004505
2023-04-11,Minimum Variance,1848544.29,1.90716,-0.001929
2023-04-12,Minimum Variance,1846184.91,1.904726,-0.001276
2023-04-13,Minimum Variance,1870636.62,1.929953,0.013244
2023-04-14,Minimum Variance,1868574.15,1.927825,-0.001103
2023-04-17,Minimum Variance,1870205.13,1.929508,0.000873
2023-04-18,Minimum Variance,1850324.47,1.908997,-0.01063
2023-04-19,Minimum Variance,1859481.41,1.918444,0.004949
2023-04-20,Minimum Variance,1865912.86,1.925079,0.003459
2023-04-21,Minimum Variance,1885789.41,1.945586,0.010652
2023-04-24,Minimum Variance,1893463.43,1.953503,0.004069
2023-04-25,Minimum Variance,1892330.37,1.952334,-0.000598
2023-04-26,Minimum Variance,1872437.57,1.931811,-0.010512
2023-04-27,Minimum Variance,1896048.26,1.95617,0.01261
2023-04-28,Minimum Variance,1896697.26,1.95684,0.000342
2023-05-01,Minimum Variance,1890914.61,1.950874,-0.003026
2023-05-02,Minimum Variance,1891759.3,1.951745,0.000447
2023-05-03,Minimum Variance,1879992.86,1.939606,-0.00622
2023-05-04,Minimum Variance,1869814.29,1.929104,-0.005414
2023-05-05,Minimum Variance,1882570.55,1.942265,0.006822
2023-05-08,Minimum Variance,1881729.22,1.941397,-0.000447
2023-05-09,Minimum Variance,1870206.24,1.929509,-0.006124
2023-05-10,Minimum Variance,1877668.33,1.937207,0.00399
2023-05-11,Minimum Variance,1876401.61,1.935901,-0.000675
2023-05-12,Minimum Variance,1877662.23,1.937201,0.000672
2023-05-15,Minimum Variance,1874400.05,1.933836,-0.001737
2023-05-16,Minimum Variance,1873609.49,1.93302,-0.000422
2023-05-17,Minimum Variance,1878352.12,1.937913,0.002531
2023-05-18,Minimum Variance,1874426.7,1.933863,-0.00209
2023-05-19,Minimum Variance,1877445.63,1.936978,0.001611
2023-05-22,Minimum Variance,1855165.75,1.913991,-0.011867
2023-05-23,Minimum Variance,1844528.57,1.903017,-0.005734
2023-05-24,Minimum Variance,1841160.48,1.899542,-0.001826
2023-05-25,Minimum Variance,1822005.31,1.879779,-0.010404
2023-05-26,Minimum Variance,1829466.03,1.887477,0.004095
2023-05-30,Minimum Variance,1824745.16,1.882606,-0.00258
2023-05-31,Minimum Variance,1821965.77,1.879739,-0.001523
2023-06-01,Minimum Variance,1830927.41,1.888984,0.004929
2023-06-02,Minimum Variance,1861802.46,1.920838,0.016863
2023-06-05,Minimum Variance,1866821.66,1.926017,0.002696
2023-06-06,Minimum Variance,1867788.96,1.927015,0.000518
2023-06-07,Minimum Variance,1866752.72,1.925946,-0.000555
2023-06-08,Minimum Variance,1886170.7,1.945979,0.010402
2023-06-09,Minimum Variance,1882939.64,1.942646,-0.001713
2023-06-12,Minimum Variance,1880262.86,1.939884,-0.001422
2023-06-13,Minimum Variance,1885753.29,1.945549,0.00292
2023-06-14,Minimum Variance,1892579.88,1.952592,0.00362
2023-06-15,Minimum Variance,1915759.7,1.976507,0.012248
2023-06-16,Minimum Variance,1917075.5,1.977864,0.000687
2023-06-20,Minimum Variance,1910752.75,1.971341,-0.003298
2023-06-21,Minimum Variance,1913950.08,1.97464,0.001673
2023-06-22,Minimum Variance,1929688.54,1.990877,0.008223
2023-06-23,Minimum Variance,1920571.43,1.981471,-0.004725
2023-06-26,Minimum Variance,1909821.42,1.97038,-0.005597
2023-06-27,Minimum Variance,1918088.96,1.97891,0.004329
2023-06-28,Minimum Variance,1915260.42,1.975992,-0.001475
2023-06-29,Minimum Variance,1921536.67,1.982467,0.003277
2023-06-30,Minimum Variance,1944354.44,2.006008,0.011875
2023-07-03,Minimum Variance,1936427.58,1.99783,-0.00407
2023-07-05,Minimum Variance,1932807.1,1.994095,-0.00187
2023-07-06,Minimum Variance,1918982.0,1.979831,-0.007153
2023-07-07,Minimum Variance,1897109.14,1.957265,-0.011398
2023-07-10,Minimum Variance,1897021.92,1.957175,-4.6e-05
2023-07-11,Minimum Variance,1893827.38,1.953879,-0.001684
2023-07-12,Minimum Variance,1898758.42,1.958966,0.002604
2023-07-13,Minimum Variance,1903018.37,1.963361,0.002244
2023-07-14,Minimum Variance,1908560.34,1.969079,0.002912
2023-07-17,Minimum Variance,1902536.87,1.962865,-0.003156
2023-07-18,Minimum Variance,1903391.48,1.963746,0.000449
2023-07-19,Minimum Variance,1906876.0,1.967341,0.001831
2023-07-20,Minimum Variance,1958910.0,2.021025,0.027288
2023-07-21,Minimum Variance,1975485.47,2.038126,0.008462
2023-07-24,Minimum Variance,1984486.65,2.047413,0.004556
2023-07-25,Minimum Variance,1990550.94,2.053669,0.003056
2023-07-26,Minimum Variance,1992080.77,2.055248,0.000769
2023-07-27,Minimum Variance,1990553.72,2.053672,-0.000767
2023-07-28,Minimum Variance,2013836.97,2.077694,0.011697
2023-07-31,Minimum Variance,1987021.22,2.050028,-0.013316
2023-08-01,Minimum Variance,1989825.02,2.052921,0.00145
2023-08-02,Minimum Variance,1988858.26,2.051923,-0.000486
2023-08-03,Minimum Variance,1997941.62,2.061295,0.004567
2023-08-04,Minimum Variance,1996214.6,2.059513,-0.000864
2023-08-07,Minimum Variance,2036076.75,2.100639,0.019969
2023-08-08,Minimum Variance,2044866.17,2.109707,0.004317
2023-08-09,Minimum Variance,2038172.32,2.102801,-0.003273
2023-08-10,Minimum Variance,2031185.75,2.095593,-0.003428
2023-08-11,Minimum Variance,2045805.64,2.110676,0.007198
2023-08-14,Minimum Variance,2043917.63,2.108728,-0.000923
2023-08-15,Minimum Variance,2028674.37,2.093002,-0.007458
2023-08-16,Minimum Variance,2014972.8,2.078866,-0.006754
2023-08-17,Minimum Variance,2017405.4,2.081375,0.001207
2023-08-18,Minimum Variance,2013058.91,2.076891,-0.002154
2023-08-21,Minimum Variance,1987267.67,2.050282,-0.012812
2023-08-22,Minimum Variance,1979148.54,2.041906,-0.004086
2023-08-23,Minimum Variance,1981218.47,2.044041,0.001046
2023-08-24,Minimum Variance,1975203.38,2.037835,-0.003036
2023-08-25,Minimum Variance,1995782.83,2.059067,0.010419
2023-08-28,Minimum Variance,1987784.69,2.050816,-0.004008
2023-08-29,Minimum Variance,1993662.43,2.05688,0.002957
2023-08-30,Minimum Variance,1994542.06,2.057787,0.000441
2023-08-31,Minimum Variance,1989799.41,2.052894,-0.002378
2023-09-01,Minimum Variance,1989395.75,2.052478,-0.000185
2023-09-05,Minimum Variance,1980321.12,2.043115,-0.004561
2023-09-06,Minimum Variance,1966129.67,2.028474,-0.007166
2023-09-07,Minimum Variance,1985357.62,2.048311,0.00978
2023-09-08,Minimum Variance,1990430.52,2.053545,0.002555
2023-09-11,Minimum Variance,2015027.12,2.078922,0.012357
2023-09-12,Minimum Variance,2013165.34,2.077001,-0.000924
2023-09-13,Minimum Variance,2022677.0,2.086814,0.004725
2023-09-14,Minimum Variance,2030150.93,2.094525,0.003695
2023-09-15,Minimum Variance,2004081.79,2.067629,-0.012841
2023-09-18,Minimum Variance,2013067.06,2.0769,0.004483
2023-09-19,Minimum Variance,2007193.77,2.07084,-0.002918
2023-09-20,Minimum Variance,2002413.03,2.065908,-0.002382
2023-09-21,Minimum Variance,1976966.18,2.039654,-0.012708
2023-09-22,Minimum Variance,1966875.74,2.029244,-0.005104
2023-09-25,Minimum Variance,1968160.25,2.030569,0.000653
2023-09-26,Minimum Variance,1947939.92,2.009707,-0.010274
2023-09-27,Minimum Variance,1932887.35,1.994177,-0.007727
2023-09-28,Minimum Variance,1925786.97,1.986852,-0.003673
2023-09-29,Minimum Variance,1912005.96,1.972634,-0.007156
2023-10-02,Minimum Variance,1905636.17,1.966062,-0.003317
2023-10-03,Minimum Variance,1895893.84,1.956011,-0.005112
2023-10-04,Minimum Variance,1898503.48,1.958703,0.001376
2023-10-05,Minimum Variance,1896891.85,1.957041,-0.000849
2023-10-06,Minimum Variance,1904895.28,1.965298,0.004219
2023-10-09,Minimum Variance,1910410.69,1.970988,0.002895
2023-10-10,Minimum Variance,1919690.53,1.980562,0.004858
2023-10-11,Minimum Variance,1904903.45,1.965306,-0.007703
2023-10-12,Minimum Variance,1905372.76,1.96579,0.000246
2023-10-13,Minimum Variance,1912582.6,1.973229,0.003784
2023-10-16,Minimum Variance,1926123.25,1.987199,0.00708
2023-10-17,Minimum Variance,1918462.79,1.979295,-0.003977
2023-10-18,Minimum Variance,1908964.08,1.969496,-0.004951
2023-10-19,Minimum Variance,1900757.26,1.961029,-0.004299
2023-10-20,Minimum Variance,1894131.43,1.954193,-0.003486
2023-10-23,Minimum Variance,1887068.83,1.946906,-0.003729
2023-10-24,Minimum Variance,1897556.66,1.957726,0.005558
2023-10-25,Minimum Variance,1890591.22,1.95054,-0.003671
2023-10-26,Minimum Variance,1869607.15,1.928891,-0.011099
2023-10-27,Minimum Variance,1848250.68,1.906857,-0.011423
2023-10-30,Minimum Variance,1874873.98,1.934324,0.014405
2023-10-31,Minimum Variance,1886868.95,1.9467,0.006398
2023-11-01,Minimum Variance,1893989.37,1.954046,0.003781
2023-11-02,Minimum Variance,1920268.88,1.981159,0.013875
2023-11-03,Minimum Variance,1921447.19,1.982375,0.000614
2023-11-06,Minimum Variance,1923911.5,1.984917,0.001283
2023-11-07,Minimum Variance,1920648.08,1.98155,-0.001696
2023-11-08,Minimum Variance,1915745.16,1.976492,-0.002553
2023-11-09,Minimum Variance,1899774.05,1.960014,-0.008337
2023-11-10,Minimum Variance,1909696.49,1.970251,0.005223
2023-11-13,Minimum Variance,1916184.92,1.976945,0.003398
2023-11-14,Minimum Variance,1923206.0,1.984189,0.003664
2023-11-15,Minimum Variance,1922936.5,1.983911,-0.00014
2023-11-16,Minimum Variance,1935345.54,1.996714,0.006453
2023-11-17,Minimum Variance,1932648.88,1.993931,-0.001393
2023-11-20,Minimum Variance,1939706.97,2.001213,0.003652
2023-11-21,Minimum Variance,1940026.07,2.001543,0.000165
2023-11-22,Minimum Variance,1947360.9,2.00911,0.003781
2023-11-24,Minimum Variance,1959011.44,2.02113,0.005983
2023-11-27,Minimum Variance,1950855.8,2.012716,-0.004163
2023-11-28,Minimum Variance,1954364.13,2.016335,0.001798
2023-11-29,Minimum Variance,1948993.36,2.010794,-0.002748
2023-11-30,Minimum Variance,1971350.45,2.03386,0.011471
2023-12-01,Minimum Variance,1984634.65,2.047566,0.006747
2023-12-04,Minimum Variance,1981461.22,2.044292,-0.001599
2023-12-05,Minimum Variance,1959746.71,2.021888,-0.010959
2023-12-06,Minimum Variance,1943606.76,2.005237,-0.008236
2023-12-07,Minimum Variance,1939442.18,2.00094,-0.002143
2023-12-08,Minimum Variance,1932916.38,1.994207,-0.003365
2023-12-11,Minimum Variance,1939092.04,2.000579,0.003195
2023-12-12,Minimum Variance,1942421.75,2.004014,0.001717
2023-12-13,Minimum Variance,1961173.41,2.02336,0.009654
2023-12-14,Minimum Variance,1947706.74,2.009467,-0.006867
2023-12-15,Minimum Variance,1937527.21,1.998964,-0.005226
2023-12-18,Minimum Variance,1956148.97,2.018177,0.009611
2023-12-19,Minimum Variance,1964171.33,2.026453,0.004101
2023-12-20,Minimum Variance,1929903.88,1.991099,-0.017446
2023-12-21,Minimum Variance,1942116.18,2.003699,0.006328
2023-12-22,Minimum Variance,1948790.82,2.010585,0.003437
2023-12-26,Minimum Variance,1955119.81,2.017115,0.003248
2023-12-27,Minimum Variance,1957141.35,2.0192,0.001034
2023-12-28,Minimum Variance,1955964.52,2.017986,-0.000601
2023-12-29,Minimum Variance,1957282.43,2.019346,0.000674
2024-01-02,Minimum Variance,1987421.41,2.050441,0.015407
2024-01-03,Minimum Variance,1994558.99,2.057805,0.003591
2024-01-04,Minimum Variance,1987229.0,2.050242,-0.003675
2024-01-05,Minimum Variance,1988392.97,2.051443,0.000586
2024-01-08,Minimum Variance,2000830.68,2.064275,0.006255
2024-01-09,Minimum Variance,2003642.98,2.067177,0.001406
2024-01-10,Minimum Variance,2010157.68,2.073898,0.003251
2024-01-11,Minimum Variance,2006797.48,2.070431,-0.001672
2024-01-12,Minimum Variance,2014838.79,2.078727,0.004007
2024-01-16,Minimum Variance,1995575.55,2.058853,-0.009561
2024-01-17,Minimum Variance,1991018.88,2.054152,-0.002283
2024-01-18,Minimum Variance,1995824.75,2.059111,0.002414
2024-01-19,Minimum Variance,2002968.88,2.066481,0.00358
2024-01-22,Minimum Variance,2008220.47,2.071899,0.002622
2024-01-23,Minimum Variance,2024526.19,2.088722,0.008119
2024-01-24,Minimum Variance,2021021.3,2.085106,-0.001731
2024-01-25,Minimum Variance,2043817.99,2.108626,0.01128
2024-01-26,Minimum Variance,2053097.8,2.1182,0.00454
2024-01-29,Minimum Variance,2053634.4,2.118753,0.000261
2024-01-30,Minimum Variance,2058396.54,2.123666,0.002319
2024-01-31,Minimum Variance,2048232.54,2.11318,-0.004938
2024-02-01,Minimum Variance,2060797.97,2.126144,0.006142
2024-02-02,Minimum Variance,2066525.18,2.132053,0.002779
2024-02-05,Minimum Variance,2064182.55,2.129636,-0.001134
2024-02-06,Minimum Variance,2080544.01,2.146516,0.007926
2024-02-07,Minimum Variance,2087350.42,2.153538,0.003271
2024-02-08,Minimum Variance,2079465.67,2.145404,-0.003777
2024-02-09,Minimum Variance,2080686.99,2.146664,0.000587
2024-02-12,Minimum Variance,2083766.8,2.149841,0.00148
2024-02-13,Minimum Variance,2066611.86,2.132142,-0.008233
2024-02-14,Minimum Variance,2067171.85,2.13272,0.000271
2024-02-15,Minimum Variance,2089573.84,2.155832,0.010837
2024-02-16,Minimum Variance,2094247.37,2.160654,0.002237
2024-02-20,Minimum Variance,2099836.77,2.166421,0.002669
2024-02-21,Minimum Variance,2115963.49,2.183059,0.00768
2024-02-22,Minimum Variance,2139334.02,2.20717,0.011045
2024-02-23,Minimum Variance,2149398.59,2.217554,0.004705
2024-02-26,Minimum Variance,2134532.69,2.202217,-0.006916
2024-02-27,Minimum Variance,2129889.94,2.197427,-0.002175
2024-02-28,Minimum Variance,2137649.56,2.205432,0.003643
2024-02-29,Minimum Variance,2134264.59,2.20194,-0.001583
2024-03-01,Minimum Variance,2141305.9,2.209205,0.003306
2024-03-04,Minimum Variance,2127485.92,2.194947,-0.006454
2024-03-05,Minimum Variance,2121608.8,2.188883,-0.002762
2024-03-06,Minimum Variance,2122860.45,2.190174,0.00059
2024-03-07,Minimum Variance,2127188.45,2.19464,0.002039
2024-03-08,Minimum Variance,2128325.92,2.195813,0.000535
2024-03-11,Minimum Variance,2137628.15,2.20541,0.004371
2024-03-12,Minimum Variance,2151787.26,2.220018,0.006624
2024-03-13,Minimum Variance,2150320.9,2.218506,-0.000681
2024-03-14,Minimum Variance,2141199.58,2.209095,-0.004242
2024-03-15,Minimum Variance,2131209.37,2.198788,-0.004666
2024-03-18,Minimum Variance,2125313.74,2.192705,-0.002766
2024-03-19,Minimum Variance,2130727.85,2.198291,0.002547
2024-03-20,Minimum Variance,2134910.41,2.202606,0.001963
2024-03-21,Minimum Variance,2132755.72,2.200383,-0.001009
2024-03-22,Minimum Variance,2128230.74,2.195715,-0.002122
2024-03-25,Minimum Variance,2123815.18,2.191159,-0.002075
2024-03-26,Minimum Variance,2127201.41,2.194653,0.001594
2024-03-27,Minimum Variance,2153924.0,2.222223,0.012562
2024-03-28,Minimum Variance,2158784.59,2.227238,0.002257
2024-04-01,Minimum Variance,2150182.77,2.218363,-0.003979
2024-04-02,Minimum Variance,2151230.9,2.219444,0.000487
2024-04-03,Minimum Variance,2120727.47,2.187974,-0.01418
2024-04-04,Minimum Variance,2102005.33,2.168658,-0.008828
2024-04-05,Minimum Variance,2114823.88,2.181883,0.006098
2024-04-08,Minimum Variance,2106854.19,2.173661,-0.003768
2024-04-09,Minimum Variance,2111273.97,2.178221,0.002098
2024-04-10,Minimum Variance,2099302.16,2.165869,-0.00567
2024-04-11,Minimum Variance,2087809.8,2.154012,-0.005474
2024-04-12,Minimum Variance,2070494.14,2.136148,-0.008294
2024-04-15,Minimum Variance,2065573.51,2.131071,-0.002377
2024-04-16,Minimum Variance,2045985.83,2.110862,-0.009483
2024-04-17,Minimum Variance,2050320.34,2.115334,0.002119
2024-04-18,Minimum Variance,2059664.15,2.124974,0.004557
2024-04-19,Minimum Variance,2073910.62,2.139672,0.006917
2024-04-22,Minimum Variance,2096023.72,2.162487,0.010663
2024-04-23,Minimum Variance,2105978.33,2.172757,0.004749
2024-04-24,Minimum Variance,2097731.42,2.164249,-0.003916
2024-04-25,Minimum Variance,2083902.27,2.149981,-0.006592
2024-04-26,Minimum Variance,2077175.6,2.143041,-0.003228
2024-04-29,Minimum Variance,2084646.01,2.150748,0.003596
2024-04-30,Minimum Variance,2070675.17,2.136334,-0.006702
2024-05-01,Minimum Variance,2110318.63,2.177235,0.019158
2024-05-02,Minimum Variance,2111231.57,2.178177,0.000433
2024-05-03,Minimum Variance,2109452.32,2.176341,-0.000843
2024-05-06,Minimum Variance,2115571.91,2.182655,0.002901
2024-05-07,Minimum Variance,2122551.18,2.189855,0.003299
2024-05-08,Minimum Variance,2120522.29,2.187762,-0.000956
2024-05-09,Minimum Variance,2134513.07,2.202197,0.006598
2024-05-10,Minimum Variance,2136859.39,2.204617,0.001099
2024-05-13,Minimum Variance,2138593.9,2.206407,0.000812
2024-05-14,Minimum Variance,2140091.52,2.207952,0.0007
2024-05-15,Minimum Variance,2154033.02,2.222335,0.006514
2024-05-16,Minimum Variance,2163122.88,2.231714,0.00422
2024-05-17,Minimum Variance,2170425.48,2.239248,0.003376
2024-05-20,Minimum Variance,2153481.84,2.221767,-0.007807
2024-05-21,Minimum Variance,2158790.47,2.227244,0.002465
2024-05-22,Minimum Variance,2166257.67,2.234948,0.003459
2024-05-23,Minimum Variance,2126871.69,2.194313,-0.018182
2024-05-24,Minimum Variance,2112385.09,2.179367,-0.006811
2024-05-28,Minimum Variance,2090487.86,2.156775,-0.010366
2024-05-29,Minimum Variance,2084721.2,2.150826,-0.002759
2024-05-30,Minimum Variance,2094398.19,2.16081,0.004642
2024-05-31,Minimum Variance,2114778.9,2.181837,0.009731
2024-06-03,Minimum Variance,2121241.74,2.188504,0.003078
2024-06-04,Minimum Variance,2124905.48,2.192284,0.001727
2024-06-05,Minimum Variance,2114536.71,2.181587,-0.00488
2024-06-06,Minimum Variance,2131984.48,2.199588,0.008251
2024-06-07,Minimum Variance,2131921.6,2.199523,-2.9e-05
2024-06-10,Minimum Variance,2135428.01,2.20314,0.001645
2024-06-11,Minimum Variance,2131173.67,2.198751,-0.001992
2024-06-12,Minimum Variance,2114364.99,2.18141,-0.007887
2024-06-13,Minimum Variance,2113951.09,2.180983,-0.000196
2024-06-14,Minimum Variance,2113781.8,2.180808,-8e-05
2024-06-17,Minimum Variance,2120170.65,2.187399,0.003022
2024-06-18,Minimum Variance,2123345.73,2.190675,0.001498
2024-06-20,Minimum Variance,2138324.98,2.206129,0.007055
2024-06-21,Minimum Variance,2147771.74,2.215876,0.004418
2024-06-24,Minimum Variance,2154963.73,2.223296,0.003349
2024-06-25,Minimum Variance,2138867.1,2.206689,-0.00747
2024-06-26,Minimum Variance,2145653.5,2.21369,0.003173
2024-06-27,Minimum Variance,2140653.54,2.208532,-0.00233
2024-06-28,Minimum Variance,2130947.73,2.198518,-0.004534
2024-07-01,Minimum Variance,2127625.29,2.19509,-0.001553
2024-07-02,Minimum Variance,2132556.06,2.200177,0.002317
2024-07-03,Minimum Variance,2126879.18,2.194321,-0.002662
2024-07-05,Minimum Variance,2143135.46,2.211092,0.007643
2024-07-08,Minimum Variance,2139010.03,2.206836,-0.001925
2024-07-09,Minimum Variance,2145622.27,2.213658,0.003091
2024-07-10,Minimum Variance,2167544.45,2.236275,0.010217
2024-07-11,Minimum Variance,2165176.49,2.233832,-0.001092
2024-07-12,Minimum Variance,2175663.37,2.244652,0.004843
2024-07-15,Minimum Variance,2173960.35,2.242895,-0.000783
2024-07-16,Minimum Variance,2196331.44,2.265975,0.01029
2024-07-17,Minimum Variance,2234146.12,2.304989,0.017217
2024-07-18,Minimum Variance,2212628.41,2.282789,-0.009631
2024-07-19,Minimum Variance,2201851.53,2.27167,-0.004871
2024-07-22,Minimum Variance,2201168.45,2.270965,-0.00031
2024-07-23,Minimum Variance,2186929.5,2.256275,-0.006469
2024-07-24,Minimum Variance,2205887.31,2.275834,0.008669
2024-07-25,Minimum Variance,2217473.35,2.287787,0.005252
2024-07-26,Minimum Variance,2235540.74,2.306428,0.008148
2024-07-29,Minimum Variance,2228216.16,2.298871,-0.003276
2024-07-30,Minimum Variance,2213679.19,2.283873,-0.006524
2024-07-31,Minimum Variance,2197979.61,2.267676,-0.007092
2024-08-01,Minimum Variance,2224126.3,2.294651,0.011911
2024-08-02,Minimum Variance,2233295.95,2.304112,0.004123
2024-08-05,Minimum Variance,2184744.34,2.254021,-0.02174
2024-08-06,Minimum Variance,2183727.39,2.252971,-0.000465
2024-08-07,Minimum Variance,2194822.19,2.264418,0.005081
2024-08-08,Minimum Variance,2223581.59,2.294089,0.013103
2024-08-09,Minimum Variance,2232271.7,2.303055,0.003908
2024-08-12,Minimum Variance,2213085.98,2.283261,-0.008595
2024-08-13,Minimum Variance,2214589.42,2.284812,0.000679
2024-08-14,Minimum Variance,2229343.98,2.300034,0.006662
2024-08-15,Minimum Variance,2241116.44,2.31218,0.005281
2024-08-16,Minimum Variance,2243405.34,2.314542,0.001021
2024-08-19,Minimum Variance,2251890.86,2.323296,0.003782
2024-08-20,Minimum Variance,2260886.35,2.332577,0.003995
2024-08-21,Minimum Variance,2265714.86,2.337559,0.002136
2024-08-22,Minimum Variance,2269103.14,2.341054,0.001495
2024-08-23,Minimum Variance,2280914.01,2.35324,0.005205
2024-08-26,Minimum Variance,2289567.37,2.362167,0.003794
2024-08-27,Minimum Variance,2284756.37,2.357204,-0.002101
2024-08-28,Minimum Variance,2287502.8,2.360037,0.001202
2024-08-29,Minimum Variance,2298407.69,2.371288,0.004767
2024-08-30,Minimum Variance,2328131.28,2.401954,0.012932
2024-09-03,Minimum Variance,2340678.23,2.414899,0.0054
2024-09-04,Minimum Variance,2341978.05,2.41624,0.000555
2024-09-05,Minimum Variance,2318512.87,2.392031,-0.010019
2024-09-06,Minimum Variance,2301888.27,2.374879,-0.00717
2024-09-09,Minimum Variance,2323570.69,2.397249,0.009419
2024-09-10,Minimum Variance,2332409.56,2.406368,0.003804
2024-09-11,Minimum Variance,2306891.65,2.380041,-0.010941
2024-09-12,Minimum Variance,2308627.81,2.381832,0.000753
2024-09-13,Minimum Variance,2310877.08,2.384153,0.000974
2024-09-16,Minimum Variance,2333757.71,2.407759,0.009901
2024-09-17,Minimum Variance,2335797.39,2.409863,0.000874
2024-09-18,Minimum Variance,2323665.59,2.397347,-0.005194
2024-09-19,Minimum Variance,2317440.27,2.390924,-0.002679
2024-09-20,Minimum Variance,2322163.29,2.395797,0.002038
2024-09-23,Minimum Variance,2320187.66,2.393759,-0.000851
2024-09-24,Minimum Variance,2315968.61,2.389406,-0.001818
2024-09-25,Minimum Variance,2294854.38,2.367622,-0.009117
2024-09-26,Minimum Variance,2298690.23,2.37158,0.001672
2024-09-27,Minimum Variance,2299858.06,2.372784,0.000508
2024-09-30,Minimum Variance,2305005.58,2.378095,0.002238
2024-10-01,Minimum Variance,2303474.57,2.376516,-0.000655
2024-10-02,Minimum Variance,2296669.78,2.369495,-0.002954
2024-10-03,Minimum Variance,2280876.44,2.353201,-0.006877
2024-10-04,Minimum Variance,2290617.28,2.363251,0.004271
2024-10-07,Minimum Variance,2268418.96,2.340348,-0.009691
2024-10-08,Minimum Variance,2273394.38,2.345482,0.002193
2024-10-09,Minimum Variance,2287812.31,2.360357,0.006342
2024-10-10,Minimum Variance,2287092.01,2.359614,-0.000315
2024-10-11,Minimum Variance,2309627.05,2.382863,0.009853
2024-10-14,Minimum Variance,2314251.9,2.387635,0.002002
2024-10-15,Minimum Variance,2327575.7,2.401381,0.005757
2024-10-16,Minimum Variance,2326431.09,2.4002,-0.000492
2024-10-17,Minimum Variance,2327595.67,2.401402,0.000501
2024-10-18,Minimum Variance,2331463.96,2.405393,0.001662
2024-10-21,Minimum Variance,2311582.22,2.38488,-0.008528
2024-10-22,Minimum Variance,2314887.93,2.388291,0.00143
2024-10-23,Minimum Variance,2319359.9,2.392905,0.001932
2024-10-24,Minimum Variance,2305946.58,2.379066,-0.005783
2024-10-25,Minimum Variance,2284976.06,2.357431,-0.009094
2024-10-28,Minimum Variance,2296772.81,2.369601,0.005163
2024-10-29,Minimum Variance,2279344.31,2.35162,-0.007588
2024-10-30,Minimum Variance,2273948.78,2.346054,-0.002367
2024-10-31,Minimum Variance,2254401.65,2.325887,-0.008596
2024-11-01,Minimum Variance,2265949.33,2.3378,0.00513
2024-11-04,Minimum Variance,2249096.21,2.320413,-0.007438
2024-11-05,Minimum Variance,2258966.29,2.330596,0.004388
2024-11-06,Minimum Variance,2265555.1,2.337394,0.002917
2024-11-07,Minimum Variance,2267611.27,2.339515,0.000908
2024-11-08,Minimum Variance,2282085.12,2.354448,0.006383
2024-11-11,Minimum Variance,2274571.24,2.346696,-0.003293
2024-11-12,Minimum Variance,2260678.0,2.332362,-0.006108
2024-11-13,Minimum Variance,2273773.5,2.345873,0.005793
2024-11-14,Minimum Variance,2262613.31,2.334359,-0.004908
2024-11-15,Minimum Variance,2270504.74,2.3425,0.003488
2024-11-18,Minimum Variance,2278526.58,2.350777,0.003533
2024-11-19,Minimum Variance,2267867.85,2.33978,-0.004678
2024-11-20,Minimum Variance,2272183.07,2.344232,0.001903
2024-11-21,Minimum Variance,2291363.57,2.364021,0.008441
2024-11-22,Minimum Variance,2304519.85,2.377594,0.005742
2024-11-25,Minimum Variance,2315993.19,2.389431,0.004979
2024-11-26,Minimum Variance,2332440.24,2.4064,0.007102
2024-11-27,Minimum Variance,2338179.03,2.412321,0.00246
2024-11-29,Minimum Variance,2339185.56,2.413359,0.00043
2024-12-02,Minimum Variance,2338533.03,2.412686,-0.000274
2024-12-03,Minimum Variance,2308283.62,2.381477,-0.012935
2024-12-04,Minimum Variance,2297617.83,2.370473,-0.004621
2024-12-05,Minimum Variance,2299956.37,2.372886,0.001018
2024-12-06,Minimum Variance,2295486.88,2.368275,-0.001943
2024-12-09,Minimum Variance,2276492.25,2.348678,-0.008275
2024-12-10,Minimum Variance,2277040.1,2.349243,0.000241
2024-12-11,Minimum Variance,2259314.63,2.330955,-0.007784
2024-12-12,Minimum Variance,2252768.87,2.324202,-0.002897
2024-12-13,Minimum Variance,2253212.33,2.32466,0.000197
2024-12-16,Minimum Variance,2236672.68,2.307596,-0.00734
2024-12-17,Minimum Variance,2246186.55,2.317411,0.004254
2024-12-18,Minimum Variance,2211753.85,2.281887,-0.015329
2024-12-19,Minimum Variance,2208290.48,2.278313,-0.001566
2024-12-20,Minimum Variance,2215434.29,2.285684,0.003235
2024-12-23,Minimum Variance,2225011.68,2.295565,0.004323
2024-12-24,Minimum Variance,2238388.88,2.309366,0.006012
2024-12-26,Minimum Variance,2239839.11,2.310862,0.000648
2024-12-27,Minimum Variance,2228270.21,2.298927,-0.005165
2024-12-30,Minimum Variance,2202114.77,2.271942,-0.011738
2019-01-03,Risk Parity,969265.49,1.0,-0.030735
2019-01-04,Risk Parity,1003441.19,1.035259,0.035259
2019-01-07,Risk Parity,1006805.4,1.03873,0.003353
2019-01-08,Risk Parity,1015991.14,1.048207,0.009124
2019-01-09,Risk Parity,1017363.6,1.049623,0.001351
2019-01-10,Risk Parity,1019180.1,1.051497,0.001786
2019-01-11,Risk Parity,1015203.01,1.047394,-0.003902
2019-01-14,Risk Parity,1006654.24,1.038574,-0.008421
2019-01-15,Risk Parity,1021994.27,1.054401,0.015239
2019-01-16,Risk Parity,1024266.05,1.056745,0.002223
2019-01-17,Risk Parity,1032371.67,1.065107,0.007914
2019-01-18,Risk Parity,1041995.35,1.075036,0.009322
2019-01-22,Risk Parity,1024658.87,1.05715,-0.016638
2019-01-23,Risk Parity,1032056.63,1.064782,0.00722
2019-01-24,Risk Parity,1028431.0,1.061042,-0.003513
2019-01-25,Risk Parity,1035846.79,1.068693,0.007211
2019-01-28,Risk Parity,1020792.23,1.053161,-0.014534
2019-01-29,Risk Parity,1019220.42,1.051539,-0.00154
2019-01-30,Risk Parity,1042332.86,1.075384,0.022677
2019-01-31,Risk Parity,1055984.58,1.089469,0.013097
2019-02-01,Risk Parity,1054740.05,1.088185,-0.001179
2019-02-04,Risk Parity,1059935.47,1.093545,0.004926
2019-02-05,Risk Parity,1065543.5,1.099331,0.005291
2019-02-06,Risk Parity,1058803.21,1.092377,-0.006326
2019-02-07,Risk Parity,1047880.87,1.081108,-0.010316
2019-02-08,Risk Parity,1048525.07,1.081773,0.000615
2019-02-11,Risk Parity,1047761.17,1.080985,-0.000729
2019-02-12,Risk Parity,1064884.87,1.098651,0.016343
2019-02-13,Risk Parity,1066290.9,1.100102,0.00132
2019-02-14,Risk Parity,1064011.01,1.09775,-0.002138
2019-02-15,Risk Parity,1074578.05,1.108652,0.009931
2019-02-19,Risk Parity,1077956.12,1.112137,0.003144
2019-02-20,Risk Parity,1081580.98,1.115877,0.003363
2019-02-21,Risk Parity,1079554.49,1.113786,-0.001874
2019-02-22,Risk Parity,1085089.04,1.119496,0.005127
2019-02-25,Risk Parity,1088913.25,1.123442,0.003524
2019-02-26,Risk Parity,1088185.1,1.12269,-0.000669
2019-02-27,Risk Parity,1090348.83,1.124923,0.001988
2019-02-28,Risk Parity,1087538.91,1.122024,-0.002577
2019-03-01,Risk Parity,1097294.82,1.132089,0.008971
2019-03-04,Risk Parity,1099235.12,1.134091,0.001768
2019-03-05,Risk Parity,1099674.02,1.134544,0.000399
2019-03-06,Risk Parity,1092700.11,1.127349,-0.006342
2019-03-07,Risk Parity,1084474.39,1.118862,-0.007528
2019-03-08,Risk Parity,1082293.54,1.116612,-0.002011
2019-03-11,Risk Parity,1096683.68,1.131459,0.013296
2019-03-12,Risk Parity,1101124.24,1.13604,0.004049
2019-03-13,Risk Parity,1107715.44,1.14284,0.005986
2019-03-14,Risk Parity,1106714.69,1.141808,-0.000903
2019-03-15,Risk Parity,1112187.83,1.147454,0.004945
2019-03-18,Risk Parity,1119305.46,1.154798,0.0064
2019-03-19,Risk Parity,1120608.6,1.156142,0.001164
2019-03-20,Risk Parity,1122833.33,1.158437,0.001985
2019-03-21,Risk Parity,1133025.63,1.168953,0.009077
2019-03-22,Risk Parity,1113805.3,1.149123,-0.016964
2019-03-25,Risk Parity,1113149.44,1.148446,-0.000589
2019-03-26,Risk Parity,1119092.46,1.154578,0.005339
2019-03-27,Risk Parity,1112879.32,1.148168,-0.005552
2019-03-28,Risk Parity,1115978.49,1.151365,0.002785
2019-03-29,Risk Parity,1123307.66,1.158927,0.006567
2019-04-01,Risk Parity,1134956.11,1.170945,0.01037
2019-04-02,Risk Parity,1135394.86,1.171397,0.000387
2019-04-03,Risk Parity,1134161.14,1.170124,-0.001087
2019-04-04,Risk Parity,1134605.55,1.170583,0.000392
2019-04-05,Risk Parity,1139512.02,1.175645,0.004324
2019-04-08,Risk Parity,1142520.22,1.178748,0.00264
2019-04-09,Risk Parity,1136030.56,1.172053,-0.00568
2019-04-10,Risk Parity,1138220.76,1.174313,0.001928
2019-04-11,Risk Parity,1139821.92,1.175965,0.001407
2019-04-12,Risk Parity,1147534.09,1.183921,0.006766
2019-04-15,Risk Parity,1147688.12,1.18408,0.000134
2019-04-16,Risk Parity,1150331.22,1.186807,0.002303
2019-04-17,Risk Parity,1154396.05,1.191001,0.003534
2019-04-18,Risk Parity,1153982.5,1.190574,-0.000358
2019-04-22,Risk Parity,1159132.25,1.195887,0.004463
2019-04-23,Risk Parity,1166662.0,1.203656,0.006496
2019-04-24,Risk Parity,1159360.26,1.196122,-0.006259
2019-04-25,Risk Parity,1162704.94,1.199573,0.002885
2019-04-26,Risk Parity,1172732.6,1.209919,0.008624
2019-04-29,Risk Parity,1173893.66,1.211117,0.00099
2019-04-30,Risk Parity,1167162.87,1.204173,-0.005734
2019-05-01,Risk Parity,1160976.09,1.19779,-0.004941
2019-05-02,Risk Parity,1154899.72,1.191521,-0.005234
2019-05-03,Risk Parity,1164100.66,1.201013,0.007967
2019-05-06,Risk Parity,1156116.93,1.192776,-0.006858
2019-05-07,Risk Parity,1140883.51,1.17706,-0.013176
2019-05-08,Risk Parity,1138774.25,1.174884,-0.001849
2019-05-09,Risk Parity,1135208.06,1.171204,-0.003132
2019-05-10,Risk Parity,1142520.86,1.178749,0.006442
2019-05-13,Risk Parity,1126183.65,1.161894,-0.014299
2019-05-14,Risk Parity,1128414.42,1.164195,0.001981
2019-05-15,Risk Parity,1135338.03,1.171339,0.006136
2019-05-16,Risk Parity,1147031.71,1.183403,0.0103
2019-05-17,Risk Parity,1141984.64,1.178196,-0.0044
2019-05-20,Risk Parity,1138335.21,1.174431,-0.003196
2019-05-21,Risk Parity,1140632.07,1.1768,0.002018
2019-05-22,Risk Parity,1142739.37,1.178975,0.001847
2019-05-23,Risk Parity,1135149.9,1.171144,-0.006641
2019-05-24,Risk Parity,1136545.34,1.172584,0.001229
2019-05-28,Risk Parity,1124635.17,1.160296,-0.010479
2019-05-29,Risk Parity,1112615.39,1.147895,-0.010688
2019-05-30,Risk Parity,1115247.04,1.15061,0.002365
2019-05-31,Risk Parity,1103341.37,1.138327,-0.010675
2019-06-03,Risk Parity,1100997.75,1.135909,-0.002072
2019-06-04,Risk Parity,1117450.11,1.152883,0.014943
2019-06-05,Risk Parity,1128000.47,1.163768,0.009441
2019-06-06,Risk Parity,1137540.07,1.17361,0.008457
2019-06-07,Risk Parity,1146241.64,1.182588,0.007649
2019-06-10,Risk Parity,1147954.97,1.184356,0.001495
2019-06-11,Risk Parity,1147194.47,1.183571,-0.000662
2019-06-12,Risk Parity,1150628.5,1.187114,0.002993
2019-06-13,Risk Parity,1151102.42,1.187603,0.000412
2019-06-14,Risk Parity,1152414.82,1.188957,0.00114
2019-06-17,Risk Parity,1153871.71,1.19046,0.001264
2019-06-18,Risk Parity,1161297.88,1.198122,0.006436
2019-06-19,Risk Parity,1163235.16,1.20012,0.001668
2019-06-20,Risk Parity,1172355.83,1.20953,0.007841
2019-06-21,Risk Parity,1173165.21,1.210365,0.00069
2019-06-24,Risk Parity,1174761.31,1.212012,0.001361
2019-06-25,Risk Parity,1165499.48,1.202456,-0.007884
2019-06-26,Risk Parity,1157476.75,1.194179,-0.006884
2019-06-27,Risk Parity,1159208.15,1.195966,0.001496
2019-06-28,Risk Parity,1161753.74,1.198592,0.002196
2019-07-01,Risk Parity,1170011.61,1.207112,0.007126
2019-07-02,Risk Parity,1177457.94,1.214794,0.006364
2019-07-03,Risk Parity,1186178.37,1.223791,0.007406
2019-07-05,Risk Parity,1182226.57,1.219714,-0.003332
2019-07-08,Risk Parity,1181105.18,1.218557,-0.000949
2019-07-09,Risk Parity,1182352.45,1.219844,0.001056
2019-07-10,Risk Parity,1189154.99,1.226862,0.005753
2019-07-11,Risk Parity,1186108.8,1.223719,-0.002562
2019-07-12,Risk Parity,1183098.02,1.220613,-0.002538
2019-07-15,Risk Parity,1183613.84,1.221145,0.000436
2019-07-16,Risk Parity,1179421.75,1.21682,-0.003542
2019-07-17,Risk Parity,1172246.32,1.209417,-0.006084
2019-07-18,Risk Parity,1176480.48,1.213786,0.003612
2019-07-19,Risk Parity,1167413.19,1.204431,-0.007707
2019-07-22,Risk Parity,1169410.43,1.206491,0.001711
2019-07-23,Risk Parity,1172733.7,1.20992,0.002842
2019-07-24,Risk Parity,1174251.45,1.211486,0.001294
2019-07-25,Risk Parity,1170309.27,1.207419,-0.003357
2019-07-26,Risk Parity,1180727.6,1.218167,0.008902
2019-07-29,Risk Parity,1186750.31,1.224381,0.005101
2019-07-30,Risk Parity,1185931.31,1.223536,-0.00069
2019-07-31,Risk Parity,1174817.37,1.21207,-0.009371
2019-08-01,Risk Parity,1167348.15,1.204364,-0.006326
2019-08-02,Risk Parity,1165455.12,1.202411,-0.001622
2019-08-05,Risk Parity,1135825.32,1.171841,-0.025423
2019-08-06,Risk Parity,1150635.53,1.187121,0.013039
2019-08-07,Risk Parity,1149175.34,1.185615,-0.001269
2019-08-08,Risk Parity,1169606.62,1.206694,0.017779
2019-08-09,Risk Parity,1163099.36,1.19998,-0.005564
2019-08-12,Risk Parity,1153704.84,1.190288,-0.008077
2019-08-13,Risk Parity,1169489.93,1.206573,0.013682
2019-08-14,Risk Parity,1140479.83,1.176643,-0.024806
2019-08-15,Risk Parity,1145659.59,1.181987,0.004542
2019-08-16,Risk Parity,1157947.69,1.194665,0.010726
2019-08-19,Risk Parity,1170946.32,1.208076,0.011226
2019-08-20,Risk Parity,1161194.23,1.198015,-0.008328
2019-08-21,Risk Parity,1169599.28,1.206686,0.007238
2019-08-22,Risk Parity,1170804.23,1.207929,0.00103
2019-08-23,Risk Parity,1145510.87,1.181834,-0.021603
2019-08-26,Risk Parity,1158914.03,1.195662,0.011701
2019-08-27,Risk Parity,1156838.06,1.19352,-0.001791
2019-08-28,Risk Parity,1159853.94,1.196632,0.002607
2019-08-29,Risk Parity,1170874.15,1.208001,0.009501
2019-08-30,Risk Parity,1169521.08,1.206606,-0.001156
2019-09-03,Risk Parity,1172657.55,1.209841,0.002755
2019-09-04,Risk Parity,1179423.55,1.216822,0.00577
2019-09-05,Risk Parity,1187723.23,1.225385,0.007037
2019-09-06,Risk Parity,1187508.65,1.225163,-0.000181
2019-09-09,Risk Parity,1188671.41,1.226363,0.000979
2019-09-10,Risk Parity,1191161.19,1.228932,0.002095
2019-09-11,Risk Parity,1202135.29,1.240254,0.009213
2019-09-12,Risk Parity,1205830.74,1.244067,0.003074
2019-09-13,Risk Parity,1206533.78,1.244792,0.000583
2019-09-16,Risk Parity,1199018.68,1.237038,-0.006229
2019-09-17,Risk Parity,1204928.68,1.243136,0.004929
2019-09-18,Risk Parity,1210488.08,1.248872,0.004614
2019-09-19,Risk Parity,1212201.92,1.25064,0.001416
2019-09-20,Risk Parity,1211072.63,1.249475,-0.000932
2019-09-23,Risk Parity,1210162.53,1.248536,-0.000751
2019-09-24,Risk Parity,1204481.7,1.242675,-0.004694
2019-09-25,Risk Parity,1208966.2,1.247301,0.003723
2019-09-26,Risk Parity,1207455.46,1.245743,-0.00125
2019-09-27,Risk Parity,1206599.71,1.24486,-0.000709
2019-09-30,Risk Parity,1209427.43,1.247777,0.002344
2019-10-01,Risk Parity,1199149.16,1.237173,-0.008488
2019-10-02,Risk Parity,1179176.75,1.216567,-0.016655
2019-10-03,Risk Parity,1184767.42,1.222335,0.004741
2019-10-04,Risk Parity,1203395.56,1.241554,0.015723
2019-10-07,Risk Parity,1197058.79,1.235016,-0.005266
2019-10-08,Risk Parity,1180476.54,1.217908,-0.013852
2019-10-09,Risk Parity,1189623.66,1.227346,0.007749
2019-10-10,Risk Parity,1193713.67,1.231565,0.003438
2019-10-11,Risk Parity,1202915.31,1.241059,0.007708
2019-10-14,Risk Parity,1200797.59,1.238874,-0.00176
2019-10-15,Risk Parity,1208917.29,1.247251,0.006762
2019-10-16,Risk Parity,1209428.77,1.247779,0.000423
2019-10-17,Risk Parity,1213705.74,1.252191,0.003536
2019-10-18,Risk Parity,1205262.04,1.24348,-0.006957
2019-10-21,Risk Parity,1215671.62,1.254219,0.008637
2019-10-22,Risk Parity,1225191.68,1.264041,0.007831
2019-10-23,Risk Parity,1228453.75,1.267407,0.002662
2019-10-24,Risk Parity,1230032.74,1.269036,0.001285
2019-10-25,Risk Parity,1236386.17,1.275591,0.005165
2019-10-28,Risk Parity,1240793.79,1.280138,0.003565
2019-10-29,Risk Parity,1235248.9,1.274417,-0.004469
2019-10-30,Risk Parity,1243704.43,1.283141,0.006845
2019-10-31,Risk Parity,1244600.49,1.284066,0.00072
2019-11-01,Risk Parity,1252733.48,1.292457,0.006555
2019-11-04,Risk Parity,1249571.18,1.289194,-0.002524
2019-11-05,Risk Parity,1248526.07,1.288116,-0.000836
2019-11-06,Risk Parity,1250992.12,1.29066,0.001975
2019-11-07,Risk Parity,1250370.24,1.290018,-0.000497
2019-11-08,Risk Parity,1250932.71,1.290599,0.00045
2019-11-11,Risk Parity,1247176.39,1.286723,-0.003003
2019-11-12,Risk Parity,1245758.33,1.28526,-0.001137
2019-11-13,Risk Parity,1248666.92,1.288261,0.002335
2019-11-14,Risk Parity,1249184.85,1.288795,0.000415
2019-11-15,Risk Parity,1261690.91,1.301698,0.010011
2019-11-18,Risk Parity,1263738.77,1.303811,0.001623
2019-11-19,Risk Parity,1262703.77,1.302743,-0.000819
2019-11-20,Risk Parity,1263202.93,1.303258,0.000395
2019-11-21,Risk Parity,1264008.68,1.304089,0.000638
2019-11-22,Risk Parity,1266292.74,1.306446,0.001807
2019-11-25,Risk Parity,1272246.11,1.312588,0.004701
2019-11-26,Risk Parity,1277110.56,1.317607,0.003824
2019-11-27,Risk Parity,1279459.55,1.32003,0.001839
2019-11-29,Risk Parity,1276817.98,1.317305,-0.002065
2019-12-02,Risk Parity,1270322.5,1.310603,-0.005081
2019-12-03,Risk Parity,1266150.99,1.306299,-0.003284
2019-12-04,Risk Parity,1278111.23,1.318639,0.009446
2019-12-05,Risk Parity,1281496.9,1.322132,0.002649
2019-12-06,Risk Parity,1290349.97,1.331266,0.006908
2019-12-09,Risk Parity,1289829.01,1.330728,-0.000404
2019-12-10,Risk Parity,1288201.08,1.329049,-0.001262
2019-12-11,Risk Parity,1293153.01,1.334158,0.003844
2019-12-12,Risk Parity,1302036.25,1.343323,0.006869
2019-12-13,Risk Parity,1304053.83,1.345404,0.00155
2019-12-16,Risk Parity,1313266.68,1.354909,0.007065
2019-12-17,Risk Parity,1318301.79,1.360104,0.003834
2019-12-18,Risk Parity,1319491.09,1.361331,0.000902
2019-12-19,Risk Parity,1323197.35,1.365155,0.002809
2019-12-20,Risk Parity,1330601.74,1.372794,0.005596
2019-12-23,Risk Parity,1327230.89,1.369316,-0.002533
2019-12-24,Risk Parity,1327780.39,1.369883,0.000414
2019-12-26,Risk Parity,1337655.07,1.380071,0.007437
2019-12-27,Risk Parity,1338728.2,1.381178,0.000802
2019-12-30,Risk Parity,1331430.24,1.373649,-0.005451
2019-12-31,Risk Parity,1335518.35,1.377866,0.00307
2020-01-02,Risk Parity,1343120.12,1.385709,0.0057
2020-01-03,Risk Parity,1334580.82,1.376899,-0.006358
2020-01-06,Risk Parity,1341248.07,1.383778,0.004996
2020-01-07,Risk Parity,1335977.97,1.378341,-0.003929
2020-01-08,Risk Parity,1339605.01,1.382083,0.002715
2020-01-09,Risk Parity,1351290.73,1.394139,0.008723
2020-01-10,Risk Parity,1349215.45,1.391998,-0.001536
2020-01-13,Risk Parity,1361095.06,1.404254,0.008805
2020-01-14,Risk Parity,1361117.24,1.404277,1.6e-05
2020-01-15,Risk Parity,1365948.88,1.409262,0.00355
2020-01-16,Risk Parity,1373641.18,1.417198,0.005631
2020-01-17,Risk Parity,1377883.97,1.421575,0.003089
2020-01-21,Risk Parity,1378272.44,1.421976,0.000282
2020-01-22,Risk Parity,1378803.96,1.422525,0.000386
2020-01-23,Risk Parity,1378231.96,1.421934,-0.000415
2020-01-24,Risk Parity,1371058.52,1.414534,-0.005205
2020-01-27,Risk Parity,1359404.13,1.40251,-0.0085
2020-01-28,Risk Parity,1369137.9,1.412552,0.00716
2020-01-29,Risk Parity,1371361.52,1.414846,0.001624
2020-01-30,Risk Parity,1385091.44,1.429011,0.010012
2020-01-31,Risk Parity,1366806.22,1.410146,-0.013201
2020-02-03,Risk Parity,1369625.53,1.413055,0.002084
2020-02-04,Risk Parity,1379317.74,1.423055,0.007077
2020-02-05,Risk Parity,1399154.48,1.44352,0.014382
2020-02-06,Risk Parity,1404112.17,1.448635,0.003543
2020-02-07,Risk Parity,1397948.6,1.442276,-0.00439
2020-02-10,Risk Parity,1405420.37,1.449985,0.005345
2020-02-11,Risk Parity,1403526.31,1.448031,-0.001348
2020-02-12,Risk Parity,1405294.78,1.449855,0.00126
2020-02-13,Risk Parity,1407693.78,1.45233,0.001707
2020-02-14,Risk Parity,1410305.47,1.455025,0.001855
2020-02-18,Risk Parity,1407877.22,1.45252,-0.001722
2020-02-19,Risk Parity,1407133.45,1.451752,-0.000528
2020-02-20,Risk Parity,1406724.39,1.45133,-0.000291
2020-02-21,Risk Parity,1398880.73,1.443238,-0.005576
2020-02-24,Risk Parity,1356816.87,1.39984,-0.03007
2020-02-25,Risk Parity,1328545.03,1.370672,-0.020837
2020-02-26,Risk Parity,1322888.33,1.364836,-0.004258
2020-02-27,Risk Parity,1260622.18,1.300595,-0.047068
2020-02-28,Risk Parity,1252532.34,1.292249,-0.006417
2020-03-02,Risk Parity,1317483.07,1.359259,0.051911
2020-03-03,Risk Parity,1280823.05,1.321437,-0.027826
2020-03-04,Risk Parity,1340942.23,1.383462,0.046938
2020-03-05,Risk Parity,1303235.0,1.344559,-0.02812
2020-03-06,Risk Parity,1283831.62,1.324541,-0.014889
2020-03-09,Risk Parity,1196924.2,1.234878,-0.067694
2020-03-10,Risk Parity,1240319.99,1.279649,0.036256
2020-03-11,Risk Parity,1180583.35,1.218019,-0.048162
2020-03-12,Risk Parity,1068994.57,1.102891,-0.09452
2020-03-13,Risk Parity,1169595.68,1.206682,0.094108
2020-03-16,Risk Parity,1065800.52,1.099596,-0.088744
2020-03-17,Risk Parity,1147618.87,1.184009,0.076767
2020-03-18,Risk Parity,1104548.61,1.139573,-0.03753
2020-03-19,Risk Parity,1093020.68,1.127679,-0.010437
2020-03-20,Risk Parity,1033578.87,1.066353,-0.054383
2020-03-23,Risk Parity,994489.58,1.026024,-0.037819
2020-03-24,Risk Parity,1083197.45,1.117545,0.089199
2020-03-25,Risk Parity,1089659.01,1.124211,0.005965
2020-03-26,Risk Parity,1159690.53,1.196463,0.064269
2020-03-27,Risk Parity,1133347.26,1.169285,-0.022716
2020-03-30,Risk Parity,1183693.01,1.221227,0.044422
2020-03-31,Risk Parity,1171950.25,1.209112,-0.00992
2020-04-01,Risk Parity,1129881.62,1.165709,-0.035692
2020-04-02,Risk Parity,1167384.72,1.204401,0.033192
2020-04-03,Risk Parity,1152968.64,1.189528,-0.012349
2020-04-06,Risk Parity,1209657.71,1.248015,0.049168
2020-04-07,Risk Parity,1203127.75,1.241278,-0.005398
2020-04-08,Risk Parity,1239618.2,1.278925,0.03033
2020-04-09,Risk Parity,1248487.17,1.288076,0.007155
2020-04-13,Risk Parity,1238059.97,1.277318,-0.008352
2020-04-14,Risk Parity,1277842.5,1.318362,0.032133
2020-04-15,Risk Parity,1261077.0,1.301065,-0.01312
2020-04-16,Risk Parity,1269595.47,1.309853,0.006755
2020-04-17,Risk Parity,1303581.42,1.344917,0.026769
2020-04-20,Risk Parity,1280811.24,1.321425,-0.017467
2020-04-21,Risk Parity,1249511.68,1.289133,-0.024437
2020-04-22,Risk Parity,1277254.32,1.317755,0.022203
2020-04-23,Risk Parity,1286165.17,1.326948,0.006977
2020-04-24,Risk Parity,1294933.68,1.335995,0.006818
2020-04-27,Risk Parity,1296829.58,1.337951,0.001464
2020-04-28,Risk Parity,1281589.74,1.322228,-0.011752
2020-04-29,Risk Parity,1309489.37,1.351012,0.02177
2020-04-30,Risk Parity,1308307.68,1.349793,-0.000902
2020-05-01,Risk Parity,1269506.52,1.309761,-0.029641
2020-05-04,Risk Parity,1272519.65,1.31287,0.002373
2020-05-05,Risk Parity,1281320.98,1.32195,0.006916
2020-05-06,Risk Parity,1269102.41,1.309344,-0.009536
2020-05-07,Risk Parity,1271586.47,1.311907,0.001957
2020-05-08,Risk Parity,1296032.17,1.337128,0.019225
2020-05-11,Risk Parity,1296150.3,1.33725,9.1e-05
2020-05-12,Risk Parity,1276425.67,1.3169,-0.015218
2020-05-13,Risk Parity,1263658.67,1.303728,-0.010002
2020-05-14,Risk Parity,1274573.1,1.314989,0.008637
2020-05-15,Risk Parity,1277904.46,1.318426,0.002614
2020-05-18,Risk Parity,1309560.3,1.351085,0.024772
2020-05-19,Risk Parity,1290949.75,1.331885,-0.014211
2020-05-20,Risk Parity,1308299.92,1.349785,0.01344
2020-05-21,Risk Parity,1293334.05,1.334344,-0.011439
2020-05-22,Risk Parity,1293334.86,1.334345,1e-06
2020-05-26,Risk Parity,1305293.14,1.346683,0.009246
2020-05-27,Risk Parity,1321998.73,1.363918,0.012798
2020-05-28,Risk Parity,1328868.97,1.371006,0.005197
2020-05-29,Risk Parity,1337124.64,1.379524,0.006213
2020-06-01,Risk Parity,1342153.17,1.384712,0.003774
2020-06-02,Risk Parity,1353892.01,1.396823,0.008746
2020-06-03,Risk Parity,1370713.14,1.414177,0.012424
2020-06-04,Risk Parity,1359827.89,1.402947,-0.007941
2020-06-05,Risk Parity,1392971.69,1.437142,0.024374
2020-06-08,Risk Parity,1407799.33,1.452439,0.010645
2020-06-09,Risk Parity,1403232.15,1.447727,-0.003244
2020-06-10,Risk Parity,1403154.66,1.447647,-5.5e-05
2020-06-11,Risk Parity,1329746.91,1.371912,-0.052316
2020-06-12,Risk Parity,1338564.32,1.381009,0.006631
2020-06-15,Risk Parity,1343354.21,1.385951,0.003578
2020-06-16,Risk Parity,1385515.6,1.429449,0.031385
2020-06-17,Risk Parity,1376304.08,1.419945,-0.006648
2020-06-18,Risk Parity,1378052.74,1.42175,0.001271
2020-06-19,Risk Parity,1369472.02,1.412897,-0.006227
2020-06-22,Risk Parity,1378567.86,1.422281,0.006642
2020-06-23,Risk Parity,1384185.62,1.428077,0.004075
2020-06-24,Risk Parity,1356010.04,1.399008,-0.020355
2020-06-25,Risk Parity,1372718.42,1.416246,0.012322
2020-06-26,Risk Parity,1339994.47,1.382484,-0.023839
2020-06-29,Risk Parity,1355467.39,1.398448,0.011547
2020-06-30,Risk Parity,1373971.57,1.417539,0.013652
2020-07-01,Risk Parity,1381397.13,1.4252,0.005419
2020-07-02,Risk Parity,1389969.32,1.434044,0.006205
2020-07-06,Risk Parity,1417722.48,1.462677,0.019967
2020-07-07,Risk Parity,1405126.55,1.449682,-0.008885
2020-07-08,Risk Parity,1422348.23,1.46745,0.012256
2020-07-09,Risk Parity,1415843.81,1.460739,-0.004573
2020-07-10,Risk Parity,1433477.39,1.478932,0.012454
2020-07-13,Risk Parity,1428163.32,1.473449,-0.003707
2020-07-14,Risk Parity,1451153.75,1.497168,0.016098
2020-07-15,Risk Parity,1451316.41,1.497336,0.000112
2020-07-16,Risk Parity,1452942.24,1.499014,0.00112
2020-07-17,Risk Parity,1451517.99,1.497544,-0.00098
2020-07-20,Risk Parity,1468717.34,1.515289,0.011849
2020-07-21,Risk Parity,1471497.67,1.518158,0.001893
2020-07-22,Risk Parity,1472666.22,1.519363,0.000794
2020-07-23,Risk Parity,1453329.98,1.499414,-0.01313
2020-07-24,Risk Parity,1449475.05,1.495437,-0.002652
2020-07-27,Risk Parity,1456613.55,1.502801,0.004925
2020-07-28,Risk Parity,1452750.34,1.498816,-0.002652
2020-07-29,Risk Parity,1465664.6,1.512139,0.00889
2020-07-30,Risk Parity,1453920.83,1.500023,-0.008013
2020-07-31,Risk Parity,1460393.21,1.506701,0.004452
2020-08-03,Risk Parity,1469690.86,1.516293,0.006372
2020-08-04,Risk Parity,1480291.24,1.52723,0.007213
2020-08-05,Risk Parity,1491476.03,1.538769,0.007556
2020-08-06,Risk Parity,1496142.44,1.543584,0.003129
2020-08-07,Risk Parity,1497908.74,1.545406,0.001181
2020-08-10,Risk Parity,1505797.08,1.553545,0.005266
2020-08-11,Risk Parity,1493188.22,1.540536,-0.008374
2020-08-12,Risk Parity,1515721.6,1.563784,0.015091
2020-08-13,Risk Parity,1509804.15,1.557679,-0.003904
2020-08-14,Risk Parity,1504917.36,1.552637,-0.003237
2020-08-17,Risk Parity,1504340.29,1.552042,-0.000383
2020-08-18,Risk Parity,1517897.98,1.566029,0.009012
2020-08-19,Risk Parity,1510513.27,1.55841,-0.004865
2020-08-20,Risk Parity,1516877.04,1.564976,0.004213
2020-08-21,Risk Parity,1521788.71,1.570043,0.003238
2020-08-24,Risk Parity,1538874.29,1.587671,0.011227
2020-08-25,Risk Parity,1539853.15,1.58868,0.000636
2020-08-26,Risk Parity,1546638.85,1.595681,0.004407
2020-08-27,Risk Parity,1550786.09,1.59996,0.002681
2020-08-28,Risk Parity,1557016.66,1.606388,0.004018
2020-08-31,Risk Parity,1554855.57,1.604159,-0.001388
2020-09-01,Risk Parity,1561519.8,1.611034,0.004288
2020-09-02,Risk Parity,1585632.93,1.635912,0.015442
2020-09-03,Risk Parity,1540113.58,1.588949,-0.028707
2020-09-04,Risk Parity,1533664.12,1.582295,-0.004188
2020-09-08,Risk Parity,1498588.44,1.546107,-0.022871
2020-09-09,Risk Parity,1528758.63,1.577234,0.020132
2020-09-10,Risk Parity,1496717.04,1.544177,-0.020959
2020-09-11,Risk Parity,1499744.04,1.5473,0.002022
2020-09-14,Risk Parity,1507683.03,1.55549,0.005294
2020-09-15,Risk Parity,1514225.51,1.56224,0.004339
2020-09-16,Risk Parity,1503267.98,1.550935,-0.007236
2020-09-17,Risk Parity,1494509.89,1.541899,-0.005826
2020-09-18,Risk Parity,1483861.8,1.530914,-0.007125
2020-09-21,Risk Parity,1465534.13,1.512005,-0.012351
2020-09-22,Risk Parity,1478940.11,1.525836,0.009148
2020-09-23,Risk Parity,1447623.26,1.493526,-0.021175
2020-09-24,Risk Parity,1453714.11,1.49981,0.004207
2020-09-25,Risk Parity,1473227.62,1.519942,0.013423
2020-09-28,Risk Parity,1490816.51,1.538089,0.011939
2020-09-29,Risk Parity,1479124.11,1.526026,-0.007843
2020-09-30,Risk Parity,1489043.09,1.536259,0.006706
2020-10-01,Risk Parity,1488135.38,1.535323,-0.000596
2020-10-02,Risk Parity,1475034.58,1.521807,-0.008803
2020-10-05,Risk Parity,1501491.07,1.549102,0.017936
2020-10-06,Risk Parity,1481249.07,1.528218,-0.013481
2020-10-07,Risk Parity,1506895.73,1.554678,0.017314
2020-10-08,Risk Parity,1527394.41,1.575827,0.013603
2020-10-09,Risk Parity,1545913.81,1.594933,0.012125
2020-10-12,Risk Parity,1572411.69,1.622271,0.017141
2020-10-13,Risk Parity,1554310.66,1.603596,-0.011512
2020-10-14,Risk Parity,1546481.2,1.595519,-0.005037
2020-10-15,Risk Parity,1543774.26,1.592726,-0.00175
2020-10-16,Risk Parity,1545781.27,1.594797,0.0013
2020-10-19,Risk Parity,1515020.29,1.56306,-0.0199
2020-10-20,Risk Parity,1524078.52,1.572406,0.005979
2020-10-21,Risk Parity,1517402.01,1.565517,-0.004381
2020-10-22,Risk Parity,1531774.12,1.580345,0.009472
2020-10-23,Risk Parity,1536701.19,1.585429,0.003217
2020-10-26,Risk Parity,1515474.87,1.563529,-0.013813
2020-10-27,Risk Parity,1505556.16,1.553296,-0.006545
2020-10-28,Risk Parity,1454863.59,1.500996,-0.03367
2020-10-29,Risk Parity,1472538.78,1.519232,0.012149
2020-10-30,Risk Parity,1459717.06,1.506003,-0.008707
2020-11-02,Risk Parity,1478935.21,1.525831,0.013172
2020-11-03,Risk Parity,1495247.14,1.54266,0.01103
2020-11-04,Risk Parity,1523395.66,1.571701,0.018825
2020-11-05,Risk Parity,1547374.11,1.59644,0.01574
2020-11-06,Risk Parity,1546663.38,1.595707,-0.000459
2020-11-09,Risk Parity,1575174.7,1.625122,0.018434
2020-11-10,Risk Parity,1582291.55,1.632465,0.004518
2020-11-11,Risk Parity,1591465.58,1.641929,0.005798
2020-11-12,Risk Parity,1577855.55,1.627888,-0.008552
2020-11-13,Risk Parity,1594863.12,1.645435,0.010779
2020-11-16,Risk Parity,1608626.8,1.659635,0.00863
2020-11-17,Risk Parity,1601693.46,1.652482,-0.00431
2020-11-18,Risk Parity,1582145.77,1.632314,-0.012204
2020-11-19,Risk Parity,1587648.64,1.637992,0.003478
2020-11-20,Risk Parity,1580552.65,1.630671,-0.004469
2020-11-23,Risk Parity,1584056.34,1.634285,0.002217
2020-11-24,Risk Parity,1609124.35,1.660148,0.015825
2020-11-25,Risk Parity,1609592.41,1.660631,0.000291
2020-11-27,Risk Parity,1611356.41,1.662451,0.001096
2020-11-30,Risk Parity,1594187.71,1.644738,-0.010655
2020-12-01,Risk Parity,1611838.35,1.662948,0.011079
2020-12-02,Risk Parity,1619649.99,1.671008,0.004846
2020-12-03,Risk Parity,1615681.99,1.666914,-0.00245
2020-12-04,Risk Parity,1629114.94,1.680773,0.008314
2020-12-07,Risk Parity,1622764.58,1.674221,-0.003898
2020-12-08,Risk Parity,1634372.84,1.686197,0.007153
2020-12-09,Risk Parity,1633738.44,1.685543,-0.000388
2020-12-10,Risk Parity,1635284.78,1.687138,0.000947
2020-12-11,Risk Parity,1637983.93,1.689923,0.001651
2020-12-14,Risk Parity,1622177.76,1.673616,-0.00965
2020-12-15,Risk Parity,1650660.46,1.703001,0.017558
2020-12-16,Risk Parity,1659057.25,1.711664,0.005087
2020-12-17,Risk Parity,1666209.81,1.719044,0.004311
2020-12-18,Risk Parity,1658851.72,1.711452,-0.004416
2020-12-21,Risk Parity,1658290.44,1.710873,-0.000338
2020-12-22,Risk Parity,1651173.45,1.703531,-0.004292
2020-12-23,Risk Parity,1652638.0,1.705042,0.000887
2020-12-24,Risk Parity,1660192.8,1.712836,0.004571
2020-12-28,Risk Parity,1678341.43,1.73156,0.010932
2020-12-29,Risk Parity,1675631.14,1.728764,-0.001615
2020-12-30,Risk Parity,1676663.12,1.729829,0.000616
2020-12-31,Risk Parity,1686512.76,1.739991,0.005875
2021-01-04,Risk Parity,1661915.22,1.714613,-0.014582
2021-01-05,Risk Parity,1677804.76,1.731006,0.009561
2021-01-06,Risk Parity,1691375.79,1.745008,0.008089
2021-01-07,Risk Parity,1712205.18,1.766498,0.012315
2021-01-08,Risk Parity,1722654.24,1.777278,0.006103
2021-01-11,Risk Parity,1730990.17,1.785878,0.004839
2021-01-12,Risk Parity,1726405.73,1.781148,-0.002648
2021-01-13,Risk Parity,1743731.5,1.799024,0.010036
2021-01-14,Risk Parity,1747318.57,1.802724,0.002057
2021-01-15,Risk Parity,1734056.58,1.789042,-0.00759
2021-01-19,Risk Parity,1754399.83,1.81003,0.011732
2021-01-20,Risk Parity,1778803.53,1.835208,0.01391
2021-01-21,Risk Parity,1780335.39,1.836788,0.000861
2021-01-22,Risk Parity,1783731.64,1.840292,0.001908
2021-01-25,Risk Parity,1799364.42,1.856421,0.008764
2021-01-26,Risk Parity,1803141.68,1.860318,0.002099
2021-01-27,Risk Parity,1755620.49,1.81129,-0.026355
2021-01-28,Risk Parity,1777173.39,1.833526,0.012277
2021-01-29,Risk Parity,1743242.59,1.798519,-0.019093
2021-02-01,Risk Parity,1763034.8,1.818939,0.011359
2021-02-02,Risk Parity,1776302.61,1.832628,0.007526
2021-02-03,Risk Parity,1788603.69,1.845319,0.006925
2021-02-04,Risk Parity,1804862.4,1.862093,0.00909
2021-02-05,Risk Parity,1817717.54,1.875356,0.007123
2021-02-08,Risk Parity,1831100.78,1.889163,0.007363
2021-02-09,Risk Parity,1827283.94,1.885225,-0.002084
2021-02-10,Risk Parity,1830000.26,1.888028,0.001487
2021-02-11,Risk Parity,1824721.46,1.882582,-0.002885
2021-02-12,Risk Parity,1833408.87,1.891545,0.004761
2021-02-16,Risk Parity,1836624.01,1.894862,0.001754
2021-02-17,Risk Parity,1841148.42,1.89953,0.002463
2021-02-18,Risk Parity,1833070.18,1.891195,-0.004388
2021-02-19,Risk Parity,1822617.46,1.880411,-0.005702
2021-02-22,Risk Parity,1815322.44,1.872885,-0.004002
2021-02-23,Risk Parity,1820449.48,1.878174,0.002824
2021-02-24,Risk Parity,1832035.39,1.890128,0.006364
2021-02-25,Risk Parity,1806631.01,1.863918,-0.013867
2021-02-26,Risk Parity,1789294.8,1.846032,-0.009596
2021-03-01,Risk Parity,1828482.69,1.886462,0.021904
2021-03-02,Risk Parity,1813775.82,1.871289,-0.008043
2021-03-03,Risk Parity,1790200.02,1.846966,-0.012998
2021-03-04,Risk Parity,1776577.02,1.832911,-0.00761
2021-03-05,Risk Parity,1814003.75,1.871524,0.021067
2021-03-08,Risk Parity,1806994.72,1.864293,-0.003864
2021-03-09,Risk Parity,1824588.65,1.882445,0.009737
2021-03-10,Risk Parity,1838342.63,1.896635,0.007538
2021-03-11,Risk Parity,1846455.68,1.905005,0.004413
2021-03-12,Risk Parity,1854558.82,1.913365,0.004388
2021-03-15,Risk Parity,1836286.09,1.894513,-0.009853
2021-03-16,Risk Parity,1836390.2,1.89462,5.7e-05
2021-03-17,Risk Parity,1833629.17,1.891772,-0.001504
2021-03-18,Risk Parity,1804170.44,1.861379,-0.016066
2021-03-19,Risk Parity,1798113.15,1.85513,-0.003357
2021-03-22,Risk Parity,1809505.21,1.866883,0.006336
2021-03-23,Risk Parity,1809694.46,1.867078,0.000105
2021-03-24,Risk Parity,1804928.95,1.862162,-0.002633
2021-03-25,Risk Parity,1810542.41,1.867953,0.00311
2021-03-26,Risk Parity,1835264.9,1.893459,0.013655
2021-03-29,Risk Parity,1843677.61,1.902139,0.004584
2021-03-30,Risk Parity,1834033.58,1.892189,-0.005231
2021-03-31,Risk Parity,1839203.87,1.897523,0.002819
2021-04-01,Risk Parity,1854555.44,1.913362,0.008351
2021-04-05,Risk Parity,1878418.85,1.937982,0.012867
2021-04-06,Risk Parity,1874221.0,1.933651,-0.002235
2021-04-07,Risk Parity,1884625.3,1.944385,0.005551
2021-04-08,Risk Parity,1890348.55,1.95029,0.003037
2021-04-09,Risk Parity,1900710.09,1.96098,0.005481
2021-04-12,Risk Parity,1896046.37,1.956168,-0.002454
2021-04-13,Risk Parity,1898086.86,1.958273,0.001076
2021-04-14,Risk Parity,1895618.93,1.955727,-0.0013
2021-04-15,Risk Parity,1914304.06,1.975005,0.009857
2021-04-16,Risk Parity,1925252.35,1.9863,0.005719
2021-04-19,Risk Parity,1918735.04,1.979576,-0.003385
2021-04-20,Risk Parity,1913011.43,1.973671,-0.002983
2021-04-21,Risk Parity,1918352.32,1.979181,0.002792
2021-04-22,Risk Parity,1895641.35,1.95575,-0.011839
2021-04-23,Risk Parity,1911591.81,1.972207,0.008414
2021-04-26,Risk Parity,1908973.79,1.969506,-0.00137
2021-04-27,Risk Parity,1904642.71,1.965037,-0.002269
2021-04-28,Risk Parity,1909201.28,1.96974,0.002393
2021-04-29,Risk Parity,1921510.66,1.98244,0.006447
2021-04-30,Risk Parity,1911231.48,1.971835,-0.00535
2021-05-03,Risk Parity,1919900.13,1.980778,0.004538
2021-05-04,Risk Parity,1915847.94,1.976598,-0.002111
2021-05-05,Risk Parity,1921113.12,1.98203,0.002748
2021-05-06,Risk Parity,1940322.76,2.001849,0.009999
2021-05-07,Risk Parity,1951625.11,2.013509,0.005825
2021-05-10,Risk Parity,1943969.66,2.005611,-0.003923
2021-05-11,Risk Parity,1926320.85,1.987403,-0.009079
2021-05-12,Risk Parity,1897428.85,1.957595,-0.014999
2021-05-13,Risk Parity,1920094.46,1.980979,0.011945
2021-05-14,Risk Parity,1944145.73,2.005793,0.012526
2021-05-17,Risk Parity,1945548.09,2.00724,0.000721
2021-05-18,Risk Parity,1927319.25,1.988433,-0.00937
2021-05-19,Risk Parity,1923992.82,1.985001,-0.001726
2021-05-20,Risk Parity,1940160.94,2.001682,0.008403
2021-05-21,Risk Parity,1938259.48,1.99972,-0.00098
2021-05-24,Risk Parity,1955197.0,2.017194,0.008739
2021-05-25,Risk Parity,1946305.26,2.008021,-0.004548
2021-05-26,Risk Parity,1949708.44,2.011532,0.001749
2021-05-27,Risk Parity,1940555.0,2.002088,-0.004695
2021-05-28,Risk Parity,1940068.25,2.001586,-0.000251
2021-06-01,Risk Parity,1936880.77,1.998297,-0.001641
2021-06-02,Risk Parity,1943268.98,2.004888,0.003298
2021-06-03,Risk Parity,1944519.48,2.006178,0.000644
2021-06-04,Risk Parity,1954400.54,2.016373,0.005081
2021-06-07,Risk Parity,1968174.82,2.030584,0.007048
2021-06-08,Risk Parity,1967591.16,2.029982,-0.000297
2021-06-09,Risk Parity,1973888.72,2.036479,0.003201
2021-06-10,Risk Parity,1983040.61,2.045921,0.004636
2021-06-11,Risk Parity,1969074.15,2.031512,-0.007043
2021-06-14,Risk Parity,1972918.72,2.035478,0.001952
2021-06-15,Risk Parity,1970327.79,2.032805,-0.001313
2021-06-16,Risk Parity,1964224.28,2.026508,-0.003098
2021-06-17,Risk Parity,1964004.93,2.026282,-0.000112
2021-06-18,Risk Parity,1936495.38,1.9979,-0.014007
2021-06-21,Risk Parity,1962108.9,2.024326,0.013227
2021-06-22,Risk Parity,1969315.08,2.03176,0.003673
2021-06-23,Risk Parity,1962523.43,2.024753,-0.003449
2021-06-24,Risk Parity,1979745.21,2.042521,0.008775
2021-06-25,Risk Parity,1981601.59,2.044436,0.000938
2021-06-28,Risk Parity,1984935.72,2.047876,0.001683
2021-06-29,Risk Parity,1982680.61,2.04555,-0.001136
2021-06-30,Risk Parity,1987367.53,2.050385,0.002364
2021-07-01,Risk Parity,1996045.14,2.059338,0.004369
2021-07-02,Risk Parity,2016772.46,2.080722,0.010384
2021-07-06,Risk Parity,2020775.97,2.084853,0.001985
2021-07-07,Risk Parity,2029997.47,2.094367,0.004563
2021-07-08,Risk Parity,2019698.6,2.083741,-0.005073
2021-07-09,Risk Parity,2035325.3,2.099864,0.007737
2021-07-12,Risk Parity,2039408.6,2.104076,0.002006
2021-07-13,Risk Parity,2033317.35,2.097792,-0.002987
2021-07-14,Risk Parity,2037847.2,2.102465,0.002228
2021-07-15,Risk Parity,2029884.91,2.094251,-0.003907
2021-07-16,Risk Parity,2019063.16,2.083086,-0.005331
2021-07-19,Risk Parity,1991597.39,2.054749,-0.013603
2021-07-20,Risk Parity,2011717.15,2.075507,0.010102
2021-07-21,Risk Parity,2025031.33,2.089243,0.006618
2021-07-22,Risk Parity,2028170.79,2.092482,0.00155
2021-07-23,Risk Parity,2050716.11,2.115742,0.011116
2021-07-26,Risk Parity,2059701.35,2.125013,0.004382
2021-07-27,Risk Parity,2053018.53,2.118118,-0.003245
2021-07-28,Risk Parity,2055414.6,2.12059,0.001167
2021-07-29,Risk Parity,2059888.85,2.125206,0.002177
2021-07-30,Risk Parity,2035565.23,2.100111,-0.011808
2021-08-02,Risk Parity,2037844.4,2.102463,0.001123
2021-08-03,Risk Parity,2065869.85,2.131377,0.013752
2021-08-04,Risk Parity,2056377.08,2.121583,-0.004595
2021-08-05,Risk Parity,2069247.48,2.134861,0.006259
2021-08-06,Risk Parity,2073338.58,2.139082,0.001977
2021-08-09,Risk Parity,2078031.2,2.143924,0.002263
2021-08-10,Risk Parity,2086101.02,2.152249,0.003883
2021-08-11,Risk Parity,2094283.34,2.160691,0.003922
2021-08-12,Risk Parity,2102862.23,2.169542,0.004096
2021-08-13,Risk Parity,2102886.48,2.169567,1.2e-05
2021-08-16,Risk Parity,2112815.76,2.179811,0.004722
2021-08-17,Risk Parity,2104240.69,2.170964,-0.004059
2021-08-18,Risk Parity,2079760.39,2.145708,-0.011634
2021-08-19,Risk Parity,2078095.68,2.14399,-0.0008
2021-08-20,Risk Parity,2092215.47,2.158558,0.006795
2021-08-23,Risk Parity,2103903.75,2.170617,0.005587
2021-08-24,Risk Parity,2102779.94,2.169457,-0.000534
2021-08-25,Risk Parity,2106724.5,2.173527,0.001876
2021-08-26,Risk Parity,2095497.23,2.161944,-0.005329
2021-08-27,Risk Parity,2105049.28,2.171798,0.004558
2021-08-30,Risk Parity,2115788.15,2.182878,0.005101
2021-08-31,Risk Parity,2109901.41,2.176804,-0.002782
2021-09-01,Risk Parity,2112251.02,2.179229,0.001115
2021-09-02,Risk Parity,2122797.19,2.190109,0.004993
2021-09-03,Risk Parity,2118824.46,2.18601,-0.001871
2021-09-07,Risk Parity,2108929.1,2.175801,-0.00467
2021-09-08,Risk Parity,2109302.32,2.176186,0.000177
2021-09-09,Risk Parity,2085015.84,2.15113,-0.011514
2021-09-10,Risk Parity,2069413.49,2.135033,-0.007483
2021-09-13,Risk Parity,2078630.29,2.144542,0.004454
2021-09-14,Risk Parity,2063860.42,2.129304,-0.007106
2021-09-15,Risk Parity,2080550.14,2.146522,0.008087
2021-09-16,Risk Parity,2071366.16,2.137047,-0.004414
2021-09-17,Risk Parity,2050089.42,2.115096,-0.010272
2021-09-20,Risk Parity,2017721.62,2.081702,-0.015788
2021-09-21,Risk Parity,2017148.9,2.081111,-0.000284
2021-09-22,Risk Parity,2031567.77,2.095987,0.007148
2021-09-23,Risk Parity,2056089.25,2.121286,0.01207
2021-09-24,Risk Parity,2057261.96,2.122496,0.00057
2021-09-27,Risk Parity,2049048.16,2.114022,-0.003993
2021-09-28,Risk Parity,2019474.63,2.08351,-0.014433
2021-09-29,Risk Parity,2029766.24,2.094128,0.005096
2021-09-30,Risk Parity,2008356.92,2.07204,-0.010548
2021-10-01,Risk Parity,2026295.36,2.090547,0.008934
2021-10-04,Risk Parity,2004336.15,2.067892,-0.010837
2021-10-05,Risk Parity,2024353.15,2.088544,0.009987
2021-10-06,Risk Parity,2034793.6,2.099315,0.005157
2021-10-07,Risk Parity,2054628.33,2.119779,0.009748
2021-10-08,Risk Parity,2055632.96,2.120815,0.000489
2021-10-11,Risk Parity,2037955.6,2.102577,-0.008599
2021-10-12,Risk Parity,2025707.48,2.089941,-0.00601
2021-10-13,Risk Parity,2033651.29,2.098136,0.003921
2021-10-14,Risk Parity,2062032.48,2.127418,0.013956
2021-10-15,Risk Parity,2083527.97,2.149595,0.010424
2021-10-18,Risk Parity,2083116.35,2.14917,-0.000198
2021-10-19,Risk Parity,2101319.73,2.167951,0.008739
2021-10-20,Risk Parity,2110960.86,2.177897,0.004588
2021-10-21,Risk Parity,2103888.0,2.1706,-0.003351
2021-10-22,Risk Parity,2102058.62,2.168713,-0.00087
2021-10-25,Risk Parity,2105798.91,2.172572,0.001779
2021-10-26,Risk Parity,2125946.75,2.193359,0.009568
2021-10-27,Risk Parity,2125070.01,2.192454,-0.000412
2021-10-28,Risk Parity,2147820.49,2.215926,0.010706
2021-10-29,Risk Parity,2143936.78,2.211919,-0.001808
2021-11-01,Risk Parity,2133075.06,2.200713,-0.005065
2021-11-02,Risk Parity,2150135.83,2.218315,0.007998
2021-11-03,Risk Parity,2161018.94,2.229543,0.005062
2021-11-04,Risk Parity,2170020.57,2.23883,0.004165
2021-11-05,Risk Parity,2173556.88,2.242478,0.00163
2021-11-08,Risk Parity,2173205.57,2.242116,-0.000162
2021-11-09,Risk Parity,2175814.68,2.244808,0.001201
2021-11-10,Risk Parity,2163040.31,2.231628,-0.005871
2021-11-11,Risk Parity,2160772.15,2.229288,-0.001049
2021-11-12,Risk Parity,2174403.48,2.243352,0.006309
2021-11-15,Risk Parity,2174665.59,2.243622,0.000121
2021-11-16,Risk Parity,2171233.45,2.240081,-0.001578
2021-11-17,Risk Parity,2174026.53,2.242963,0.001286
2021-11-18,Risk Parity,2183452.04,2.252687,0.004336
2021-11-19,Risk Parity,2175697.83,2.244687,-0.003551
2021-11-22,Risk Parity,2172117.7,2.240994,-0.001646
2021-11-23,Risk Parity,2188629.58,2.258029,0.007602
2021-11-24,Risk Parity,2188644.82,2.258045,7e-06
2021-11-26,Risk Parity,2145221.41,2.213244,-0.01984
2021-11-29,Risk Parity,2160762.58,2.229278,0.007245
2021-11-30,Risk Parity,2121380.5,2.188648,-0.018226
2021-12-01,Risk Parity,2121642.27,2.188918,0.000125
2021-12-02,Risk Parity,2136680.48,2.204433,0.007088
2021-12-03,Risk Parity,2128710.92,2.19621,-0.00373
2021-12-06,Risk Parity,2157151.67,2.225553,0.013361
2021-12-07,Risk Parity,2187246.21,2.256602,0.013951
2021-12-08,Risk Parity,2190965.02,2.260438,0.0017
2021-12-09,Risk Parity,2188947.73,2.258357,-0.000921
2021-12-10,Risk Parity,2202236.25,2.272067,0.006071
2021-12-13,Risk Parity,2200786.6,2.270572,-0.000658
2021-12-14,Risk Parity,2196899.66,2.266561,-0.001766
2021-12-15,Risk Parity,2237966.72,2.308931,0.018693
2021-12-16,Risk Parity,2238319.72,2.309295,0.000158
2021-12-17,Risk Parity,2196820.29,2.266479,-0.01854
2021-12-20,Risk Parity,2172593.31,2.241484,-0.011028
2021-12-21,Risk Parity,2196584.89,2.266237,0.011043
2021-12-22,Risk Parity,2216775.81,2.287068,0.009192
2021-12-23,Risk Parity,2228919.03,2.299596,0.005478
2021-12-27,Risk Parity,2250090.05,2.321438,0.009498
2021-12-28,Risk Parity,2251778.29,2.32318,0.00075
2021-12-29,Risk Parity,2255584.25,2.327107,0.00169
2021-12-30,Risk Parity,2250336.27,2.321692,-0.002327
2021-12-31,Risk Parity,2245153.84,2.316346,-0.002303
2022-01-03,Risk Parity,2256488.97,2.32804,0.005051
2022-01-04,Risk Parity,2267550.68,2.339453,0.004902
2022-01-05,Risk Parity,2242893.43,2.314014,-0.010874
2022-01-06,Risk Parity,2234098.06,2.304939,-0.003921
2022-01-07,Risk Parity,2245776.36,2.316988,0.005227
2022-01-10,Risk Parity,2234420.58,2.305272,-0.005057
2022-01-11,Risk Parity,2247335.64,2.318597,0.00578
2022-01-12,Risk Parity,2247994.91,2.319277,0.000293
2022-01-13,Risk Parity,2224606.47,2.295147,-0.010404
2022-01-14,Risk Parity,2219765.8,2.290153,-0.002176
2022-01-18,Risk Parity,2191804.16,2.261304,-0.012597
2022-01-19,Risk Parity,2182777.45,2.251991,-0.004118
2022-01-20,Risk Parity,2165191.59,2.233848,-0.008057
2022-01-21,Risk Parity,2132589.98,2.200212,-0.015057
2022-01-24,Risk Parity,2127614.83,2.19508,-0.002333
2022-01-25,Risk Parity,2106605.45,2.173404,-0.009875
2022-01-26,Risk Parity,2104647.71,2.171384,-0.000929
2022-01-27,Risk Parity,2106738.89,2.173542,0.000994
2022-01-28,Risk Parity,2139159.75,2.206991,0.015389
2022-01-31,Risk Parity,2173809.53,2.242739,0.016198
2022-02-01,Risk Parity,2190801.95,2.26027,0.007824
2022-02-02,Risk Parity,2217424.98,2.287737,0.012152
2022-02-03,Risk Parity,2170468.85,2.239292,-0.021176
2022-02-04,Risk Parity,2198996.42,2.268725,0.013144
2022-02-07,Risk Parity,2193679.62,2.263239,-0.002418
2022-02-08,Risk Parity,2202609.51,2.272452,0.004071
2022-02-09,Risk Parity,2216874.56,2.28717,0.006476
2022-02-10,Risk Parity,2186017.68,2.255334,-0.013919
2022-02-11,Risk Parity,2158857.04,2.227312,-0.012425
2022-02-14,Risk Parity,2152890.06,2.221156,-0.002764
2022-02-15,Risk Parity,2176670.95,2.245691,0.011046
2022-02-16,Risk Parity,2183948.14,2.253199,0.003343
2022-02-17,Risk Parity,2151760.17,2.219991,-0.014738
2022-02-18,Risk Parity,2135080.64,2.202782,-0.007752
2022-02-22,Risk Parity,2117636.3,2.184785,-0.00817
2022-02-23,Risk Parity,2084770.33,2.150876,-0.01552
2022-02-24,Risk Parity,2102416.36,2.169082,0.008464
2022-02-25,Risk Parity,2158175.22,2.226609,0.026521
2022-02-28,Risk Parity,2154123.52,2.222429,-0.001877
2022-03-01,Risk Parity,2128468.14,2.19596,-0.011904
2022-03-02,Risk Parity,2161344.28,2.229879,0.015446
2022-03-03,Risk Parity,2167786.69,2.236525,0.002981
2022-03-04,Risk Parity,2166963.13,2.235676,-0.00038
2022-03-07,Risk Parity,2148226.13,2.216344,-0.008647
2022-03-08,Risk Parity,2132009.84,2.199614,-0.007549
2022-03-09,Risk Parity,2159516.42,2.227993,0.012902
2022-03-10,Risk Parity,2164675.93,2.233316,0.002389
2022-03-11,Risk Parity,2147433.57,2.215527,-0.007965
2022-03-14,Risk Parity,2138340.4,2.206145,-0.004234
2022-03-15,Risk Parity,2181460.58,2.250633,0.020165
2022-03-16,Risk Parity,2209011.01,2.279057,0.012629
2022-03-17,Risk Parity,2242952.3,2.314074,0.015365
2022-03-18,Risk Parity,2252034.65,2.323445,0.004049
2022-03-21,Risk Parity,2268449.85,2.34038,0.007289
2022-03-22,Risk Parity,2285143.55,2.357603,0.007359
2022-03-23,Risk Parity,2274384.33,2.346503,-0.004708
2022-03-24,Risk Parity,2295492.31,2.36828,0.009281
2022-03-25,Risk Parity,2313768.03,2.387135,0.007962
2022-03-28,Risk Parity,2322994.95,2.396655,0.003988
2022-03-29,Risk Parity,2326938.89,2.400724,0.001698
2022-03-30,Risk Parity,2329987.71,2.403869,0.00131
2022-03-31,Risk Parity,2296254.94,2.369067,-0.014478
2022-04-01,Risk Parity,2307645.82,2.380819,0.004967
2022-04-04,Risk Parity,2316366.7,2.389817,0.003779
2022-04-05,Risk Parity,2301362.1,2.374336,-0.006478
2022-04-06,Risk Parity,2300964.97,2.373926,-0.000173
2022-04-07,Risk Parity,2309010.45,2.382227,0.003497
2022-04-08,Risk Parity,2310631.26,2.383899,0.000702
2022-04-11,Risk Parity,2272798.54,2.344867,-0.016373
2022-04-12,Risk Parity,2269055.52,2.341005,-0.001647
2022-04-13,Risk Parity,2278058.56,2.350294,0.003968
2022-04-14,Risk Parity,2262250.01,2.333984,-0.006939
2022-04-18,Risk Parity,2262042.87,2.33377,-9.2e-05
2022-04-19,Risk Parity,2291718.0,2.364386,0.013119
2022-04-20,Risk Parity,2291490.66,2.364152,-9.9e-05
2022-04-21,Risk Parity,2251351.54,2.32274,-0.017517
2022-04-22,Risk Parity,2189542.56,2.258971,-0.027454
2022-04-25,Risk Parity,2209527.84,2.27959,0.009128
2022-04-26,Risk Parity,2161821.56,2.230371,-0.021591
2022-04-27,Risk Parity,2162829.56,2.231411,0.000466
2022-04-28,Risk Parity,2211253.77,2.281371,0.022389
2022-04-29,Risk Parity,2132204.87,2.199815,-0.035748
2022-05-02,Risk Parity,2131477.39,2.199065,-0.000332
2022-05-03,Risk Parity,2137839.44,2.205628,0.002985
2022-05-04,Risk Parity,2194513.91,2.2641,0.02651
2022-05-05,Risk Parity,2127858.3,2.195331,-0.030374
2022-05-06,Risk Parity,2131300.3,2.198882,0.001618
2022-05-09,Risk Parity,2073896.96,2.139658,-0.026933
2022-05-10,Risk Parity,2070673.07,2.136332,-0.001555
2022-05-11,Risk Parity,2052242.56,2.117317,-0.008901
2022-05-12,Risk Parity,2044560.61,2.109392,-0.003743
2022-05-13,Risk Parity,2079592.84,2.145535,0.017134
2022-05-16,Risk Parity,2086508.46,2.15267,0.003325
2022-05-17,Risk Parity,2123984.66,2.191334,0.017961
2022-05-18,Risk Parity,2051052.49,2.116089,-0.034337
2022-05-19,Risk Parity,2027768.82,2.092067,-0.011352
2022-05-20,Risk Parity,2033597.19,2.098081,0.002874
2022-05-23,Risk Parity,2082657.09,2.148696,0.024125
2022-05-24,Risk Parity,2083422.39,2.149486,0.000367
2022-05-25,Risk Parity,2091106.23,2.157413,0.003688
2022-05-26,Risk Parity,2120809.42,2.188058,0.014205
2022-05-27,Risk Parity,2173407.83,2.242325,0.024801
2022-05-31,Risk Parity,2163973.95,2.232592,-0.004341
2022-06-01,Risk Parity,2159812.54,2.228298,-0.001916
2022-06-02,Risk Parity,2182111.8,2.251305,0.010325
2022-06-03,Risk Parity,2162050.84,2.230607,-0.009193
2022-06-06,Risk Parity,2173133.17,2.242041,0.005126
2022-06-07,Risk Parity,2196845.71,2.266506,0.010912
2022-06-08,Risk Parity,2184054.42,2.253309,-0.005823
2022-06-09,Risk Parity,2130302.99,2.197853,-0.024611
2022-06-10,Risk Parity,2072014.5,2.137716,-0.027362
2022-06-13,Risk Parity,2000496.35,2.06393,-0.034516
2022-06-14,Risk Parity,1983553.96,2.046451,-0.008469
2022-06-15,Risk Parity,2011516.72,2.0753,0.014097
2022-06-16,Risk Parity,1958807.39,2.020919,-0.026204
2022-06-17,Risk Parity,1955779.63,2.017796,-0.001546
2022-06-21,Risk Parity,2010315.85,2.074061,0.027885
2022-06-22,Risk Parity,2012768.28,2.076591,0.00122
2022-06-23,Risk Parity,2030941.56,2.095341,0.009029
2022-06-24,Risk Parity,2088986.78,2.155227,0.02858
2022-06-27,Risk Parity,2083048.3,2.1491,-0.002843
2022-06-28,Risk Parity,2041408.33,2.106139,-0.01999
2022-06-29,Risk Parity,2041670.08,2.10641,0.000128
2022-06-30,Risk Parity,2025015.23,2.089227,-0.008157
2022-07-01,Risk Parity,2054936.55,2.120097,0.014783
2022-07-05,Risk Parity,2055271.97,2.120443,0.000163
2022-07-06,Risk Parity,2061390.58,2.126755,0.002977
2022-07-07,Risk Parity,2093203.43,2.159577,0.015433
2022-07-08,Risk Parity,2092145.36,2.158485,-0.000505
2022-07-11,Risk Parity,2073296.33,2.139039,-0.009009
2022-07-12,Risk Parity,2047892.5,2.112829,-0.012253
2022-07-13,Risk Parity,2045232.71,2.110085,-0.001299
2022-07-14,Risk Parity,2036274.48,2.100843,-0.00438
2022-07-15,Risk Parity,2062831.1,2.128242,0.013042
2022-07-18,Risk Parity,2038991.01,2.103646,-0.011557
2022-07-19,Risk Parity,2080669.27,2.146645,0.020441
2022-07-20,Risk Parity,2085379.6,2.151505,0.002264
2022-07-21,Risk Parity,2097037.85,2.163533,0.00559
2022-07-22,Risk Parity,2086353.17,2.15251,-0.005095
2022-07-25,Risk Parity,2097396.97,2.163903,0.005293
2022-07-26,Risk Parity,2074363.6,2.14014,-0.010982
2022-07-27,Risk Parity,2122719.88,2.190029,0.023311
2022-07-28,Risk Parity,2152839.05,2.221104,0.014189
2022-07-29,Risk Parity,2187826.78,2.257201,0.016252
2022-08-01,Risk Parity,2177181.23,2.246218,-0.004859
2022-08-02,Risk Parity,2153297.48,2.221577,-0.01097
2022-08-03,Risk Parity,2176480.46,2.245495,0.010766
2022-08-04,Risk Parity,2165573.48,2.234242,-0.005011
2022-08-05,Risk Parity,2165877.35,2.234555,0.00014
2022-08-08,Risk Parity,2161182.56,2.229712,-0.002168
2022-08-09,Risk Parity,2166978.63,2.235692,0.002682
2022-08-10,Risk Parity,2201520.23,2.271328,0.01594
2022-08-11,Risk Parity,2196760.06,2.266417,-0.002162
2022-08-12,Risk Parity,2226641.32,2.297246,0.013602
2022-08-15,Risk Parity,2235376.73,2.306258,0.003923
2022-08-16,Risk Parity,2241308.44,2.312378,0.002654
2022-08-17,Risk Parity,2235606.36,2.306495,-0.002544
2022-08-18,Risk Parity,2239427.61,2.310438,0.001709
2022-08-19,Risk Parity,2222200.31,2.292664,-0.007693
2022-08-22,Risk Parity,2188294.83,2.257684,-0.015258
2022-08-23,Risk Parity,2185076.05,2.254363,-0.001471
2022-08-24,Risk Parity,2188470.81,2.257865,0.001554
2022-08-25,Risk Parity,2218750.62,2.289105,0.013836
2022-08-26,Risk Parity,2154177.36,2.222484,-0.029103
2022-08-29,Risk Parity,2142031.86,2.209954,-0.005638
2022-08-30,Risk Parity,2116803.71,2.183926,-0.011778
2022-08-31,Risk Parity,2093451.21,2.159833,-0.011032
2022-09-01,Risk Parity,2110821.37,2.177754,0.008301
2022-09-02,Risk Parity,2085514.37,2.151644,-0.011989
2022-09-06,Risk Parity,2084148.25,2.150235,-0.000655
2022-09-07,Risk Parity,2114647.52,2.181701,0.014634
2022-09-08,Risk Parity,2125464.06,2.192861,0.005115
2022-09-09,Risk Parity,2154315.76,2.222627,0.013574
2022-09-12,Risk Parity,2175548.42,2.244533,0.009856
2022-09-13,Risk Parity,2093601.18,2.159987,-0.037667
2022-09-14,Risk Parity,2109822.56,2.176723,0.007748
2022-09-15,Risk Parity,2084480.67,2.150578,-0.012011
2022-09-16,Risk Parity,2073438.94,2.139186,-0.005297
2022-09-19,Risk Parity,2084708.56,2.150813,0.005435
2022-09-20,Risk Parity,2063436.15,2.128866,-0.010204
2022-09-21,Risk Parity,2022617.24,2.086753,-0.019782
2022-09-22,Risk Parity,2030642.97,2.095033,0.003968
2022-09-23,Risk Parity,2000936.56,2.064384,-0.014629
2022-09-26,Risk Parity,1985787.15,2.048755,-0.007571
2022-09-27,Risk Parity,1981474.84,2.044306,-0.002172
2022-09-28,Risk Parity,2026768.8,2.091036,0.022859
2022-09-29,Risk Parity,1988308.52,2.051356,-0.018976
2022-09-30,Risk Parity,1955970.86,2.017993,-0.016264
2022-10-03,Risk Parity,2003649.22,2.067183,0.02438
2022-10-04,Risk Parity,2061963.05,2.127346,0.029104
2022-10-05,Risk Parity,2061138.85,2.126496,-0.0004
2022-10-06,Risk Parity,2042915.62,2.107695,-0.008841
2022-10-07,Risk Parity,1994015.76,2.057244,-0.023936
2022-10-10,Risk Parity,1981897.46,2.044742,-0.006077
2022-10-11,Risk Parity,1975885.74,2.038539,-0.003033
2022-10-12,Risk Parity,1968534.03,2.030954,-0.003721
2022-10-13,Risk Parity,2014772.53,2.078659,0.023489
2022-10-14,Risk Parity,1980918.59,2.043732,-0.016803
2022-10-17,Risk Parity,2030285.14,2.094664,0.024921
2022-10-18,Risk Parity,2051778.28,2.116838,0.010586
2022-10-19,Risk Parity,2041242.2,2.105968,-0.005135
2022-10-20,Risk Parity,2024967.69,2.089178,-0.007973
2022-10-21,Risk Parity,2081693.59,2.147702,0.028013
2022-10-24,Risk Parity,2107736.81,2.174571,0.012511
2022-10-25,Risk Parity,2130508.56,2.198065,0.010804
2022-10-26,Risk Parity,2107373.43,2.174196,-0.010859
2022-10-27,Risk Parity,2102593.13,2.169264,-0.002268
2022-10-28,Risk Parity,2152338.69,2.220587,0.023659
2022-10-31,Risk Parity,2133541.74,2.201194,-0.008733
2022-11-01,Risk Parity,2112365.19,2.179346,-0.00992
2022-11-02,Risk Parity,2070876.38,2.136542,-0.019641
2022-11-03,Risk Parity,2057222.04,2.122455,-0.006594
2022-11-04,Risk Parity,2088523.59,2.154749,0.015215
2022-11-07,Risk Parity,2106866.01,2.173673,0.008782
2022-11-08,Risk Parity,2115676.0,2.182762,0.004182
2022-11-09,Risk Parity,2079435.96,2.145373,-0.017129
2022-11-10,Risk Parity,2181981.36,2.25117,0.049314
2022-11-11,Risk Parity,2194415.52,2.263998,0.005699
2022-11-14,Risk Parity,2186032.74,2.25535,-0.00382
2022-11-15,Risk Parity,2191988.93,2.261495,0.002725
2022-11-16,Risk Parity,2193437.65,2.26299,0.000661
2022-11-17,Risk Parity,2188343.91,2.257734,-0.002322
2022-11-18,Risk Parity,2196035.27,2.26567,0.003515
2022-11-21,Risk Parity,2190729.15,2.260195,-0.002416
2022-11-22,Risk Parity,2216243.0,2.286518,0.011646
2022-11-23,Risk Parity,2228539.25,2.299204,0.005548
2022-11-25,Risk Parity,2226039.86,2.296626,-0.001122
2022-11-28,Risk Parity,2201271.95,2.271072,-0.011126
2022-11-29,Risk Parity,2192248.34,2.261763,-0.004099
2022-11-30,Risk Parity,2249734.74,2.321072,0.026223
2022-12-01,Risk Parity,2243766.45,2.314914,-0.002644
2022-12-02,Risk Parity,2243804.55,2.314954,1.7e-05
2022-12-05,Risk Parity,2211632.85,2.281762,-0.014338
2022-12-06,Risk Parity,2182626.5,2.251836,-0.013115
2022-12-07,Risk Parity,2181503.18,2.250677,-0.000515
2022-12-08,Risk Parity,2193717.54,2.263278,0.005599
2022-12-09,Risk Parity,2172088.77,2.240964,-0.009859
2022-12-12,Risk Parity,2209570.26,2.279634,0.017256
2022-12-13,Risk Parity,2222810.89,2.293294,0.005992
2022-12-14,Risk Parity,2217874.0,2.288201,-0.002221
2022-12-15,Risk Parity,2169952.91,2.23876,-0.021607
2022-12-16,Risk Parity,2153890.03,2.222188,-0.007402
2022-12-19,Risk Parity,2138973.69,2.206799,-0.006925
2022-12-20,Risk Parity,2148916.45,2.217057,0.004648
2022-12-21,Risk Parity,2182136.12,2.25133,0.015459
2022-12-22,Risk Parity,2150155.75,2.218335,-0.014656
2022-12-23,Risk Parity,2169179.55,2.237962,0.008848
2022-12-27,Risk Parity,2163116.19,2.231707,-0.002795
2022-12-28,Risk Parity,2140780.36,2.208663,-0.010326
2022-12-29,Risk Parity,2169181.88,2.237965,0.013267
2022-12-30,Risk Parity,2165503.5,2.23417,-0.001696
2023-01-03,Risk Parity,2163153.52,2.231745,-0.001083
2023-01-04,Risk Parity,2165910.95,2.23459,0.001275
2023-01-05,Risk Parity,2143457.79,2.211425,-0.010367
2023-01-06,Risk Parity,2184510.94,2.25378,0.019153
2023-01-09,Risk Parity,2166890.49,2.235601,-0.008066
2023-01-10,Risk Parity,2182871.22,2.252088,0.007375
2023-01-11,Risk Parity,2214085.38,2.284292,0.0143
2023-01-12,Risk Parity,2216742.41,2.287033,0.0012
2023-01-13,Risk Parity,2232056.48,2.302833,0.006908
2023-01-17,Risk Parity,2220985.18,2.291411,-0.00496
2023-01-18,Risk Parity,2183256.58,2.252486,-0.016987
2023-01-19,Risk Parity,2165533.44,2.234201,-0.008118
2023-01-20,Risk Parity,2191798.21,2.261298,0.012129
2023-01-23,Risk Parity,2199442.71,2.269185,0.003488
2023-01-24,Risk Parity,2208615.61,2.278649,0.004171
2023-01-25,Risk Parity,2192176.58,2.261688,-0.007443
2023-01-26,Risk Parity,2212037.66,2.282179,0.00906
2023-01-27,Risk Parity,2212239.22,2.282387,9.1e-05
2023-01-30,Risk Parity,2180803.46,2.249955,-0.01421
2023-01-31,Risk Parity,2199541.28,2.269287,0.008592
2023-02-01,Risk Parity,2206573.29,2.276542,0.003198
2023-02-02,Risk Parity,2229774.82,2.300479,0.010515
2023-02-03,Risk Parity,2216733.24,2.287024,-0.005849
2023-02-06,Risk Parity,2208712.91,2.278749,-0.003618
2023-02-07,Risk Parity,2233408.06,2.304227,0.011181
2023-02-08,Risk Parity,2204701.56,2.274611,-0.012853
2023-02-09,Risk Parity,2177749.48,2.246804,-0.012225
2023-02-10,Risk Parity,2195535.91,2.265154,0.008167
2023-02-13,Risk Parity,2219482.68,2.28986,0.010907
2023-02-14,Risk Parity,2211505.83,2.281631,-0.003594
2023-02-15,Risk Parity,2210759.6,2.280861,-0.000337
2023-02-16,Risk Parity,2179255.09,2.248357,-0.014251
2023-02-17,Risk Parity,2180327.88,2.249464,0.000492
2023-02-21,Risk Parity,2143164.63,2.211122,-0.017045
2023-02-22,Risk Parity,2141560.26,2.209467,-0.000749
2023-02-23,Risk Parity,2141489.27,2.209394,-3.3e-05
2023-02-24,Risk Parity,2122057.81,2.189346,-0.009074
2023-02-27,Risk Parity,2123970.31,2.191319,0.000901
2023-02-28,Risk Parity,2112390.98,2.179373,-0.005452
2023-03-01,Risk Parity,2109910.29,2.176814,-0.001171
2023-03-02,Risk Parity,2129666.24,2.197196,0.009363
2023-03-03,Risk Parity,2164720.96,2.233362,0.01646
2023-03-06,Risk Parity,2174452.33,2.243402,0.004495
2023-03-07,Risk Parity,2137922.17,2.205714,-0.0168
2023-03-08,Risk Parity,2139319.67,2.207156,0.000654
2023-03-09,Risk Parity,2109165.55,2.176045,-0.014095
2023-03-10,Risk Parity,2090297.63,2.156579,-0.008946
2023-03-13,Risk Parity,2102939.17,2.169621,0.006048
2023-03-14,Risk Parity,2133062.7,2.2007,0.014324
2023-03-15,Risk Parity,2123857.38,2.191203,-0.004316
2023-03-16,Risk Parity,2153646.96,2.221937,0.014026
2023-03-17,Risk Parity,2134760.51,2.202452,-0.00877
2023-03-20,Risk Parity,2154954.91,2.223287,0.00946
2023-03-21,Risk Parity,2179560.67,2.248673,0.011418
2023-03-22,Risk Parity,2149988.85,2.218163,-0.013568
2023-03-23,Risk Parity,2153521.82,2.221808,0.001643
2023-03-24,Risk Parity,2165923.73,2.234603,0.005759
2023-03-27,Risk Parity,2166673.17,2.235376,0.000346
2023-03-28,Risk Parity,2165889.82,2.234568,-0.000362
2023-03-29,Risk Parity,2188616.98,2.258016,0.010493
2023-03-30,Risk Parity,2200818.17,2.270604,0.005575
2023-03-31,Risk Parity,2226946.85,2.297561,0.011872
2023-04-03,Risk Parity,2246703.83,2.317945,0.008874
2023-04-04,Risk Parity,2243293.77,2.314427,-0.001518
2023-04-05,Risk Parity,2257474.94,2.329057,0.006322
2023-04-06,Risk Parity,2270532.83,2.342529,0.005784
2023-04-10,Risk Parity,2263752.59,2.335534,-0.002986
2023-04-11,Risk Parity,2257988.33,2.329587,-0.002546
2023-04-12,Risk Parity,2257017.66,2.328586,-0.00043
2023-04-13,Risk Parity,2291005.89,2.363652,0.015059
2023-04-14,Risk Parity,2301951.49,2.374944,0.004778
2023-04-17,Risk Parity,2302258.19,2.375261,0.000133
2023-04-18,Risk Parity,2296418.9,2.369236,-0.002536
2023-04-19,Risk Parity,2302891.66,2.375914,0.002819
2023-04-20,Risk Parity,2303195.45,2.376228,0.000132
2023-04-21,Risk Parity,2321131.51,2.394732,0.007787
2023-04-24,Risk Parity,2327263.62,2.401059,0.002642
2023-04-25,Risk Parity,2302532.0,2.375543,-0.010627
2023-04-26,Risk Parity,2286910.65,2.359426,-0.006784
2023-04-27,Risk Parity,2332933.36,2.406909,0.020124
2023-04-28,Risk Parity,2343018.48,2.417313,0.004323
2023-05-01,Risk Parity,2339954.29,2.414152,-0.001306
2023-05-02,Risk Parity,2323670.62,2.397352,-0.006959
2023-05-03,Risk Parity,2323353.03,2.397024,-0.000137
2023-05-04,Risk Parity,2306682.03,2.379825,-0.007175
2023-05-05,Risk Parity,2335850.94,2.409919,0.012645
2023-05-08,Risk Parity,2342869.83,2.41716,0.003005
2023-05-09,Risk Parity,2330214.25,2.404103,-0.005402
2023-05-10,Risk Parity,2352299.79,2.426889,0.009478
2023-05-11,Risk Parity,2352107.87,2.426691,-8.2e-05
2023-05-12,Risk Parity,2353487.38,2.428114,0.000586
2023-05-15,Risk Parity,2354151.12,2.428799,0.000282
2023-05-16,Risk Parity,2349953.68,2.424469,-0.001783
2023-05-17,Risk Parity,2369973.23,2.445123,0.008519
2023-05-18,Risk Parity,2382023.18,2.457555,0.005084
2023-05-19,Risk Parity,2382447.35,2.457993,0.000178
2023-05-22,Risk Parity,2366807.59,2.441857,-0.006565
2023-05-23,Risk Parity,2344270.38,2.418605,-0.009522
2023-05-24,Risk Parity,2339620.13,2.413807,-0.001984
2023-05-25,Risk Parity,2336828.83,2.410928,-0.001193
2023-05-26,Risk Parity,2356429.96,2.43115,0.008388
2023-05-30,Risk Parity,2350071.17,2.42459,-0.002698
2023-05-31,Risk Parity,2339870.22,2.414065,-0.004341
2023-06-01,Risk Parity,2361051.46,2.435918,0.009053
2023-06-02,Risk Parity,2407884.06,2.484236,0.019835
2023-06-05,Risk Parity,2405575.88,2.481854,-0.000959
2023-06-06,Risk Parity,2411967.57,2.488449,0.002657
2023-06-07,Risk Parity,2405962.82,2.482254,-0.00249
2023-06-08,Risk Parity,2425441.65,2.50235,0.008096
2023-06-09,Risk Parity,2422055.07,2.498856,-0.001396
2023-06-12,Risk Parity,2430085.47,2.507141,0.003316
2023-06-13,Risk Parity,2442244.33,2.519686,0.005003
2023-06-14,Risk Parity,2441297.4,2.518709,-0.000388
2023-06-15,Risk Parity,2473959.43,2.552406,0.013379
2023-06-16,Risk Parity,2465177.74,2.543346,-0.00355
2023-06-20,Risk Parity,2452003.38,2.529754,-0.005344
2023-06-21,Risk Parity,2451507.36,2.529242,-0.000202
2023-06-22,Risk Parity,2464786.1,2.542942,0.005417
2023-06-23,Risk Parity,2448852.6,2.526503,-0.006464
2023-06-26,Risk Parity,2435557.38,2.512787,-0.005429
2023-06-27,Risk Parity,2454566.06,2.532398,0.007805
2023-06-28,Risk Parity,2454679.3,2.532515,4.6e-05
2023-06-29,Risk Parity,2465270.4,2.543442,0.004315
2023-06-30,Risk Parity,2496785.4,2.575956,0.012784
2023-07-03,Risk Parity,2491961.16,2.570979,-0.001931
2023-07-05,Risk Parity,2492067.52,2.571089,4.3e-05
2023-07-06,Risk Parity,2467005.36,2.545232,-0.010057
2023-07-07,Risk Parity,2451641.64,2.529381,-0.006228
2023-07-10,Risk Parity,2445978.04,2.523538,-0.00231
2023-07-11,Risk Parity,2449957.38,2.527643,0.001627
2023-07-12,Risk Parity,2467618.87,2.545865,0.007209
2023-07-13,Risk Parity,2480973.42,2.559643,0.005412
2023-07-14,Risk Parity,2487287.19,2.566157,0.002545
2023-07-17,Risk Parity,2489757.82,2.568706,0.000993
2023-07-18,Risk Parity,2499446.4,2.578702,0.003891
2023-07-19,Risk Parity,2502743.15,2.582103,0.001319
2023-07-20,Risk Parity,2524692.49,2.604748,0.00877
2023-07-21,Risk Parity,2532167.82,2.612461,0.002961
2023-07-24,Risk Parity,2544159.06,2.624832,0.004736
2023-07-25,Risk Parity,2550828.72,2.631713,0.002622
2023-07-26,Risk Parity,2548195.88,2.628997,-0.001032
2023-07-27,Risk Parity,2537962.68,2.618439,-0.004016
2023-07-28,Risk Parity,2564893.03,2.646223,0.010611
2023-07-31,Risk Parity,2565297.56,2.646641,0.000158
2023-08-01,Risk Parity,2573740.65,2.655352,0.003293
2023-08-02,Risk Parity,2553720.65,2.634697,-0.007779
2023-08-03,Risk Parity,2548918.73,2.629743,-0.00188
2023-08-04,Risk Parity,2542524.19,2.623145,-0.002509
2023-08-07,Risk Parity,2572344.47,2.653911,0.011729
2023-08-08,Risk Parity,2606117.77,2.688755,0.013129
2023-08-09,Risk Parity,2598088.21,2.680471,-0.003081
2023-08-10,Risk Parity,2591484.77,2.673658,-0.002542
2023-08-11,Risk Parity,2606178.46,2.688818,0.00567
2023-08-14,Risk Parity,2615925.55,2.698874,0.00374
2023-08-15,Risk Parity,2586441.51,2.668455,-0.011271
2023-08-16,Risk Parity,2570227.16,2.651727,-0.006269
2023-08-17,Risk Parity,2564751.53,2.646077,-0.00213
2023-08-18,Risk Parity,2565733.26,2.64709,0.000383
2023-08-21,Risk Parity,2559014.77,2.640159,-0.002619
2023-08-22,Risk Parity,2554184.28,2.635175,-0.001888
2023-08-23,Risk Parity,2571433.0,2.652971,0.006753
2023-08-24,Risk Parity,2545486.09,2.626201,-0.01009
2023-08-25,Risk Parity,2569198.02,2.650665,0.009315
2023-08-28,Risk Parity,2573199.74,2.654794,0.001558
2023-08-29,Risk Parity,2594887.86,2.677169,0.008428
2023-08-30,Risk Parity,2600094.98,2.682542,0.002007
2023-08-31,Risk Parity,2599824.19,2.682262,-0.000104
2023-09-01,Risk Parity,2610540.95,2.693319,0.004124
2023-09-05,Risk Parity,2600519.93,2.68298,-0.003839
2023-09-06,Risk Parity,2585986.04,2.667985,-0.005589
2023-09-07,Risk Parity,2595157.84,2.677448,0.003547
2023-09-08,Risk Parity,2611954.9,2.694778,0.006472
2023-09-11,Risk Parity,2636044.5,2.719631,0.009223
2023-09-12,Risk Parity,2633602.35,2.717111,-0.000926
2023-09-13,Risk Parity,2640026.91,2.72374,0.002439
2023-09-14,Risk Parity,2660279.77,2.744635,0.007671
2023-09-15,Risk Parity,2625167.92,2.70841,-0.013199
2023-09-18,Risk Parity,2632702.69,2.716183,0.00287
2023-09-19,Risk Parity,2626349.9,2.709629,-0.002413
2023-09-20,Risk Parity,2602321.66,2.684839,-0.009149
2023-09-21,Risk Parity,2561218.48,2.642432,-0.015795
2023-09-22,Risk Parity,2557097.97,2.638181,-0.001609
2023-09-25,Risk Parity,2565695.04,2.647051,0.003362
2023-09-26,Risk Parity,2528279.45,2.608449,-0.014583
2023-09-27,Risk Parity,2512648.46,2.592322,-0.006182
2023-09-28,Risk Parity,2503441.81,2.582824,-0.003664
2023-09-29,Risk Parity,2486993.93,2.565854,-0.00657
2023-10-02,Risk Parity,2471943.67,2.550327,-0.00605
2023-10-03,Risk Parity,2449321.09,2.526987,-0.009152
2023-10-04,Risk Parity,2446942.21,2.524532,-0.000971
2023-10-05,Risk Parity,2439274.58,2.516622,-0.003134
2023-10-06,Risk Parity,2470529.91,2.548868,0.012813
2023-10-09,Risk Parity,2483076.81,2.561813,0.005079
2023-10-10,Risk Parity,2502113.03,2.581453,0.007666
2023-10-11,Risk Parity,2516513.36,2.59631,0.005755
2023-10-12,Risk Parity,2511760.03,2.591406,-0.001889
2023-10-13,Risk Parity,2519408.67,2.599297,0.003045
2023-10-16,Risk Parity,2537198.17,2.61765,0.007061
2023-10-17,Risk Parity,2531171.73,2.611433,-0.002375
2023-10-18,Risk Parity,2507079.3,2.586576,-0.009518
2023-10-19,Risk Parity,2488569.79,2.56748,-0.007383
2023-10-20,Risk Parity,2463513.24,2.541629,-0.010069
2023-10-23,Risk Parity,2454346.02,2.532171,-0.003721
2023-10-24,Risk Parity,2486565.16,2.565412,0.013127
2023-10-25,Risk Parity,2462504.51,2.540588,-0.009676
2023-10-26,Risk Parity,2431963.79,2.509079,-0.012402
2023-10-27,Risk Parity,2411510.29,2.487977,-0.00841
2023-10-30,Risk Parity,2448905.71,2.526558,0.015507
2023-10-31,Risk Parity,2445407.22,2.522949,-0.001429
2023-11-01,Risk Parity,2467147.22,2.545378,0.008894
2023-11-02,Risk Parity,2515538.7,2.595304,0.019614
2023-11-03,Risk Parity,2515073.78,2.594824,-0.000185
2023-11-06,Risk Parity,2527388.63,2.60753,0.004896
2023-11-07,Risk Parity,2527976.0,2.608136,0.000232
2023-11-08,Risk Parity,2530671.92,2.610917,0.001066
2023-11-09,Risk Parity,2498690.59,2.577922,-0.012637
2023-11-10,Risk Parity,2529527.81,2.609737,0.012341
2023-11-13,Risk Parity,2533410.89,2.613743,0.001535
2023-11-14,Risk Parity,2566749.31,2.648139,0.01316
2023-11-15,Risk Parity,2559920.0,2.641093,-0.002661
2023-11-16,Risk Parity,2570367.62,2.651872,0.004081
2023-11-17,Risk Parity,2578465.16,2.660226,0.00315
2023-11-20,Risk Parity,2588732.35,2.670819,0.003982
2023-11-21,Risk Parity,2584251.31,2.666196,-0.001731
2023-11-22,Risk Parity,2593235.91,2.675465,0.003477
2023-11-24,Risk Parity,2599438.58,2.681864,0.002392
2023-11-27,Risk Parity,2591856.73,2.674042,-0.002917
2023-11-28,Risk Parity,2599022.18,2.681435,0.002765
2023-11-29,Risk Parity,2590694.11,2.672843,-0.003204
2023-11-30,Risk Parity,2602439.05,2.68496,0.004534
2023-12-01,Risk Parity,2611658.11,2.694471,0.003545
2023-12-04,Risk Parity,2598096.16,2.680479,-0.005193
2023-12-05,Risk Parity,2592136.34,2.674331,-0.002294
2023-12-06,Risk Parity,2583323.56,2.665238,-0.0034
2023-12-07,Risk Parity,2594716.59,2.676993,0.00441
2023-12-08,Risk Parity,2600580.89,2.683043,0.00226
2023-12-11,Risk Parity,2594256.47,2.676518,-0.002432
2023-12-12,Risk Parity,2598671.3,2.681073,0.001702
2023-12-13,Risk Parity,2635228.34,2.718789,0.014068
2023-12-14,Risk Parity,2633208.49,2.716705,-0.000766
2023-12-15,Risk Parity,2628497.66,2.711845,-0.001789
2023-12-18,Risk Parity,2648944.54,2.73294,0.007779
2023-12-19,Risk Parity,2666819.37,2.751382,0.006748
2023-12-20,Risk Parity,2630028.7,2.713424,-0.013796
2023-12-21,Risk Parity,2642799.44,2.7266,0.004856
2023-12-22,Risk Parity,2647134.83,2.731073,0.00164
2023-12-26,Risk Parity,2656729.67,2.740972,0.003625
2023-12-27,Risk Parity,2663594.45,2.748055,0.002584
2023-12-28,Risk Parity,2663178.49,2.747625,-0.000156
2023-12-29,Risk Parity,2659775.92,2.744115,-0.001278
2024-01-02,Risk Parity,2673539.74,2.758315,0.005176
2024-01-03,Risk Parity,2681534.77,2.766564,0.00299
2024-01-04,Risk Parity,2667049.21,2.751619,-0.005402
2024-01-05,Risk Parity,2672228.81,2.756963,0.001942
2024-01-08,Risk Parity,2699133.84,2.784721,0.010068
2024-01-09,Risk Parity,2698133.16,2.783688,-0.000371
2024-01-10,Risk Parity,2711821.62,2.797811,0.005073
2024-01-11,Risk Parity,2705110.47,2.790887,-0.002475
2024-01-12,Risk Parity,2714407.03,2.800478,0.003437
2024-01-16,Risk Parity,2689758.09,2.775048,-0.009081
2024-01-17,Risk Parity,2665392.37,2.74991,-0.009059
2024-01-18,Risk Parity,2677613.7,2.762518,0.004585
2024-01-19,Risk Parity,2698861.68,2.78444,0.007935
2024-01-22,Risk Parity,2702808.97,2.788513,0.001463
2024-01-23,Risk Parity,2720986.95,2.807267,0.006726
2024-01-24,Risk Parity,2729458.02,2.816007,0.003113
2024-01-25,Risk Parity,2763273.6,2.850894,0.012389
2024-01-26,Risk Parity,2774213.86,2.862182,0.003959
2024-01-29,Risk Parity,2789231.47,2.877675,0.005413
2024-01-30,Risk Parity,2791183.21,2.879689,0.0007
2024-01-31,Risk Parity,2748702.93,2.835862,-0.015219
2024-02-01,Risk Parity,2779274.42,2.867403,0.011124
2024-02-02,Risk Parity,2798221.95,2.886951,0.006817
2024-02-05,Risk Parity,2804798.92,2.893737,0.00235
2024-02-06,Risk Parity,2817482.36,2.906822,0.004522
2024-02-07,Risk Parity,2836922.39,2.926879,0.0069
2024-02-08,Risk Parity,2836395.53,2.926335,-0.000186
2024-02-09,Risk Parity,2844121.44,2.934306,0.002724
2024-02-12,Risk Parity,2846974.61,2.93725,0.001003
2024-02-13,Risk Parity,2809193.79,2.898271,-0.013271
2024-02-14,Risk Parity,2825994.92,2.915605,0.005981
2024-02-15,Risk Parity,2849764.55,2.940128,0.008411
2024-02-16,Risk Parity,2851476.18,2.941894,0.000601
2024-02-20,Risk Parity,2836105.41,2.926036,-0.00539
2024-02-21,Risk Parity,2854232.01,2.944737,0.006391
2024-02-22,Risk Parity,2890433.74,2.982087,0.012684
2024-02-23,Risk Parity,2894162.7,2.985934,0.00129
2024-02-26,Risk Parity,2870458.66,2.961478,-0.00819
2024-02-27,Risk Parity,2871350.3,2.962398,0.000311
2024-02-28,Risk Parity,2868979.38,2.959952,-0.000826
2024-02-29,Risk Parity,2878673.51,2.969954,0.003379
2024-03-01,Risk Parity,2892141.37,2.983849,0.00468
2024-03-04,Risk Parity,2876979.63,2.968206,-0.005242
2024-03-05,Risk Parity,2857371.11,2.947976,-0.006816
2024-03-06,Risk Parity,2860637.32,2.951345,0.001143
2024-03-07,Risk Parity,2878292.61,2.969561,0.006172
2024-03-08,Risk Parity,2882526.56,2.973929,0.001471
2024-03-11,Risk Parity,2879615.99,2.970926,-0.00101
2024-03-12,Risk Parity,2900963.76,2.992951,0.007413
2024-03-13,Risk Parity,2919495.14,3.01207,0.006388
2024-03-14,Risk Parity,2928881.02,3.021753,0.003215
2024-03-15,Risk Parity,2920051.41,3.012644,-0.003015
2024-03-18,Risk Parity,2938853.29,3.032042,0.006439
2024-03-19,Risk Parity,2958772.96,3.052593,0.006778
2024-03-20,Risk Parity,2978695.58,3.073147,0.006733
2024-03-21,Risk Parity,2973903.69,3.068203,-0.001609
2024-03-22,Risk Parity,2972351.81,3.066602,-0.000522
2024-03-25,Risk Parity,2967387.72,3.061481,-0.00167
2024-03-26,Risk Parity,2962983.15,3.056937,-0.001484
2024-03-27,Risk Parity,3004419.44,3.099687,0.013985
2024-03-28,Risk Parity,3009738.94,3.105175,0.001771
2024-04-01,Risk Parity,3002344.78,3.097546,-0.002456
2024-04-02,Risk Parity,3001335.97,3.096506,-0.000336
2024-04-03,Risk Parity,2997044.48,3.092078,-0.00143
2024-04-04,Risk Parity,2975014.45,3.069349,-0.007351
2024-04-05,Risk Parity,3010101.77,3.105549,0.011794
2024-04-08,Risk Parity,3004325.8,3.09959,-0.001919
2024-04-09,Risk Parity,3005498.05,3.1008,0.00039
2024-04-10,Risk Parity,2990902.47,3.085741,-0.004856
2024-04-11,Risk Parity,3000235.47,3.09537,0.00312
2024-04-12,Risk Parity,2959875.11,3.05373,-0.013452
2024-04-15,Risk Parity,2939628.44,3.032841,-0.00684
2024-04-16,Risk Parity,2914405.21,3.006818,-0.00858
2024-04-17,Risk Parity,2922050.42,3.014706,0.002623
2024-04-18,Risk Parity,2922188.31,3.014848,4.7e-05
2024-04-19,Risk Parity,2920320.07,3.012921,-0.000639
2024-04-22,Risk Parity,2951463.85,3.045052,0.010665
2024-04-23,Risk Parity,2980599.19,3.075111,0.009871
2024-04-24,Risk Parity,2976985.41,3.071383,-0.001212
2024-04-25,Risk Parity,2944346.18,3.037709,-0.010964
2024-04-26,Risk Parity,2966484.23,3.060549,0.007519
2024-04-29,Risk Parity,2979873.46,3.074362,0.004514
2024-04-30,Risk Parity,2954018.01,3.047687,-0.008677
2024-05-01,Risk Parity,2978083.39,3.072516,0.008149
2024-05-02,Risk Parity,2990268.96,3.085088,0.004092
2024-05-03,Risk Parity,3005255.78,3.10055,0.005012
2024-05-06,Risk Parity,3034659.51,3.130886,0.009784
2024-05-07,Risk Parity,3048305.68,3.144965,0.004497
2024-05-08,Risk Parity,3051623.74,3.148388,0.001088
2024-05-09,Risk Parity,3079446.1,3.177092,0.009117
2024-05-10,Risk Parity,3074506.13,3.171996,-0.001604
2024-05-13,Risk Parity,3080746.85,3.178434,0.00203
2024-05-14,Risk Parity,3095842.69,3.194009,0.0049
2024-05-15,Risk Parity,3128414.14,3.227613,0.010521
2024-05-16,Risk Parity,3118610.18,3.217498,-0.003134
2024-05-17,Risk Parity,3133169.24,3.232519,0.004668
2024-05-20,Risk Parity,3124537.64,3.223614,-0.002755
2024-05-21,Risk Parity,3143035.82,3.242699,0.00592
2024-05-22,Risk Parity,3134018.59,3.233395,-0.002869
2024-05-23,Risk Parity,3091443.29,3.18947,-0.013585
2024-05-24,Risk Parity,3098641.95,3.196897,0.002329
2024-05-28,Risk Parity,3092084.42,3.190132,-0.002116
2024-05-29,Risk Parity,3076965.3,3.174533,-0.00489
2024-05-30,Risk Parity,3079618.04,3.17727,0.000862
2024-05-31,Risk Parity,3107392.16,3.205925,0.009019
2024-06-03,Risk Parity,3101228.03,3.199565,-0.001983
2024-06-04,Risk Parity,3095905.26,3.194074,-0.001716
2024-06-05,Risk Parity,3099110.39,3.19738,0.001035
2024-06-06,Risk Parity,3112694.58,3.211395,0.004383
2024-06-07,Risk Parity,3112777.13,3.21148,2.7e-05
2024-06-10,Risk Parity,3125524.67,3.224632,0.004095
2024-06-11,Risk Parity,3118977.13,3.217877,-0.002095
2024-06-12,Risk Parity,3115594.84,3.214387,-0.001084
2024-06-13,Risk Parity,3118364.77,3.217245,0.000889
2024-06-14,Risk Parity,3112306.11,3.210994,-0.001943
2024-06-17,Risk Parity,3123651.13,3.222699,0.003645
2024-06-18,Risk Parity,3119881.29,3.21881,-0.001207
2024-06-20,Risk Parity,3141128.69,3.240731,0.00681
2024-06-21,Risk Parity,3147690.46,3.247501,0.002089
2024-06-24,Risk Parity,3164513.04,3.264857,0.005344
2024-06-25,Risk Parity,3162945.52,3.26324,-0.000495
2024-06-26,Risk Parity,3175785.51,3.276487,0.00406
2024-06-27,Risk Parity,3185289.03,3.286292,0.002992
2024-06-28,Risk Parity,3162209.76,3.262481,-0.007246
2024-07-01,Risk Parity,3173321.18,3.273944,0.003515
2024-07-02,Risk Parity,3187609.74,3.288686,0.004503
2024-07-03,Risk Parity,3191027.91,3.292212,0.001072
2024-07-05,Risk Parity,3214969.85,3.316914,0.007503
2024-07-08,Risk Parity,3211366.3,3.313196,-0.001121
2024-07-09,Risk Parity,3214815.07,3.316754,0.001074
2024-07-10,Risk Parity,3245607.7,3.348523,0.009578
2024-07-11,Risk Parity,3233955.58,3.336501,-0.00359
2024-07-12,Risk Parity,3251512.45,3.354615,0.005429
2024-07-15,Risk Parity,3255067.41,3.358283,0.001093
2024-07-16,Risk Parity,3280392.73,3.384411,0.00778
2024-07-17,Risk Parity,3276261.13,3.380148,-0.001259
2024-07-18,Risk Parity,3231216.39,3.333675,-0.013749
2024-07-19,Risk Parity,3216054.85,3.318033,-0.004692
2024-07-22,Risk Parity,3229667.7,3.332077,0.004233
2024-07-23,Risk Parity,3221873.32,3.324036,-0.002413
2024-07-24,Risk Parity,3204328.09,3.305934,-0.005446
2024-07-25,Risk Parity,3186846.55,3.287899,-0.005456
2024-07-26,Risk Parity,3208953.68,3.310707,0.006937
2024-07-29,Risk Parity,3204735.28,3.306354,-0.001315
2024-07-30,Risk Parity,3193877.38,3.295152,-0.003388
2024-07-31,Risk Parity,3205520.03,3.307164,0.003645
2024-08-01,Risk Parity,3209492.51,3.311263,0.001241
2024-08-02,Risk Parity,3171428.4,3.271991,-0.01186
2024-08-05,Risk Parity,3082971.34,3.18073,-0.027892
2024-08-06,Risk Parity,3102950.77,3.201342,0.006481
2024-08-07,Risk Parity,3111364.51,3.210023,0.002712
2024-08-08,Risk Parity,3176313.48,3.277031,0.020875
2024-08-09,Risk Parity,3206280.99,3.307949,0.009435
2024-08-12,Risk Parity,3192733.31,3.293972,-0.004225
2024-08-13,Risk Parity,3217531.91,3.319557,0.007767
2024-08-14,Risk Parity,3233003.36,3.335519,0.004808
2024-08-15,Risk Parity,3258376.73,3.361697,0.007848
2024-08-16,Risk Parity,3264013.84,3.367513,0.00173
2024-08-19,Risk Parity,3282563.96,3.386651,0.005683
2024-08-20,Risk Parity,3289273.79,3.393574,0.002044
2024-08-21,Risk Parity,3291354.12,3.39572,0.000632
2024-08-22,Risk Parity,3282624.54,3.386714,-0.002652
2024-08-23,Risk Parity,3306130.03,3.410964,0.007161
2024-08-26,Risk Parity,3319015.07,3.424258,0.003897
2024-08-27,Risk Parity,3311348.56,3.416348,-0.00231
2024-08-28,Risk Parity,3300873.45,3.405541,-0.003163
2024-08-29,Risk Parity,3317480.68,3.422675,0.005031
2024-08-30,Risk Parity,3357738.67,3.464209,0.012135
2024-09-03,Risk Parity,3321842.03,3.427175,-0.010687
2024-09-04,Risk Parity,3312985.43,3.418037,-0.002666
2024-09-05,Risk Parity,3287329.54,3.391568,-0.007744
2024-09-06,Risk Parity,3245334.41,3.348241,-0.012775
2024-09-09,Risk Parity,3276198.65,3.380084,0.00951
2024-09-10,Risk Parity,3271008.93,3.37473,-0.001584
2024-09-11,Risk Parity,3280994.31,3.385032,0.003053
2024-09-12,Risk Parity,3299696.17,3.404326,0.0057
2024-09-13,Risk Parity,3307841.17,3.41273,0.002468
2024-09-16,Risk Parity,3323605.24,3.428994,0.004766
2024-09-17,Risk Parity,3335448.01,3.441212,0.003563
2024-09-18,Risk Parity,3327994.4,3.433522,-0.002235
2024-09-19,Risk Parity,3357430.98,3.463892,0.008845
2024-09-20,Risk Parity,3360686.28,3.467251,0.00097
2024-09-23,Risk Parity,3368026.96,3.474824,0.002184
2024-09-24,Risk Parity,3374327.63,3.481324,0.001871
2024-09-25,Risk Parity,3352270.85,3.458568,-0.006537
2024-09-26,Risk Parity,3352645.91,3.458955,0.000112
2024-09-27,Risk Parity,3352872.05,3.459189,6.7e-05
2024-09-30,Risk Parity,3368772.98,3.475594,0.004742
2024-10-01,Risk Parity,3359527.22,3.466055,-0.002743
2024-10-02,Risk Parity,3358724.77,3.465227,-0.000239
2024-10-03,Risk Parity,3340361.87,3.446282,-0.005467
2024-10-04,Risk Parity,3364974.58,3.471675,0.007368
2024-10-07,Risk Parity,3324895.69,3.430325,-0.011911
2024-10-08,Risk Parity,3331693.53,3.437338,0.002045
2024-10-09,Risk Parity,3353515.99,3.459853,0.00655
2024-10-10,Risk Parity,3352937.14,3.459256,-0.000173
2024-10-11,Risk Parity,3392224.71,3.499789,0.011717
2024-10-14,Risk Parity,3399710.85,3.507513,0.002207
2024-10-15,Risk Parity,3396766.03,3.504474,-0.000866
2024-10-16,Risk Parity,3403943.0,3.511879,0.002113
2024-10-17,Risk Parity,3401511.23,3.50937,-0.000714
2024-10-18,Risk Parity,3410911.71,3.519069,0.002764
2024-10-21,Risk Parity,3394729.18,3.502373,-0.004744
2024-10-22,Risk Parity,3402618.33,3.510512,0.002324
2024-10-23,Risk Parity,3390495.46,3.498005,-0.003563
2024-10-24,Risk Parity,3374925.36,3.481941,-0.004592
2024-10-25,Risk Parity,3362375.13,3.468993,-0.003719
2024-10-28,Risk Parity,3384614.77,3.491938,0.006614
2024-10-29,Risk Parity,3366559.43,3.47331,-0.005335
2024-10-30,Risk Parity,3345736.49,3.451827,-0.006185
2024-10-31,Risk Parity,3298854.29,3.403458,-0.014013
2024-11-01,Risk Parity,3303162.91,3.407903,0.001307
2024-11-04,Risk Parity,3286872.51,3.391096,-0.004932
2024-11-05,Risk Parity,3306759.44,3.411614,0.00605
2024-11-06,Risk Parity,3359323.57,3.465845,0.015896
2024-11-07,Risk Parity,3366734.86,3.473491,0.002206
2024-11-08,Risk Parity,3382310.59,3.489561,0.004626
2024-11-11,Risk Parity,3374931.63,3.481948,-0.002182
2024-11-12,Risk Parity,3360798.42,3.467366,-0.004188
2024-11-13,Risk Parity,3367589.4,3.474373,0.002021
2024-11-14,Risk Parity,3357014.64,3.463462,-0.00314
2024-11-15,Risk Parity,3333834.34,3.439547,-0.006905
2024-11-18,Risk Parity,3340461.4,3.446384,0.001988
2024-11-19,Risk Parity,3339059.64,3.444938,-0.00042
2024-11-20,Risk Parity,3344325.14,3.450371,0.001577
2024-11-21,Risk Parity,3352154.1,3.458448,0.002341
2024-11-22,Risk Parity,3364464.34,3.471148,0.003672
2024-11-25,Risk Parity,3390430.76,3.497938,0.007718
2024-11-26,Risk Parity,3426138.88,3.534779,0.010532
2024-11-27,Risk Parity,3426274.58,3.534919,4e-05
2024-11-29,Risk Parity,3435287.32,3.544217,0.00263
2024-12-02,Risk Parity,3435225.82,3.544154,-1.5e-05
2024-12-03,Risk Parity,3419127.33,3.527545,-0.004686
2024-12-04,Risk Parity,3420497.02,3.528958,0.000401
2024-12-05,Risk Parity,3425177.55,3.533787,0.001368
2024-12-06,Risk Parity,3425756.4,3.534384,0.000169
2024-12-09,Risk Parity,3407332.91,3.515376,-0.005378
2024-12-10,Risk Parity,3408272.59,3.516346,0.000276
2024-12-11,Risk Parity,3414224.34,3.522486,0.001746
2024-12-12,Risk Parity,3392168.84,3.499731,-0.00646
2024-12-13,Risk Parity,3388158.5,3.495594,-0.001182
2024-12-16,Risk Parity,3383581.68,3.490872,-0.001351
2024-12-17,Risk Parity,3383017.98,3.49029,-0.000167
2024-12-18,Risk Parity,3304188.36,3.408961,-0.023302
2024-12-19,Risk Parity,3299667.61,3.404297,-0.001368
2024-12-20,Risk Parity,3332318.04,3.437983,0.009895
2024-12-23,Risk Parity,3355293.29,3.461687,0.006895
2024-12-24,Risk Parity,3379431.28,3.48659,0.007194
2024-12-26,Risk Parity,3377055.08,3.484138,-0.000703
2024-12-27,Risk Parity,3349873.15,3.456095,-0.008049
2024-12-30,Risk Parity,3316412.43,3.421573,-0.009989
2019-01-03,S&P 500,975243.27,1.0,-0.024757
2019-01-04,S&P 500,1008728.94,1.034336,0.034336
2019-01-07,S&P 500,1015800.57,1.041587,0.00701
2019-01-08,S&P 500,1025649.05,1.051685,0.009695
2019-01-09,S&P 500,1029852.21,1.055995,0.004098
2019-01-10,S&P 500,1034505.51,1.060767,0.004518
2019-01-11,S&P 500,1034354.16,1.060611,-0.000146
2019-01-14,S&P 500,1028916.02,1.055035,-0.005258
2019-01-15,S&P 500,1039947.74,1.066347,0.010722
2019-01-16,S&P 500,1042258.49,1.068716,0.002222
2019-01-17,S&P 500,1050170.69,1.076829,0.007591
2019-01-18,S&P 500,1064015.14,1.091025,0.013183
2019-01-22,S&P 500,1048951.56,1.075579,-0.014157
2019-01-23,S&P 500,1051262.3,1.077949,0.002203
2019-01-24,S&P 500,1052708.55,1.079432,0.001376
2019-01-25,S&P 500,1061644.67,1.088595,0.008489
2019-01-28,S&P 500,1053314.13,1.080053,-0.007847
2019-01-29,S&P 500,1051780.25,1.07848,-0.001456
2019-01-30,S&P 500,1068134.65,1.095249,0.015549
2019-01-31,S&P 500,1077317.83,1.104666,0.008597
2019-02-01,S&P 500,1078285.92,1.105658,0.000899
2019-02-04,S&P 500,1085592.64,1.113151,0.006776
2019-02-05,S&P 500,1090704.06,1.118392,0.004708
2019-02-06,S&P 500,1088277.86,1.115904,-0.002224
2019-02-07,S&P 500,1078094.69,1.105462,-0.009357
2019-02-08,S&P 500,1078823.7,1.10621,0.000676
2019-02-11,S&P 500,1079588.7,1.106994,0.000709
2019-02-12,S&P 500,1093504.84,1.121264,0.01289
2019-02-13,S&P 500,1096811.59,1.124654,0.003024
2019-02-14,S&P 500,1093903.24,1.121672,-0.002652
2019-02-15,S&P 500,1105803.54,1.133875,0.010879
2019-02-19,S&P 500,1107460.86,1.135574,0.001499
2019-02-20,S&P 500,1109428.94,1.137592,0.001777
2019-02-21,S&P 500,1105516.61,1.13358,-0.003526
2019-02-22,S&P 500,1112604.19,1.140848,0.006411
2019-02-25,S&P 500,1113974.76,1.142253,0.001232
2019-02-26,S&P 500,1113094.21,1.14135,-0.00079
2019-02-27,S&P 500,1112488.64,1.140729,-0.000544
2019-02-28,S&P 500,1109345.29,1.137506,-0.002826
2019-03-01,S&P 500,1116994.58,1.14535,0.006895
2019-03-04,S&P 500,1112660.02,1.140905,-0.003881
2019-03-05,S&P 500,1111401.01,1.139614,-0.001132
2019-03-06,S&P 500,1104150.12,1.132179,-0.006524
2019-03-07,S&P 500,1095178.11,1.122979,-0.008126
2019-03-08,S&P 500,1092843.53,1.120586,-0.002132
2019-03-11,S&P 500,1108871.22,1.13702,0.014666
2019-03-12,S&P 500,1112146.06,1.140378,0.002953
2019-03-13,S&P 500,1119875.02,1.148303,0.00695
2019-03-14,S&P 500,1118902.94,1.147306,-0.000868
2019-03-15,S&P 500,1124480.56,1.153026,0.004985
2019-03-18,S&P 500,1128647.83,1.157299,0.003706
2019-03-19,S&P 500,1128500.47,1.157148,-0.000131
2019-03-20,S&P 500,1125177.77,1.153741,-0.002944
2019-03-21,S&P 500,1137388.74,1.166262,0.010852
2019-03-22,S&P 500,1115807.35,1.144132,-0.018975
2019-03-25,S&P 500,1114871.17,1.143172,-0.000839
2019-03-26,S&P 500,1122878.98,1.151383,0.007183
2019-03-27,S&P 500,1117663.97,1.146036,-0.004644
2019-03-28,S&P 500,1121675.8,1.15015,0.003589
2019-03-29,S&P 500,1129229.48,1.157895,0.006734
2019-04-01,S&P 500,1142293.08,1.17129,0.011569
2019-04-02,S&P 500,1142313.02,1.171311,1.7e-05
2019-04-03,S&P 500,1144767.14,1.173827,0.002148
2019-04-04,S&P 500,1147153.56,1.176274,0.002085
2019-04-05,S&P 500,1152472.26,1.181728,0.004636
2019-04-08,S&P 500,1153679.43,1.182966,0.001047
2019-04-09,S&P 500,1146679.49,1.175788,-0.006067
2019-04-10,S&P 500,1150667.49,1.179877,0.003478
2019-04-11,S&P 500,1150711.36,1.179922,3.8e-05
2019-04-12,S&P 500,1158316.78,1.187721,0.006609
2019-04-15,S&P 500,1157587.78,1.186973,-0.000629
2019-04-16,S&P 500,1158177.4,1.187578,0.000509
2019-04-17,S&P 500,1155543.92,1.184878,-0.002274
2019-04-18,S&P 500,1157368.64,1.186749,0.001579
2019-04-22,S&P 500,1158539.91,1.18795,0.001012
2019-04-23,S&P 500,1168782.8,1.198453,0.008841
2019-04-24,S&P 500,1166221.11,1.195826,-0.002192
2019-04-25,S&P 500,1165790.8,1.195385,-0.000369
2019-04-26,S&P 500,1171252.87,1.200985,0.004685
2019-04-29,S&P 500,1172507.9,1.202272,0.001072
2019-04-30,S&P 500,1173623.44,1.203416,0.000951
2019-05-01,S&P 500,1164818.73,1.194388,-0.007502
2019-05-02,S&P 500,1162344.67,1.191851,-0.002124
2019-05-03,S&P 500,1173547.67,1.203338,0.009638
2019-05-06,S&P 500,1168300.75,1.197958,-0.004471
2019-05-07,S&P 500,1149010.18,1.178178,-0.016512
2019-05-08,S&P 500,1147165.53,1.176287,-0.001605
2019-05-09,S&P 500,1143699.45,1.172732,-0.003021
2019-05-10,S&P 500,1147954.35,1.177095,0.00372
2019-05-13,S&P 500,1120253.58,1.148691,-0.024131
2019-05-14,S&P 500,1129233.47,1.157899,0.008016
2019-05-15,S&P 500,1135827.03,1.16466,0.005839
2019-05-16,S&P 500,1145930.54,1.17502,0.008895
2019-05-17,S&P 500,1139241.36,1.168161,-0.005837
2019-05-20,S&P 500,1131552.19,1.160277,-0.006749
2019-05-21,S&P 500,1141165.67,1.170134,0.008496
2019-05-22,S&P 500,1137942.57,1.166829,-0.002824
2019-05-23,S&P 500,1124384.95,1.152928,-0.011914
2019-05-24,S&P 500,1125906.87,1.154488,0.001354
2019-05-28,S&P 500,1116476.64,1.144819,-0.008376
2019-05-29,S&P 500,1108759.65,1.136906,-0.006912
2019-05-30,S&P 500,1111086.35,1.139291,0.002098
2019-05-31,S&P 500,1096425.15,1.124258,-0.013195
2019-06-03,S&P 500,1093393.27,1.121149,-0.002765
2019-06-04,S&P 500,1116827.28,1.145178,0.021432
2019-06-05,S&P 500,1125942.67,1.154525,0.008162
2019-06-06,S&P 500,1132850.98,1.161609,0.006136
2019-06-07,S&P 500,1144743.31,1.173803,0.010498
2019-06-10,S&P 500,1150077.87,1.179273,0.00466
2019-06-11,S&P 500,1149675.48,1.17886,-0.00035
2019-06-12,S&P 500,1147332.92,1.176458,-0.002038
2019-06-13,S&P 500,1152033.98,1.181279,0.004097
2019-06-14,S&P 500,1150177.47,1.179375,-0.001612
2019-06-17,S&P 500,1151249.14,1.180474,0.000932
2019-06-18,S&P 500,1162436.29,1.191945,0.009717
2019-06-19,S&P 500,1165906.35,1.195503,0.002985
2019-06-20,S&P 500,1176950.04,1.206827,0.009472
2019-06-21,S&P 500,1175467.99,1.205307,-0.001259
2019-06-24,S&P 500,1173432.22,1.20322,-0.001732
2019-06-25,S&P 500,1162288.84,1.191794,-0.009496
2019-06-26,S&P 500,1160854.65,1.190323,-0.001234
2019-06-27,S&P 500,1165292.8,1.194874,0.003823
2019-06-28,S&P 500,1172001.92,1.201753,0.005757
2019-07-01,S&P 500,1180993.87,1.210974,0.007672
2019-07-02,S&P 500,1184451.97,1.21452,0.002928
2019-07-03,S&P 500,1193539.53,1.223838,0.007672
2019-07-05,S&P 500,1191384.12,1.221628,-0.001806
2019-07-08,S&P 500,1185623.25,1.215721,-0.004835
2019-07-09,S&P 500,1187089.34,1.217224,0.001237
2019-07-10,S&P 500,1192443.93,1.222714,0.004511
2019-07-11,S&P 500,1195168.93,1.225509,0.002285
2019-07-12,S&P 500,1200690.82,1.231171,0.00462
2019-07-15,S&P 500,1200901.99,1.231387,0.000176
2019-07-16,S&P 500,1196814.38,1.227196,-0.003404
2019-07-17,S&P 500,1188997.7,1.219181,-0.006531
2019-07-18,S&P 500,1193256.68,1.223548,0.003582
2019-07-19,S&P 500,1185886.25,1.21599,-0.006177
2019-07-22,S&P 500,1189240.76,1.21943,0.002829
2019-07-23,S&P 500,1197384.07,1.22778,0.006847
2019-07-24,S&P 500,1202997.58,1.233536,0.004688
2019-07-25,S&P 500,1196666.93,1.227045,-0.005262
2019-07-26,S&P 500,1205507.53,1.23611,0.007388
2019-07-29,S&P 500,1203559.29,1.234112,-0.001616
2019-07-30,S&P 500,1200455.73,1.23093,-0.002579
2019-07-31,S&P 500,1187388.14,1.21753,-0.010886
2019-08-01,S&P 500,1176703.08,1.206574,-0.008999
2019-08-02,S&P 500,1168133.45,1.197787,-0.007283
2019-08-05,S&P 500,1133348.99,1.162119,-0.029778
2019-08-06,S&P 500,1148101.81,1.177247,0.013017
2019-08-07,S&P 500,1148982.26,1.178149,0.000767
2019-08-08,S&P 500,1170539.82,1.200254,0.018762
2019-08-09,S&P 500,1162794.81,1.192313,-0.006617
2019-08-12,S&P 500,1148472.3,1.177626,-0.012317
2019-08-13,S&P 500,1165850.62,1.195446,0.015132
2019-08-14,S&P 500,1131699.65,1.160428,-0.029293
2019-08-15,S&P 500,1134488.46,1.163288,0.002464
2019-08-16,S&P 500,1150854.73,1.180069,0.014426
2019-08-19,S&P 500,1164786.82,1.194355,0.012106
2019-08-20,S&P 500,1155567.85,1.184902,-0.007915
2019-08-21,S&P 500,1165097.59,1.194674,0.008247
2019-08-22,S&P 500,1164507.96,1.194069,-0.000506
2019-08-23,S&P 500,1134293.25,1.163087,-0.025946
2019-08-26,S&P 500,1146751.17,1.175862,0.010983
2019-08-27,S&P 500,1143077.92,1.172095,-0.003203
2019-08-28,S&P 500,1150559.92,1.179767,0.006545
2019-08-29,S&P 500,1165157.41,1.194735,0.012687
2019-08-30,S&P 500,1165906.35,1.195503,0.000643
2019-09-03,S&P 500,1157862.65,1.187255,-0.006899
2019-09-04,S&P 500,1170416.29,1.200128,0.010842
2019-09-05,S&P 500,1185643.19,1.215741,0.01301
2019-09-06,S&P 500,1186722.84,1.216848,0.000911
2019-09-09,S&P 500,1186611.27,1.216734,-9.4e-05
2019-09-10,S&P 500,1186993.72,1.217126,0.000322
2019-09-11,S&P 500,1195575.31,1.225925,0.00723
2019-09-12,S&P 500,1199017.55,1.229455,0.002879
2019-09-13,S&P 500,1198148.97,1.228564,-0.000724
2019-09-16,S&P 500,1194392.07,1.224712,-0.003136
2019-09-17,S&P 500,1197475.69,1.227874,0.002582
2019-09-18,S&P 500,1197886.06,1.228295,0.000343
2019-09-19,S&P 500,1197909.99,1.228319,2e-05
2019-09-20,S&P 500,1192045.53,1.222306,-0.004896
2019-09-23,S&P 500,1191929.97,1.222187,-9.7e-05
2019-09-24,S&P 500,1181898.25,1.211901,-0.008416
2019-09-25,S&P 500,1189177.05,1.219365,0.006159
2019-09-26,S&P 500,1186288.64,1.216403,-0.002429
2019-09-27,S&P 500,1179981.91,1.209936,-0.005316
2019-09-30,S&P 500,1185938.0,1.216043,0.005048
2019-10-01,S&P 500,1171400.33,1.201137,-0.012258
2019-10-02,S&P 500,1150428.51,1.179632,-0.017903
2019-10-03,S&P 500,1159599.63,1.189036,0.007972
2019-10-04,S&P 500,1176085.53,1.205941,0.014217
2019-10-07,S&P 500,1170818.68,1.20054,-0.004478
2019-10-08,S&P 500,1152599.78,1.181859,-0.015561
2019-10-09,S&P 500,1163093.62,1.192619,0.009104
2019-10-10,S&P 500,1170555.67,1.20027,0.006416
2019-10-11,S&P 500,1183360.35,1.2134,0.010939
2019-10-14,S&P 500,1181718.89,1.211717,-0.001387
2019-10-15,S&P 500,1193483.7,1.223781,0.009956
2019-10-16,S&P 500,1191097.28,1.221334,-0.002
2019-10-17,S&P 500,1194388.08,1.224708,0.002763
2019-10-18,S&P 500,1189706.86,1.219908,-0.003919
2019-10-21,S&P 500,1197882.07,1.228291,0.006872
2019-10-22,S&P 500,1193607.23,1.223907,-0.003569
2019-10-23,S&P 500,1197005.61,1.227392,0.002847
2019-10-24,S&P 500,1199304.39,1.229749,0.00192
2019-10-25,S&P 500,1204188.8,1.234757,0.004073
2019-10-28,S&P 500,1210909.78,1.241649,0.005581
2019-10-29,S&P 500,1209901.82,1.240615,-0.000832
2019-10-30,S&P 500,1213838.08,1.244652,0.003253
2019-10-31,S&P 500,1210168.81,1.240889,-0.003023
2019-11-01,S&P 500,1221861.84,1.252879,0.009662
2019-11-04,S&P 500,1226387.73,1.25752,0.003704
2019-11-05,S&P 500,1224933.6,1.256029,-0.001186
2019-11-06,S&P 500,1225794.11,1.256911,0.000702
2019-11-07,S&P 500,1229140.65,1.260343,0.00273
2019-11-08,S&P 500,1232288.08,1.26357,0.002561
2019-11-11,S&P 500,1229869.75,1.26109,-0.001962
2019-11-12,S&P 500,1231794.06,1.263063,0.001565
2019-11-13,S&P 500,1232670.53,1.263962,0.000712
2019-11-14,S&P 500,1233702.32,1.26502,0.000837
2019-11-15,S&P 500,1243196.27,1.274755,0.007695
2019-11-18,S&P 500,1243821.78,1.275396,0.000503
2019-11-19,S&P 500,1243084.7,1.274641,-0.000593
2019-11-20,S&P 500,1238415.45,1.269853,-0.003756
2019-11-21,S&P 500,1236455.34,1.267843,-0.001583
2019-11-22,S&P 500,1239144.55,1.2706,0.002175
2019-11-25,S&P 500,1248447.17,1.280139,0.007507
2019-11-26,S&P 500,1251188.23,1.28295,0.002196
2019-11-27,S&P 500,1256411.22,1.288305,0.004174
2019-11-29,S&P 500,1251371.48,1.283138,-0.004011
2019-12-02,S&P 500,1240570.86,1.272063,-0.008631
2019-12-03,S&P 500,1232335.83,1.263619,-0.006638
2019-12-04,S&P 500,1240128.59,1.271609,0.006324
2019-12-05,S&P 500,1241989.1,1.273517,0.0015
2019-12-06,S&P 500,1253335.57,1.285152,0.009136
2019-12-09,S&P 500,1249371.49,1.281087,-0.003163
2019-12-10,S&P 500,1248001.01,1.279682,-0.001097
2019-12-11,S&P 500,1251630.4,1.283403,0.002908
2019-12-12,S&P 500,1262363.41,1.294409,0.008575
2019-12-13,S&P 500,1262455.04,1.294503,7.3e-05
2019-12-16,S&P 500,1271478.79,1.303756,0.007148
2019-12-17,S&P 500,1271905.11,1.304193,0.000335
2019-12-18,S&P 500,1271355.26,1.303629,-0.000432
2019-12-19,S&P 500,1277024.61,1.309442,0.004459
2019-12-20,S&P 500,1283339.22,1.315917,0.004945
2019-12-23,S&P 500,1284450.77,1.317057,0.000866
2019-12-24,S&P 500,1284199.73,1.316799,-0.000195
2019-12-26,S&P 500,1290785.32,1.323552,0.005128
2019-12-27,S&P 500,1290829.19,1.323597,3.4e-05
2019-12-30,S&P 500,1283367.13,1.315946,-0.005781
2019-12-31,S&P 500,1287147.96,1.319822,0.002946
2020-01-02,S&P 500,1297932.72,1.330881,0.008379
2020-01-03,S&P 500,1288769.48,1.321485,-0.00706
2020-01-06,S&P 500,1293323.18,1.326154,0.003533
2020-01-07,S&P 500,1289697.69,1.322437,-0.002803
2020-01-08,S&P 500,1296020.37,1.32892,0.004902
2020-01-09,S&P 500,1304645.73,1.337764,0.006655
2020-01-10,S&P 500,1300920.73,1.333945,-0.002855
2020-01-13,S&P 500,1309996.23,1.343251,0.006976
2020-01-14,S&P 500,1308012.2,1.341216,-0.001515
2020-01-15,S&P 500,1310458.44,1.343725,0.00187
2020-01-16,S&P 500,1321422.46,1.354967,0.008367
2020-01-17,S&P 500,1326526.01,1.3602,0.003862
2020-01-21,S&P 500,1323008.09,1.356593,-0.002652
2020-01-22,S&P 500,1323390.54,1.356985,0.000289
2020-01-23,S&P 500,1324900.5,1.358533,0.001141
2020-01-24,S&P 500,1312920.54,1.346249,-0.009042
2020-01-27,S&P 500,1292267.36,1.325072,-0.015731
2020-01-28,S&P 500,1305259.28,1.338394,0.010054
2020-01-29,S&P 500,1304127.78,1.337233,-0.000867
2020-01-30,S&P 500,1308215.39,1.341425,0.003134
2020-01-31,S&P 500,1285052.36,1.317674,-0.017706
2020-02-03,S&P 500,1294374.92,1.327233,0.007255
2020-02-04,S&P 500,1313765.19,1.347115,0.01498
2020-02-05,S&P 500,1328545.84,1.362271,0.011251
2020-02-06,S&P 500,1332964.14,1.366802,0.003326
2020-02-07,S&P 500,1325765.0,1.35942,-0.005401
2020-02-10,S&P 500,1335478.08,1.369379,0.007326
2020-02-11,S&P 500,1337733.0,1.371692,0.001688
2020-02-12,S&P 500,1346378.29,1.380556,0.006463
2020-02-13,S&P 500,1344183.1,1.378305,-0.00163
2020-02-14,S&P 500,1346661.14,1.380846,0.001844
2020-02-18,S&P 500,1342728.97,1.376814,-0.00292
2020-02-19,S&P 500,1349047.57,1.383293,0.004706
2020-02-20,S&P 500,1343900.25,1.378015,-0.003816
2020-02-21,S&P 500,1329764.97,1.363521,-0.010518
2020-02-24,S&P 500,1285199.72,1.317825,-0.033514
2020-02-25,S&P 500,1246283.88,1.277921,-0.03028
2020-02-26,S&P 500,1241574.74,1.273092,-0.003779
2020-02-27,S&P 500,1186742.78,1.216868,-0.044163
2020-02-28,S&P 500,1176965.99,1.206843,-0.008238
2020-03-02,S&P 500,1231152.59,1.262406,0.046039
2020-03-03,S&P 500,1196547.48,1.226922,-0.028108
2020-03-04,S&P 500,1247044.89,1.278701,0.042203
2020-03-05,S&P 500,1204742.54,1.235325,-0.033922
2020-03-06,S&P 500,1184197.03,1.214258,-0.017054
2020-03-09,S&P 500,1094233.94,1.122011,-0.07597
2020-03-10,S&P 500,1148285.06,1.177434,0.049396
2020-03-11,S&P 500,1092170.15,1.119895,-0.048868
2020-03-12,S&P 500,988290.92,1.013379,-0.095113
2020-03-13,S&P 500,1080074.74,1.107493,0.092871
2020-03-16,S&P 500,950637.98,0.97477,-0.119841
2020-03-17,S&P 500,1007633.34,1.033212,0.059955
2020-03-18,S&P 500,955406.94,0.97966,-0.051831
2020-03-19,S&P 500,959904.81,0.984272,0.004708
2020-03-20,S&P 500,918283.8,0.941595,-0.04336
2020-03-23,S&P 500,891383.72,0.914012,-0.029294
2020-03-24,S&P 500,975020.24,0.999771,0.093828
2020-03-25,S&P 500,986267.11,1.011304,0.011535
2020-03-26,S&P 500,1047824.14,1.074423,0.062414
2020-03-27,S&P 500,1012525.72,1.038229,-0.033687
2020-03-30,S&P 500,1046461.54,1.073026,0.033516
2020-03-31,S&P 500,1029704.85,1.055844,-0.016013
2020-04-01,S&P 500,984251.17,1.009237,-0.044142
2020-04-02,S&P 500,1006720.98,1.032277,0.022829
2020-04-03,S&P 500,991482.12,1.016651,-0.015137
2020-04-06,S&P 500,1061214.37,1.088153,0.070331
2020-04-07,S&P 500,1059513.19,1.086409,-0.001603
2020-04-08,S&P 500,1095596.45,1.123408,0.034056
2020-04-09,S&P 500,1111468.8,1.139684,0.014487
2020-04-13,S&P 500,1100237.79,1.128168,-0.010105
2020-04-14,S&P 500,1133874.9,1.162659,0.030573
2020-04-15,S&P 500,1108895.14,1.137045,-0.02203
2020-04-16,S&P 500,1115345.24,1.143658,0.005817
2020-04-17,S&P 500,1145229.35,1.174301,0.026794
2020-04-20,S&P 500,1124751.45,1.153303,-0.017881
2020-04-21,S&P 500,1090249.93,1.117926,-0.030675
2020-04-22,S&P 500,1115249.63,1.14356,0.02293
2020-04-23,S&P 500,1114648.04,1.142944,-0.000539
2020-04-24,S&P 500,1130161.77,1.158851,0.013918
2020-04-27,S&P 500,1146791.05,1.175903,0.014714
2020-04-28,S&P 500,1140779.14,1.169738,-0.005242
2020-04-29,S&P 500,1171105.51,1.200834,0.026584
2020-04-30,S&P 500,1160316.77,1.189772,-0.009212
2020-05-01,S&P 500,1127759.4,1.156388,-0.028059
2020-05-04,S&P 500,1132552.18,1.161302,0.00425
2020-05-05,S&P 500,1142791.09,1.171801,0.009041
2020-05-06,S&P 500,1134815.08,1.163623,-0.006979
2020-05-07,S&P 500,1147870.71,1.17701,0.011505
2020-05-08,S&P 500,1167237.05,1.196868,0.016872
2020-05-11,S&P 500,1167392.38,1.197027,0.000133
2020-05-12,S&P 500,1143460.47,1.172487,-0.0205
2020-05-13,S&P 500,1123492.53,1.152013,-0.017463
2020-05-14,S&P 500,1136440.59,1.165289,0.011525
2020-05-15,S&P 500,1140902.67,1.169865,0.003926
2020-05-18,S&P 500,1176842.46,1.206717,0.031501
2020-05-19,S&P 500,1164503.97,1.194065,-0.010484
2020-05-20,S&P 500,1183894.25,1.213948,0.016651
2020-05-21,S&P 500,1174691.13,1.204511,-0.007774
2020-05-22,S&P 500,1177456.01,1.207346,0.002354
2020-05-26,S&P 500,1191925.99,1.222183,0.012289
2020-05-27,S&P 500,1209599.03,1.240305,0.014827
2020-05-28,S&P 500,1207049.3,1.23769,-0.002108
2020-05-29,S&P 500,1212858.02,1.243647,0.004812
2020-06-01,S&P 500,1217407.74,1.248312,0.003751
2020-06-02,S&P 500,1227403.67,1.258562,0.008211
2020-06-03,S&P 500,1244156.48,1.27574,0.013649
2020-06-04,S&P 500,1239965.28,1.271442,-0.003369
2020-06-05,S&P 500,1272466.82,1.304769,0.026212
2020-06-08,S&P 500,1287789.33,1.32048,0.012042
2020-06-09,S&P 500,1277745.64,1.310181,-0.007799
2020-06-10,S&P 500,1270956.86,1.30322,-0.005313
2020-06-11,S&P 500,1196041.51,1.226403,-0.058944
2020-06-12,S&P 500,1211662.82,1.242421,0.013061
2020-06-15,S&P 500,1221734.42,1.252748,0.008312
2020-06-16,S&P 500,1244901.44,1.276503,0.018962
2020-06-17,S&P 500,1240419.42,1.271908,-0.0036
2020-06-18,S&P 500,1241156.5,1.272663,0.000594
2020-06-19,S&P 500,1234144.59,1.265474,-0.005649
2020-06-22,S&P 500,1242160.48,1.273693,0.006495
2020-06-23,S&P 500,1247510.99,1.279179,0.004307
2020-06-24,S&P 500,1215256.41,1.246106,-0.025855
2020-06-25,S&P 500,1228574.95,1.259763,0.010959
2020-06-26,S&P 500,1198810.38,1.229242,-0.024227
2020-06-29,S&P 500,1216415.72,1.247295,0.014686
2020-06-30,S&P 500,1235160.54,1.266515,0.01541
2020-07-01,S&P 500,1241363.68,1.272876,0.005022
2020-07-02,S&P 500,1247001.02,1.278656,0.004541
2020-07-06,S&P 500,1266805.55,1.298964,0.015882
2020-07-07,S&P 500,1253100.57,1.284911,-0.010819
2020-07-08,S&P 500,1262909.17,1.294968,0.007827
2020-07-09,S&P 500,1255781.81,1.28766,-0.005644
2020-07-10,S&P 500,1268925.07,1.301137,0.010466
2020-07-13,S&P 500,1257044.71,1.288955,-0.009363
2020-07-14,S&P 500,1273897.12,1.306235,0.013406
2020-07-15,S&P 500,1285466.72,1.318099,0.009082
2020-07-16,S&P 500,1281088.29,1.313609,-0.003406
2020-07-17,S&P 500,1284737.61,1.317351,0.002849
2020-07-20,S&P 500,1295538.32,1.328426,0.008407
2020-07-21,S&P 500,1297713.58,1.330656,0.001679
2020-07-22,S&P 500,1305171.64,1.338304,0.005747
2020-07-23,S&P 500,1289092.11,1.321816,-0.01232
2020-07-24,S&P 500,1281112.12,1.313633,-0.00619
2020-07-27,S&P 500,1290586.12,1.323348,0.007395
2020-07-28,S&P 500,1282231.65,1.314781,-0.006473
2020-07-29,S&P 500,1298167.71,1.331122,0.012428
2020-07-30,S&P 500,1293299.26,1.32613,-0.00375
2020-07-31,S&P 500,1303219.51,1.336302,0.007671
2020-08-03,S&P 500,1312577.96,1.345898,0.007181
2020-08-04,S&P 500,1317318.91,1.350759,0.003612
2020-08-05,S&P 500,1325788.93,1.359444,0.00643
2020-08-06,S&P 500,1334310.69,1.368182,0.006428
2020-08-07,S&P 500,1335155.35,1.369049,0.000633
2020-08-10,S&P 500,1338816.64,1.372803,0.002742
2020-08-11,S&P 500,1328147.43,1.361863,-0.007969
2020-08-12,S&P 500,1346736.91,1.380924,0.013997
2020-08-13,S&P 500,1343979.91,1.378097,-0.002047
2020-08-14,S&P 500,1343748.9,1.37786,-0.000172
2020-08-17,S&P 500,1347390.25,1.381594,0.00271
2020-08-18,S&P 500,1350493.81,1.384776,0.002303
2020-08-19,S&P 500,1344545.71,1.378677,-0.004404
2020-08-20,S&P 500,1348792.63,1.383032,0.003159
2020-08-21,S&P 500,1353433.97,1.387791,0.003441
2020-08-24,S&P 500,1367027.48,1.40173,0.010044
2020-08-25,S&P 500,1371943.79,1.406771,0.003596
2020-08-26,S&P 500,1385931.62,1.421114,0.010196
2020-08-27,S&P 500,1388250.34,1.423491,0.001673
2020-08-28,S&P 500,1397596.83,1.433075,0.006733
2020-08-31,S&P 500,1394529.16,1.42993,-0.002195
2020-09-01,S&P 500,1405022.99,1.44069,0.007525
2020-09-02,S&P 500,1426612.45,1.462827,0.015366
2020-09-03,S&P 500,1376501.48,1.411444,-0.035126
2020-09-04,S&P 500,1365306.36,1.399965,-0.008133
2020-09-08,S&P 500,1327410.45,1.361107,-0.027756
2020-09-09,S&P 500,1354151.11,1.388526,0.020145
2020-09-10,S&P 500,1330338.64,1.36411,-0.017585
2020-09-11,S&P 500,1331047.81,1.364837,0.000533
2020-09-14,S&P 500,1348007.79,1.382227,0.012742
2020-09-15,S&P 500,1355043.53,1.389442,0.005219
2020-09-16,S&P 500,1348784.66,1.383024,-0.004619
2020-09-17,S&P 500,1337438.19,1.371389,-0.008412
2020-09-18,S&P 500,1322482.17,1.356054,-0.011183
2020-09-21,S&P 500,1307179.6,1.340363,-0.011571
2020-09-22,S&P 500,1320928.45,1.35446,0.010518
2020-09-23,S&P 500,1289594.1,1.322331,-0.023721
2020-09-24,S&P 500,1293446.71,1.326281,0.002987
2020-09-25,S&P 500,1314111.75,1.347471,0.015977
2020-09-28,S&P 500,1335282.87,1.369179,0.016111
2020-09-29,S&P 500,1328856.6,1.36259,-0.004813
2020-09-30,S&P 500,1339824.61,1.373836,0.008254
2020-10-01,S&P 500,1346916.18,1.381108,0.005293
2020-10-02,S&P 500,1334015.88,1.36788,-0.009578
2020-10-05,S&P 500,1357991.76,1.392465,0.017973
2020-10-06,S&P 500,1339015.84,1.373007,-0.013974
2020-10-07,S&P 500,1362310.37,1.396893,0.017397
2020-10-08,S&P 500,1373222.65,1.408082,0.00801
2020-10-09,S&P 500,1385298.12,1.420464,0.008794
2020-10-12,S&P 500,1408038.92,1.443782,0.016416
2020-10-13,S&P 500,1399158.53,1.434676,-0.006307
2020-10-14,S&P 500,1389891.71,1.425174,-0.006623
2020-10-15,S&P 500,1387768.29,1.422997,-0.001528
2020-10-16,S&P 500,1387955.53,1.423189,0.000135
2020-10-19,S&P 500,1365290.41,1.399949,-0.01633
2020-10-20,S&P 500,1371744.59,1.406567,0.004727
2020-10-21,S&P 500,1368732.65,1.403478,-0.002196
2020-10-22,S&P 500,1375875.97,1.410803,0.005219
2020-10-23,S&P 500,1380616.91,1.415664,0.003446
2020-10-26,S&P 500,1354951.91,1.389348,-0.01859
2020-10-27,S&P 500,1350852.34,1.385144,-0.003026
2020-10-28,S&P 500,1303183.62,1.336265,-0.035288
2020-10-29,S&P 500,1318753.19,1.35223,0.011947
2020-10-30,S&P 500,1302757.31,1.335828,-0.01213
2020-11-02,S&P 500,1318804.94,1.352283,0.012318
2020-11-03,S&P 500,1342278.73,1.376353,0.017799
2020-11-04,S&P 500,1371872.01,1.406697,0.022047
2020-11-05,S&P 500,1398568.91,1.434072,0.01946
2020-11-06,S&P 500,1398166.52,1.433659,-0.000288
2020-11-09,S&P 500,1414524.91,1.450433,0.0117
2020-11-10,S&P 500,1412544.87,1.448403,-0.0014
2020-11-11,S&P 500,1423353.45,1.459486,0.007652
2020-11-12,S&P 500,1409150.48,1.444922,-0.009979
2020-11-13,S&P 500,1428329.49,1.464588,0.01361
2020-11-16,S&P 500,1444966.74,1.481647,0.011648
2020-11-17,S&P 500,1438042.57,1.474548,-0.004792
2020-11-18,S&P 500,1421413.29,1.457496,-0.011564
2020-11-19,S&P 500,1427022.81,1.463248,0.003946
2020-11-20,S&P 500,1417329.67,1.453309,-0.006793
2020-11-23,S&P 500,1425317.64,1.4615,0.005636
2020-11-24,S&P 500,1448353.16,1.48512,0.016162
2020-11-25,S&P 500,1446058.36,1.482767,-0.001584
2020-11-27,S&P 500,1449524.53,1.486321,0.002397
2020-11-30,S&P 500,1442863.17,1.479491,-0.004596
2020-12-01,S&P 500,1459125.95,1.496166,0.011271
2020-12-02,S&P 500,1461739.49,1.498846,0.001791
2020-12-03,S&P 500,1460827.13,1.49791,-0.000624
2020-12-04,S&P 500,1473735.4,1.511146,0.008836
2020-12-07,S&P 500,1470882.79,1.508221,-0.001936
2020-12-08,S&P 500,1474982.35,1.512425,0.002787
2020-12-09,S&P 500,1463257.42,1.500402,-0.007949
2020-12-10,S&P 500,1461376.98,1.498474,-0.001285
2020-12-11,S&P 500,1459528.34,1.496579,-0.001265
2020-12-14,S&P 500,1453165.88,1.490055,-0.004359
2020-12-15,S&P 500,1471942.6,1.509308,0.012921
2020-12-16,S&P 500,1474552.05,1.511984,0.001773
2020-12-17,S&P 500,1483042.01,1.520689,0.005758
2020-12-18,S&P 500,1477834.87,1.51535,-0.003511
2020-12-21,S&P 500,1472062.04,1.509431,-0.003906
2020-12-22,S&P 500,1469010.32,1.506301,-0.002073
2020-12-23,S&P 500,1470105.92,1.507425,0.000746
2020-12-24,S&P 500,1475305.08,1.512756,0.003537
2020-12-28,S&P 500,1488173.47,1.525951,0.008723
2020-12-29,S&P 500,1484858.74,1.522552,-0.002227
2020-12-30,S&P 500,1486850.75,1.524595,0.001342
2020-12-31,S&P 500,1496424.36,1.534411,0.006439
2021-01-04,S&P 500,1474344.87,1.511771,-0.014755
2021-01-05,S&P 500,1484787.06,1.522479,0.007083
2021-01-06,S&P 500,1493264.96,1.531172,0.00571
2021-01-07,S&P 500,1515436.07,1.553906,0.014847
2021-01-08,S&P 500,1523758.64,1.56244,0.005492
2021-01-11,S&P 500,1513770.78,1.552198,-0.006555
2021-01-12,S&P 500,1514400.19,1.552844,0.000416
2021-01-13,S&P 500,1517846.42,1.556377,0.002276
2021-01-14,S&P 500,1512149.26,1.550535,-0.003753
2021-01-15,S&P 500,1501276.86,1.539387,-0.00719
2021-01-19,S&P 500,1513491.82,1.551912,0.008136
2021-01-20,S&P 500,1534583.27,1.573539,0.013936
2021-01-21,S&P 500,1535069.31,1.574037,0.000317
2021-01-22,S&P 500,1530447.81,1.569299,-0.003011
2021-01-25,S&P 500,1535981.67,1.574973,0.003616
2021-01-26,S&P 500,1533694.85,1.572628,-0.001489
2021-01-27,S&P 500,1494312.81,1.532246,-0.025678
2021-01-28,S&P 500,1508898.24,1.547202,0.009761
2021-01-29,S&P 500,1479759.18,1.517323,-0.019311
2021-02-01,S&P 500,1503511.94,1.541679,0.016052
2021-02-02,S&P 500,1524408.08,1.563105,0.013898
2021-02-03,S&P 500,1525945.86,1.564682,0.001009
2021-02-04,S&P 500,1542507.44,1.581664,0.010853
2021-02-05,S&P 500,1548519.35,1.587829,0.003897
2021-02-08,S&P 500,1559977.39,1.599578,0.007399
2021-02-09,S&P 500,1558240.31,1.597797,-0.001114
2021-02-10,S&P 500,1557702.43,1.597245,-0.000345
2021-02-11,S&P 500,1560292.04,1.5999,0.001662
2021-02-12,S&P 500,1567642.63,1.607438,0.004711
2021-02-16,S&P 500,1566750.21,1.606522,-0.000569
2021-02-17,S&P 500,1566248.23,1.606008,-0.00032
2021-02-18,S&P 500,1559331.93,1.598916,-0.004416
2021-02-19,S&P 500,1556439.53,1.59595,-0.001855
2021-02-22,S&P 500,1544403.83,1.583609,-0.007733
2021-02-23,S&P 500,1546344.1,1.585598,0.001256
2021-02-24,S&P 500,1563897.6,1.603597,0.011352
2021-02-25,S&P 500,1525615.25,1.564343,-0.024479
2021-02-26,S&P 500,1518368.25,1.556912,-0.00475
2021-03-01,S&P 500,1554491.39,1.593952,0.023791
2021-03-02,S&P 500,1541929.78,1.581072,-0.008081
2021-03-03,S&P 500,1521782.58,1.560413,-0.013066
2021-03-04,S&P 500,1501364.5,1.539477,-0.013417
2021-03-05,S&P 500,1530635.05,1.569491,0.019496
2021-03-08,S&P 500,1522432.02,1.561079,-0.005359
2021-03-09,S&P 500,1543981.5,1.583176,0.014155
2021-03-10,S&P 500,1553292.2,1.592723,0.00603
2021-03-11,S&P 500,1569439.43,1.60928,0.010395
2021-03-12,S&P 500,1571033.03,1.610914,0.001015
2021-03-15,S&P 500,1581232.06,1.621372,0.006492
2021-03-16,S&P 500,1578750.02,1.618827,-0.00157
2021-03-17,S&P 500,1583295.85,1.623488,0.002879
2021-03-18,S&P 500,1559925.54,1.599525,-0.014761
2021-03-19,S&P 500,1558985.37,1.598561,-0.000603
2021-03-22,S&P 500,1569937.43,1.609791,0.007025
2021-03-23,S&P 500,1557957.46,1.597507,-0.007631
2021-03-24,S&P 500,1549439.59,1.588772,-0.005467
2021-03-25,S&P 500,1557559.06,1.597098,0.00524
2021-03-26,S&P 500,1583463.14,1.62366,0.016631
2021-03-29,S&P 500,1582088.68,1.62225,-0.000868
2021-03-30,S&P 500,1577092.71,1.617127,-0.003158
2021-03-31,S&P 500,1582805.72,1.622986,0.003622
2021-04-01,S&P 500,1601522.72,1.642178,0.011825
2021-04-05,S&P 500,1624645.87,1.665888,0.014438
2021-04-06,S&P 500,1623064.22,1.664266,-0.000974
2021-04-07,S&P 500,1625458.62,1.666721,0.001475
2021-04-08,S&P 500,1632319.09,1.673756,0.004221
2021-04-09,S&P 500,1644920.48,1.686677,0.00772
2021-04-12,S&P 500,1644597.95,1.686346,-0.000196
2021-04-13,S&P 500,1650016.05,1.691902,0.003294
2021-04-14,S&P 500,1643271.24,1.684986,-0.004088
2021-04-15,S&P 500,1661502.0,1.70368,0.011094
2021-04-16,S&P 500,1667498.06,1.709828,0.003609
2021-04-19,S&P 500,1658649.39,1.700755,-0.005307
2021-04-20,S&P 500,1647366.72,1.689185,-0.006802
2021-04-21,S&P 500,1662697.21,1.704905,0.009306
2021-04-22,S&P 500,1647382.67,1.689202,-0.009211
2021-04-23,S&P 500,1665386.42,1.707663,0.010929
2021-04-26,S&P 500,1668354.59,1.710706,0.001782
2021-04-27,S&P 500,1667996.07,1.710338,-0.000215
2021-04-28,S&P 500,1666585.71,1.708892,-0.000846
2021-04-29,S&P 500,1677856.51,1.720449,0.006763
2021-04-30,S&P 500,1665784.82,1.708071,-0.007195
2021-05-03,S&P 500,1670362.55,1.712765,0.002748
2021-05-04,S&P 500,1659207.3,1.701327,-0.006678
2021-05-05,S&P 500,1660374.5,1.702523,0.000703
2021-05-06,S&P 500,1673932.21,1.716425,0.008165
2021-05-07,S&P 500,1686274.69,1.729081,0.007373
2021-05-10,S&P 500,1668677.32,1.711037,-0.010436
2021-05-11,S&P 500,1654203.36,1.696196,-0.008674
2021-05-12,S&P 500,1618721.69,1.659813,-0.021449
2021-05-13,S&P 500,1638426.61,1.680018,0.012173
2021-05-14,S&P 500,1662868.59,1.705081,0.014918
2021-05-17,S&P 500,1658661.45,1.700767,-0.00253
2021-05-18,S&P 500,1644534.14,1.686281,-0.008517
2021-05-19,S&P 500,1639693.6,1.681318,-0.002943
2021-05-20,S&P 500,1657000.14,1.699063,0.010555
2021-05-21,S&P 500,1655701.25,1.697732,-0.000784
2021-05-24,S&P 500,1672111.39,1.714558,0.009911
2021-05-25,S&P 500,1668557.68,1.710914,-0.002125
2021-05-26,S&P 500,1671689.26,1.714125,0.001877
2021-05-27,S&P 500,1673637.3,1.716123,0.001165
2021-05-28,S&P 500,1674924.13,1.717442,0.000769
2021-06-01,S&P 500,1674099.51,1.716597,-0.000492
2021-06-02,S&P 500,1676521.82,1.719081,0.001447
2021-06-03,S&P 500,1670438.22,1.712843,-0.003629
2021-06-04,S&P 500,1685195.03,1.727974,0.008834
2021-06-07,S&P 500,1683852.37,1.726597,-0.000797
2021-06-08,S&P 500,1684147.09,1.726899,0.000175
2021-06-09,S&P 500,1681075.43,1.72375,-0.001824
2021-06-10,S&P 500,1688896.2,1.731769,0.004652
2021-06-11,S&P 500,1692186.9,1.735143,0.001948
2021-06-14,S&P 500,1695258.56,1.738293,0.001815
2021-06-15,S&P 500,1691848.22,1.734796,-0.002012
2021-06-16,S&P 500,1682728.95,1.725445,-0.00539
2021-06-17,S&P 500,1681995.76,1.724694,-0.000436
2021-06-18,S&P 500,1659920.46,1.702058,-0.013124
2021-06-21,S&P 500,1683163.15,1.725891,0.014002
2021-06-22,S&P 500,1691788.5,1.734735,0.005124
2021-06-23,S&P 500,1689955.81,1.732856,-0.001083
2021-06-24,S&P 500,1699776.57,1.742926,0.005811
2021-06-25,S&P 500,1705437.84,1.748731,0.003331
2021-06-28,S&P 500,1709385.87,1.752779,0.002315
2021-06-29,S&P 500,1709859.94,1.753265,0.000277
2021-06-30,S&P 500,1712130.91,1.755594,0.001328
2021-07-01,S&P 500,1721071.02,1.764761,0.005222
2021-07-02,S&P 500,1733979.19,1.777997,0.0075
2021-07-06,S&P 500,1730473.34,1.774402,-0.002022
2021-07-07,S&P 500,1736285.95,1.780362,0.003359
2021-07-08,S&P 500,1721421.57,1.76512,-0.008561
2021-07-09,S&P 500,1740835.67,1.785027,0.011278
2021-07-12,S&P 500,1746843.6,1.791188,0.003451
2021-07-13,S&P 500,1740700.27,1.784888,-0.003517
2021-07-14,S&P 500,1742728.08,1.786968,0.001165
2021-07-15,S&P 500,1737042.88,1.781138,-0.003262
2021-07-16,S&P 500,1723947.56,1.76771,-0.007539
2021-07-19,S&P 500,1696589.36,1.739658,-0.01587
2021-07-20,S&P 500,1722314.08,1.766035,0.015163
2021-07-21,S&P 500,1736509.08,1.780591,0.008242
2021-07-22,S&P 500,1740011.05,1.784182,0.002017
2021-07-23,S&P 500,1757664.25,1.802283,0.010145
2021-07-26,S&P 500,1761851.35,1.806576,0.002382
2021-07-27,S&P 500,1753548.73,1.798063,-0.004712
2021-07-28,S&P 500,1753222.11,1.797728,-0.000186
2021-07-29,S&P 500,1760596.43,1.805289,0.004206
2021-07-30,S&P 500,1751078.56,1.79553,-0.005406
2021-08-02,S&P 500,1747851.66,1.792221,-0.001843
2021-08-03,S&P 500,1762190.03,1.806924,0.008203
2021-08-04,S&P 500,1754026.89,1.798553,-0.004632
2021-08-05,S&P 500,1764560.6,1.809354,0.006005
2021-08-06,S&P 500,1767516.71,1.812385,0.001675
2021-08-09,S&P 500,1765855.41,1.810682,-0.00094
2021-08-10,S&P 500,1767608.33,1.812479,0.000993
2021-08-11,S&P 500,1769863.35,1.814792,0.001276
2021-08-12,S&P 500,1777201.88,1.822316,0.004146
2021-08-13,S&P 500,1780058.38,1.825245,0.001607
2021-08-16,S&P 500,1784723.65,1.830029,0.002621
2021-08-17,S&P 500,1772122.26,1.817108,-0.007061
2021-08-18,S&P 500,1753074.65,1.797577,-0.010748
2021-08-19,S&P 500,1755277.73,1.799836,0.001257
2021-08-20,S&P 500,1769568.44,1.814489,0.008142
2021-08-23,S&P 500,1784651.87,1.829956,0.008524
2021-08-24,S&P 500,1787321.24,1.832693,0.001496
2021-08-25,S&P 500,1791289.3,1.836762,0.00222
2021-08-26,S&P 500,1780855.19,1.826063,-0.005825
2021-08-27,S&P 500,1796540.31,1.842146,0.008808
2021-08-30,S&P 500,1804277.23,1.850079,0.004307
2021-08-31,S&P 500,1801843.05,1.847583,-0.001349
2021-09-01,S&P 500,1802404.67,1.848159,0.000312
2021-09-02,S&P 500,1807528.25,1.853413,0.002843
2021-09-03,S&P 500,1806922.68,1.852792,-0.000335
2021-09-07,S&P 500,1800787.13,1.8465,-0.003396
2021-09-08,S&P 500,1798412.68,1.844066,-0.001319
2021-09-09,S&P 500,1790129.89,1.835573,-0.004606
2021-09-10,S&P 500,1776305.47,1.821397,-0.007723
2021-09-13,S&P 500,1780349.21,1.825544,0.002276
2021-09-14,S&P 500,1770118.19,1.815053,-0.005747
2021-09-15,S&P 500,1785118.16,1.830434,0.008474
2021-09-16,S&P 500,1782349.19,1.827594,-0.001551
2021-09-17,S&P 500,1766110.44,1.810943,-0.009111
2021-09-20,S&P 500,1736126.63,1.780199,-0.016977
2021-09-21,S&P 500,1734716.27,1.778752,-0.000812
2021-09-22,S&P 500,1751230.1,1.795685,0.00952
2021-09-23,S&P 500,1772480.78,1.817476,0.012135
2021-09-24,S&P 500,1775070.39,1.820131,0.001461
2021-09-27,S&P 500,1770142.11,1.815077,-0.002776
2021-09-28,S&P 500,1734094.74,1.778115,-0.020364
2021-09-29,S&P 500,1736815.86,1.780905,0.001569
2021-09-30,S&P 500,1716130.88,1.759695,-0.01191
2021-10-01,S&P 500,1735851.76,1.779917,0.011491
2021-10-04,S&P 500,1713310.16,1.756803,-0.012986
2021-10-05,S&P 500,1731341.92,1.775292,0.010525
2021-10-06,S&P 500,1738445.26,1.782576,0.004103
2021-10-07,S&P 500,1752871.37,1.797368,0.008298
2021-10-08,S&P 500,1749516.86,1.793929,-0.001914
2021-10-11,S&P 500,1737505.09,1.781612,-0.006866
2021-10-12,S&P 500,1733305.92,1.777306,-0.002417
2021-10-13,S&P 500,1738544.86,1.782678,0.003023
2021-10-14,S&P 500,1768209.83,1.813096,0.017063
2021-10-15,S&P 500,1781401.05,1.826622,0.00746
2021-10-18,S&P 500,1787412.86,1.832787,0.003375
2021-10-19,S&P 500,1800627.81,1.846337,0.007393
2021-10-20,S&P 500,1807225.37,1.853102,0.003664
2021-10-21,S&P 500,1812639.58,1.858654,0.002996
2021-10-22,S&P 500,1810695.43,1.85666,-0.001073
2021-10-25,S&P 500,1819292.97,1.865476,0.004748
2021-10-26,S&P 500,1822603.71,1.868871,0.00182
2021-10-27,S&P 500,1813396.7,1.85943,-0.005052
2021-10-28,S&P 500,1831221.09,1.877707,0.009829
2021-10-29,S&P 500,1834790.75,1.881367,0.001949
2021-11-01,S&P 500,1838093.52,1.884754,0.0018
2021-11-02,S&P 500,1844858.37,1.89169,0.00368
2021-11-03,S&P 500,1856778.51,1.903913,0.006461
2021-11-04,S&P 500,1864543.45,1.911875,0.004182
2021-11-05,S&P 500,1871503.42,1.919012,0.003733
2021-11-08,S&P 500,1873164.92,1.920716,0.000888
2021-11-09,S&P 500,1866611.13,1.913995,-0.003499
2021-11-10,S&P 500,1851256.72,1.898251,-0.008226
2021-11-11,S&P 500,1852276.65,1.899297,0.000551
2021-11-12,S&P 500,1865655.01,1.913015,0.007223
2021-11-15,S&P 500,1865634.97,1.912994,-1.1e-05
2021-11-16,S&P 500,1872846.08,1.920389,0.003865
2021-11-17,S&P 500,1867973.64,1.915392,-0.002602
2021-11-18,S&P 500,1874296.32,1.921876,0.003385
2021-11-19,S&P 500,1871674.8,1.919188,-0.001399
2021-11-22,S&P 500,1865690.8,1.913052,-0.003197
2021-11-23,S&P 500,1868782.5,1.916222,0.001657
2021-11-24,S&P 500,1873069.21,1.920617,0.002294
2021-11-26,S&P 500,1830504.04,1.876972,-0.022725
2021-11-29,S&P 500,1854667.06,1.901748,0.0132
2021-11-30,S&P 500,1819500.14,1.865688,-0.018961
2021-12-01,S&P 500,1798002.41,1.843645,-0.011815
2021-12-02,S&P 500,1823524.04,1.869815,0.014194
2021-12-03,S&P 500,1808117.88,1.854017,-0.008449
2021-12-06,S&P 500,1829328.68,1.875767,0.011731
2021-12-07,S&P 500,1867208.74,1.914608,0.020707
2021-12-08,S&P 500,1872969.61,1.920515,0.003085
2021-12-09,S&P 500,1859519.66,1.906724,-0.007181
2021-12-10,S&P 500,1877276.35,1.924931,0.009549
2021-12-13,S&P 500,1860125.24,1.907345,-0.009136
2021-12-14,S&P 500,1846228.85,1.893096,-0.007471
2021-12-15,S&P 500,1876411.85,1.924045,0.016348
2021-12-16,S&P 500,1860005.6,1.907222,-0.008743
2021-12-17,S&P 500,1840870.46,1.887601,-0.010288
2021-12-20,S&P 500,1819906.52,1.866105,-0.011388
2021-12-21,S&P 500,1852260.7,1.899281,0.017778
2021-12-22,S&P 500,1871117.08,1.918616,0.01018
2021-12-23,S&P 500,1882762.35,1.930557,0.006224
2021-12-27,S&P 500,1908817.78,1.957273,0.013839
2021-12-28,S&P 500,1906889.58,1.955296,-0.00101
2021-12-29,S&P 500,1909562.83,1.958037,0.001402
2021-12-30,S&P 500,1903853.71,1.952183,-0.00299
2021-12-31,S&P 500,1898853.85,1.947057,-0.002626
2022-01-03,S&P 500,1910957.24,1.959467,0.006374
2022-01-04,S&P 500,1909754.06,1.958234,-0.00063
2022-01-05,S&P 500,1872718.66,1.920258,-0.019393
2022-01-06,S&P 500,1870913.79,1.918407,-0.000964
2022-01-07,S&P 500,1863336.19,1.910637,-0.00405
2022-01-10,S&P 500,1860651.06,1.907884,-0.001441
2022-01-11,S&P 500,1877694.6,1.92536,0.00916
2022-01-12,S&P 500,1882985.48,1.930785,0.002818
2022-01-13,S&P 500,1856164.96,1.903284,-0.014244
2022-01-14,S&P 500,1857686.98,1.904845,0.00082
2022-01-18,S&P 500,1823527.93,1.869819,-0.018388
2022-01-19,S&P 500,1805858.78,1.851701,-0.00969
2022-01-20,S&P 500,1785926.83,1.831263,-0.011037
2022-01-21,S&P 500,1752146.34,1.796625,-0.018915
2022-01-24,S&P 500,1757002.84,1.801605,0.002772
2022-01-25,S&P 500,1735616.76,1.779676,-0.012172
2022-01-26,S&P 500,1733019.18,1.777012,-0.001497
2022-01-27,S&P 500,1723688.45,1.767445,-0.005384
2022-01-28,S&P 500,1765656.21,1.810478,0.024348
2022-01-31,S&P 500,1799002.3,1.84467,0.018886
2022-02-01,S&P 500,1811348.86,1.85733,0.006863
2022-02-02,S&P 500,1828416.33,1.874831,0.009423
2022-02-03,S&P 500,1783819.27,1.829102,-0.024391
2022-02-04,S&P 500,1793018.3,1.838534,0.005157
2022-02-07,S&P 500,1786381.07,1.831729,-0.003702
2022-02-08,S&P 500,1801388.82,1.847117,0.008401
2022-02-09,S&P 500,1827539.96,1.873932,0.014517
2022-02-10,S&P 500,1794432.75,1.839985,-0.018116
2022-02-11,S&P 500,1760393.34,1.805081,-0.018969
2022-02-14,S&P 500,1753632.38,1.798149,-0.003841
2022-02-15,S&P 500,1781281.41,1.8265,0.015767
2022-02-16,S&P 500,1782851.09,1.828109,0.000881
2022-02-17,S&P 500,1745102.53,1.789402,-0.021173
2022-02-18,S&P 500,1732596.85,1.776579,-0.007166
2022-02-22,S&P 500,1715023.21,1.758559,-0.010143
2022-02-23,S&P 500,1683445.99,1.726181,-0.018412
2022-02-24,S&P 500,1708625.05,1.751999,0.014957
2022-02-25,S&P 500,1746851.57,1.791196,0.022373
2022-02-28,S&P 500,1742584.71,1.786821,-0.002443
2022-03-01,S&P 500,1715620.82,1.759172,-0.015474
2022-03-02,S&P 500,1747604.61,1.791968,0.018643
2022-03-03,S&P 500,1738421.53,1.782552,-0.005255
2022-03-04,S&P 500,1724628.82,1.768409,-0.007934
2022-03-07,S&P 500,1673720.95,1.716209,-0.029518
2022-03-08,S&P 500,1661613.66,1.703794,-0.007234
2022-03-09,S&P 500,1704314.22,1.747579,0.025698
2022-03-10,S&P 500,1696999.63,1.740078,-0.004292
2022-03-11,S&P 500,1675003.89,1.717524,-0.012962
2022-03-14,S&P 500,1662573.68,1.704778,-0.007421
2022-03-15,S&P 500,1698167.01,1.741275,0.021409
2022-03-16,S&P 500,1736178.38,1.780252,0.022384
2022-03-17,S&P 500,1757616.39,1.802234,0.012348
2022-03-18,S&P 500,1778114.23,1.823252,0.011662
2022-03-21,S&P 500,1777341.36,1.822459,-0.000435
2022-03-22,S&P 500,1797432.62,1.843061,0.011304
2022-03-23,S&P 500,1775373.28,1.820441,-0.012273
2022-03-24,S&P 500,1800839.08,1.846554,0.014344
2022-03-25,S&P 500,1809962.43,1.855909,0.005066
2022-03-28,S&P 500,1822894.53,1.869169,0.007145
2022-03-29,S&P 500,1845236.93,1.892079,0.012257
2022-03-30,S&P 500,1833623.56,1.88017,-0.006294
2022-03-31,S&P 500,1804922.69,1.850741,-0.015653
2022-04-01,S&P 500,1811077.88,1.857052,0.00341
2022-04-04,S&P 500,1825731.2,1.872078,0.008091
2022-04-05,S&P 500,1802815.13,1.84858,-0.012552
2022-04-06,S&P 500,1785297.33,1.830617,-0.009717
2022-04-07,S&P 500,1792890.89,1.838404,0.004253
2022-04-08,S&P 500,1788137.88,1.83353,-0.002651
2022-04-11,S&P 500,1757958.96,1.802585,-0.016877
2022-04-12,S&P 500,1751951.23,1.796425,-0.003417
2022-04-13,S&P 500,1771528.54,1.816499,0.011175
2022-04-14,S&P 500,1750014.86,1.794439,-0.012144
2022-04-18,S&P 500,1749656.33,1.794072,-0.000205
2022-04-19,S&P 500,1777751.62,1.82288,0.016058
2022-04-20,S&P 500,1776652.13,1.821753,-0.000618
2022-04-21,S&P 500,1750441.27,1.794877,-0.014753
2022-04-22,S&P 500,1701883.94,1.745087,-0.02774
2022-04-25,S&P 500,1711581.16,1.75503,0.005698
2022-04-26,S&P 500,1663406.47,1.705632,-0.028146
2022-04-27,S&P 500,1666896.38,1.709211,0.002098
2022-04-28,S&P 500,1708146.89,1.751509,0.024747
2022-04-29,S&P 500,1646167.63,1.687956,-0.036285
2022-05-02,S&P 500,1655510.03,1.697535,0.005675
2022-05-03,S&P 500,1663517.94,1.705747,0.004837
2022-05-04,S&P 500,1713194.61,1.756684,0.029862
2022-05-05,S&P 500,1652119.72,1.694059,-0.03565
2022-05-06,S&P 500,1642745.22,1.684447,-0.005674
2022-05-09,S&P 500,1590116.43,1.630482,-0.032037
2022-05-10,S&P 500,1594024.77,1.634489,0.002458
2022-05-11,S&P 500,1567782.01,1.60758,-0.016463
2022-05-12,S&P 500,1565750.22,1.605497,-0.001296
2022-05-13,S&P 500,1603124.2,1.64382,0.02387
2022-05-16,S&P 500,1596797.63,1.637333,-0.003946
2022-05-17,S&P 500,1629004.45,1.670357,0.02017
2022-05-18,S&P 500,1563200.39,1.602883,-0.040395
2022-05-19,S&P 500,1554081.02,1.593532,-0.005834
2022-05-20,S&P 500,1554308.14,1.593765,0.000146
2022-05-23,S&P 500,1583148.39,1.623337,0.018555
2022-05-24,S&P 500,1570291.96,1.610154,-0.008121
2022-05-25,S&P 500,1585132.42,1.625371,0.009451
2022-05-26,S&P 500,1616650.02,1.657689,0.019883
2022-05-27,S&P 500,1656649.6,1.698704,0.024742
2022-05-31,S&P 500,1646255.17,1.688046,-0.006274
2022-06-01,S&P 500,1633936.62,1.675414,-0.007483
2022-06-02,S&P 500,1664051.73,1.706294,0.018431
2022-06-03,S&P 500,1636848.96,1.678401,-0.016347
2022-06-06,S&P 500,1641984.41,1.683666,0.003137
2022-06-07,S&P 500,1657621.67,1.699701,0.009523
2022-06-08,S&P 500,1639729.39,1.681354,-0.010794
2022-06-09,S&P 500,1600705.98,1.64134,-0.023799
2022-06-10,S&P 500,1554108.94,1.59356,-0.02911
2022-06-13,S&P 500,1493858.58,1.53178,-0.038768
2022-06-14,S&P 500,1488221.23,1.526,-0.003774
2022-06-15,S&P 500,1509938.11,1.548268,0.014593
2022-06-16,S&P 500,1460847.07,1.497931,-0.032512
2022-06-17,S&P 500,1464062.2,1.501228,0.002201
2022-06-21,S&P 500,1499898.41,1.537974,0.024477
2022-06-22,S&P 500,1497946.18,1.535972,-0.001302
2022-06-23,S&P 500,1512224.93,1.550613,0.009532
2022-06-24,S&P 500,1558443.5,1.598005,0.030563
2022-06-27,S&P 500,1553810.14,1.593254,-0.002973
2022-06-28,S&P 500,1522511.68,1.561161,-0.020143
2022-06-29,S&P 500,1521428.04,1.56005,-0.000712
2022-06-30,S&P 500,1508101.43,1.546385,-0.008759
2022-07-01,S&P 500,1524017.65,1.562705,0.010554
2022-07-05,S&P 500,1526431.89,1.565181,0.001584
2022-07-06,S&P 500,1531886.09,1.570773,0.003573
2022-07-07,S&P 500,1554810.13,1.594279,0.014965
2022-07-08,S&P 500,1553519.22,1.592956,-0.00083
2022-07-11,S&P 500,1535611.08,1.574593,-0.011527
2022-07-12,S&P 500,1521416.08,1.560038,-0.009244
2022-07-13,S&P 500,1514635.28,1.553085,-0.004457
2022-07-14,S&P 500,1510093.44,1.548427,-0.002999
2022-07-15,S&P 500,1539089.12,1.578159,0.019201
2022-07-18,S&P 500,1526216.84,1.56496,-0.008364
2022-07-19,S&P 500,1568383.6,1.608197,0.027628
2022-07-20,S&P 500,1577630.49,1.617679,0.005896
2022-07-21,S&P 500,1593188.09,1.633631,0.009861
2022-07-22,S&P 500,1578319.72,1.618386,-0.009332
2022-07-25,S&P 500,1580395.47,1.620514,0.001315
2022-07-26,S&P 500,1562152.64,1.601808,-0.011543
2022-07-27,S&P 500,1603012.74,1.643706,0.026156
2022-07-28,S&P 500,1622462.63,1.663649,0.012133
2022-07-29,S&P 500,1645514.19,1.687286,0.014208
2022-08-01,S&P 500,1640868.77,1.682523,-0.002823
2022-08-02,S&P 500,1629936.65,1.671313,-0.006662
2022-08-03,S&P 500,1655426.38,1.69745,0.015638
2022-08-04,S&P 500,1654139.55,1.69613,-0.000777
2022-08-05,S&P 500,1651450.34,1.693373,-0.001626
2022-08-08,S&P 500,1649406.58,1.691277,-0.001238
2022-08-09,S&P 500,1642398.76,1.684091,-0.004249
2022-08-10,S&P 500,1677366.48,1.719947,0.021291
2022-08-11,S&P 500,1676183.14,1.718733,-0.000705
2022-08-12,S&P 500,1705218.6,1.748506,0.017322
2022-08-15,S&P 500,1711987.54,1.755447,0.00397
2022-08-16,S&P 500,1715198.68,1.758739,0.001876
2022-08-17,S&P 500,1702784.42,1.74601,-0.007238
2022-08-18,S&P 500,1706649.0,1.749973,0.00227
2022-08-19,S&P 500,1684633.22,1.727398,-0.0129
2022-08-22,S&P 500,1648581.96,1.690432,-0.0214
2022-08-23,S&P 500,1644892.66,1.686649,-0.002238
2022-08-24,S&P 500,1649689.43,1.691567,0.002916
2022-08-25,S&P 500,1672936.21,1.715404,0.014092
2022-08-26,S&P 500,1616578.23,1.657615,-0.033688
2022-08-29,S&P 500,1605801.55,1.646565,-0.006666
2022-08-30,S&P 500,1588092.52,1.628407,-0.011028
2022-08-31,S&P 500,1575678.36,1.615677,-0.007817
2022-09-01,S&P 500,1580399.46,1.620518,0.002996
2022-09-02,S&P 500,1563431.5,1.603119,-0.010737
2022-09-06,S&P 500,1557029.16,1.596555,-0.004095
2022-09-07,S&P 500,1585586.65,1.625837,0.018341
2022-09-08,S&P 500,1596068.53,1.636585,0.006611
2022-09-09,S&P 500,1620442.81,1.661578,0.015271
2022-09-12,S&P 500,1637594.02,1.679165,0.010584
2022-09-13,S&P 500,1566790.0,1.606563,-0.043237
2022-09-14,S&P 500,1572096.73,1.612005,0.003387
2022-09-15,S&P 500,1554304.15,1.59376,-0.011318
2022-09-16,S&P 500,1543140.93,1.582314,-0.007182
2022-09-19,S&P 500,1553722.4,1.593164,0.006857
2022-09-20,S&P 500,1536208.69,1.575206,-0.011272
2022-09-21,S&P 500,1509914.18,1.548244,-0.017116
2022-09-22,S&P 500,1497189.26,1.535196,-0.008428
2022-09-23,S&P 500,1471388.76,1.50874,-0.017233
2022-09-26,S&P 500,1456173.83,1.493139,-0.010341
2022-09-27,S&P 500,1453086.22,1.489973,-0.00212
2022-09-28,S&P 500,1481671.53,1.519284,0.019672
2022-09-29,S&P 500,1450369.09,1.487187,-0.021126
2022-09-30,S&P 500,1428516.82,1.46478,-0.015067
2022-10-03,S&P 500,1465492.4,1.502694,0.025884
2022-10-04,S&P 500,1510312.58,1.548652,0.030584
2022-10-05,S&P 500,1507264.85,1.545527,-0.002018
2022-10-06,S&P 500,1491822.8,1.529693,-0.010245
2022-10-07,S&P 500,1450046.36,1.486856,-0.028004
2022-10-10,S&P 500,1439181.94,1.475716,-0.007492
2022-10-11,S&P 500,1429799.66,1.466095,-0.006519
2022-10-12,S&P 500,1425094.52,1.461271,-0.003291
2022-10-13,S&P 500,1462098.01,1.499214,0.025966
2022-10-14,S&P 500,1427500.88,1.463738,-0.023663
2022-10-17,S&P 500,1465301.17,1.502498,0.02648
2022-10-18,S&P 500,1482046.01,1.519668,0.011428
2022-10-19,S&P 500,1472157.65,1.509529,-0.006672
2022-10-20,S&P 500,1460452.66,1.497527,-0.007951
2022-10-21,S&P 500,1495101.63,1.533055,0.023725
2022-10-24,S&P 500,1512866.4,1.551271,0.011882
2022-10-25,S&P 500,1537475.67,1.576505,0.016267
2022-10-26,S&P 500,1526117.24,1.564858,-0.007388
2022-10-27,S&P 500,1516834.46,1.55534,-0.006083
2022-10-28,S&P 500,1554188.6,1.593642,0.024626
2022-10-31,S&P 500,1542603.05,1.581762,-0.007454
2022-11-01,S&P 500,1536276.48,1.575275,-0.004101
2022-11-02,S&P 500,1497866.52,1.53589,-0.025002
2022-11-03,S&P 500,1482010.12,1.519631,-0.010586
2022-11-04,S&P 500,1502193.2,1.540327,0.013619
2022-11-07,S&P 500,1516635.26,1.555135,0.009614
2022-11-08,S&P 500,1525125.22,1.563841,0.005598
2022-11-09,S&P 500,1493436.34,1.531348,-0.020778
2022-11-10,S&P 500,1576224.22,1.616237,0.055434
2022-11-11,S&P 500,1590789.71,1.631172,0.009241
2022-11-14,S&P 500,1576574.76,1.616596,-0.008936
2022-11-15,S&P 500,1590311.64,1.630682,0.008713
2022-11-16,S&P 500,1577188.32,1.617226,-0.008252
2022-11-17,S&P 500,1572315.87,1.612229,-0.003089
2022-11-18,S&P 500,1579797.87,1.619901,0.004759
2022-11-21,S&P 500,1573662.42,1.61361,-0.003884
2022-11-22,S&P 500,1595032.74,1.635523,0.01358
2022-11-23,S&P 500,1604466.86,1.645197,0.005915
2022-11-25,S&P 500,1604012.73,1.644731,-0.000283
2022-11-28,S&P 500,1579240.05,1.619329,-0.015444
2022-11-29,S&P 500,1576726.11,1.616752,-0.001592
2022-11-30,S&P 500,1625522.43,1.666787,0.030948
2022-12-01,S&P 500,1624112.07,1.66534,-0.000868
2022-12-02,S&P 500,1622171.81,1.663351,-0.001195
2022-12-05,S&P 500,1593144.32,1.633587,-0.017894
2022-12-06,S&P 500,1570204.33,1.610064,-0.014399
2022-12-07,S&P 500,1567280.02,1.607066,-0.001862
2022-12-08,S&P 500,1579068.76,1.619154,0.007522
2022-12-09,S&P 500,1567463.27,1.607254,-0.00735
2022-12-12,S&P 500,1589845.54,1.630204,0.014279
2022-12-13,S&P 500,1601434.99,1.642088,0.00729
2022-12-14,S&P 500,1591741.94,1.632149,-0.006053
2022-12-15,S&P 500,1552073.06,1.591473,-0.024922
2022-12-16,S&P 500,1534786.46,1.573747,-0.011138
2022-12-19,S&P 500,1520961.85,1.559572,-0.009008
2022-12-20,S&P 500,1522539.6,1.56119,0.001037
2022-12-21,S&P 500,1545176.71,1.584401,0.014868
2022-12-22,S&P 500,1522846.28,1.561504,-0.014452
2022-12-23,S&P 500,1531782.5,1.570667,0.005868
2022-12-27,S&P 500,1525579.36,1.564306,-0.00405
2022-12-28,S&P 500,1507240.92,1.545503,-0.012021
2022-12-29,S&P 500,1533559.35,1.572489,0.017461
2022-12-30,S&P 500,1529662.97,1.568494,-0.002541
2023-01-03,S&P 500,1523543.48,1.562219,-0.004001
2023-01-04,S&P 500,1535029.43,1.573996,0.007539
2023-01-05,S&P 500,1517153.2,1.555666,-0.011646
2023-01-06,S&P 500,1551806.17,1.591199,0.022841
2023-01-09,S&P 500,1550614.95,1.589978,-0.000768
2023-01-10,S&P 500,1561435.5,1.601073,0.006978
2023-01-11,S&P 500,1581499.05,1.621646,0.012849
2023-01-12,S&P 500,1586901.3,1.627185,0.003416
2023-01-13,S&P 500,1593243.92,1.633689,0.003997
2023-01-17,S&P 500,1590008.85,1.630372,-0.00203
2023-01-18,S&P 500,1565264.18,1.604999,-0.015563
2023-01-19,S&P 500,1553308.15,1.592739,-0.007638
2023-01-20,S&P 500,1582694.26,1.622871,0.018918
2023-01-23,S&P 500,1601498.79,1.642153,0.011881
2023-01-24,S&P 500,1600359.32,1.640985,-0.000712
2023-01-25,S&P 500,1600068.49,1.640687,-0.000182
2023-01-26,S&P 500,1617681.81,1.658747,0.011008
2023-01-27,S&P 500,1621717.67,1.662885,0.002495
2023-01-30,S&P 500,1600686.04,1.64132,-0.012969
2023-01-31,S&P 500,1624124.03,1.665353,0.014642
2023-02-01,S&P 500,1641099.87,1.682759,0.010452
2023-02-02,S&P 500,1665223.01,1.707495,0.014699
2023-02-03,S&P 500,1647980.28,1.689815,-0.010355
2023-02-06,S&P 500,1637860.91,1.679438,-0.00614
2023-02-07,S&P 500,1658944.3,1.701057,0.012873
2023-02-08,S&P 500,1640561.99,1.682208,-0.011081
2023-02-09,S&P 500,1626076.16,1.667354,-0.00883
2023-02-10,S&P 500,1629645.83,1.671015,0.002195
2023-02-13,S&P 500,1648303.0,1.690145,0.011449
2023-02-14,S&P 500,1647840.8,1.689672,-0.00028
2023-02-15,S&P 500,1652410.55,1.694357,0.002773
2023-02-16,S&P 500,1629625.89,1.670994,-0.013789
2023-02-17,S&P 500,1625116.05,1.66637,-0.002767
2023-02-21,S&P 500,1592546.72,1.632974,-0.020041
2023-02-22,S&P 500,1590040.76,1.630404,-0.001574
2023-02-23,S&P 500,1598514.77,1.639093,0.005329
2023-02-24,S&P 500,1581670.34,1.621821,-0.010538
2023-02-27,S&P 500,1586530.82,1.626805,0.003073
2023-02-28,S&P 500,1581714.11,1.621866,-0.003036
2023-03-01,S&P 500,1574240.09,1.614202,-0.004725
2023-03-02,S&P 500,1586176.28,1.626442,0.007582
2023-03-03,S&P 500,1611789.44,1.652705,0.016148
2023-03-06,S&P 500,1612897.01,1.653841,0.000687
2023-03-07,S&P 500,1588176.27,1.628492,-0.015327
2023-03-08,S&P 500,1590423.21,1.630796,0.001415
2023-03-09,S&P 500,1561065.02,1.600693,-0.018459
2023-03-10,S&P 500,1538463.7,1.577518,-0.014478
2023-03-13,S&P 500,1536140.99,1.575136,-0.00151
2023-03-14,S&P 500,1561451.45,1.601089,0.016477
2023-03-15,S&P 500,1550551.14,1.589912,-0.006981
2023-03-16,S&P 500,1577781.93,1.617834,0.017562
2023-03-17,S&P 500,1560395.63,1.600007,-0.011019
2023-03-20,S&P 500,1574311.87,1.614276,0.008918
2023-03-21,S&P 500,1594749.89,1.635233,0.012982
2023-03-22,S&P 500,1568495.17,1.608312,-0.016463
2023-03-23,S&P 500,1573176.39,1.613112,0.002985
2023-03-24,S&P 500,1582048.8,1.622209,0.00564
2023-03-27,S&P 500,1584654.36,1.624881,0.001647
2023-03-28,S&P 500,1582160.36,1.622324,-0.001574
2023-03-29,S&P 500,1604686.0,1.645421,0.014237
2023-03-30,S&P 500,1613857.22,1.654825,0.005715
2023-03-31,S&P 500,1637155.74,1.678715,0.014437
2023-04-03,S&P 500,1643211.32,1.684925,0.003699
2023-04-04,S&P 500,1633685.67,1.675157,-0.005797
2023-04-05,S&P 500,1629613.92,1.670982,-0.002492
2023-04-06,S&P 500,1635446.58,1.676963,0.003579
2023-04-10,S&P 500,1637075.98,1.678633,0.000996
2023-04-11,S&P 500,1637008.28,1.678564,-4.1e-05
2023-04-12,S&P 500,1630239.44,1.671623,-0.004135
2023-04-13,S&P 500,1651860.8,1.693794,0.013263
2023-04-14,S&P 500,1648442.48,1.690289,-0.002069
2023-04-17,S&P 500,1653892.49,1.695877,0.003306
2023-04-18,S&P 500,1655306.94,1.697327,0.000855
2023-04-19,S&P 500,1655167.46,1.697184,-8.4e-05
2023-04-20,S&P 500,1645314.99,1.687082,-0.005953
2023-04-21,S&P 500,1646801.02,1.688605,0.000903
2023-04-24,S&P 500,1648203.4,1.690043,0.000852
2023-04-25,S&P 500,1622143.89,1.663322,-0.015811
2023-04-26,S&P 500,1615912.93,1.656933,-0.003841
2023-04-27,S&P 500,1647530.13,1.689353,0.019566
2023-04-28,S&P 500,1661127.53,1.703296,0.008253
2023-05-01,S&P 500,1660486.16,1.702638,-0.000386
2023-05-02,S&P 500,1641247.33,1.682911,-0.011586
2023-05-03,S&P 500,1629761.38,1.671133,-0.006998
2023-05-04,S&P 500,1617996.57,1.65907,-0.007219
2023-05-05,S&P 500,1647888.65,1.689721,0.018475
2023-05-08,S&P 500,1648633.71,1.690485,0.000452
2023-05-09,S&P 500,1641083.92,1.682743,-0.004579
2023-05-10,S&P 500,1648442.48,1.690289,0.004484
2023-05-11,S&P 500,1645645.7,1.687421,-0.001697
2023-05-12,S&P 500,1643040.13,1.684749,-0.001583
2023-05-15,S&P 500,1647900.52,1.689733,0.002958
2023-05-16,S&P 500,1637390.73,1.678956,-0.006378
2023-05-17,S&P 500,1656860.66,1.69892,0.011891
2023-05-18,S&P 500,1672509.79,1.714967,0.009445
2023-05-19,S&P 500,1670091.57,1.712487,-0.001446
2023-05-22,S&P 500,1670350.49,1.712753,0.000155
2023-05-23,S&P 500,1651605.77,1.693532,-0.011222
2023-05-24,S&P 500,1639518.33,1.681138,-0.007319
2023-05-25,S&P 500,1653876.54,1.695861,0.008758
2023-05-26,S&P 500,1675458.12,1.71799,0.013049
2023-05-30,S&P 500,1675485.94,1.718018,1.7e-05
2023-05-31,S&P 500,1665251.02,1.707524,-0.006109
2023-06-01,S&P 500,1681661.16,1.72435,0.009854
2023-06-02,S&P 500,1706103.14,1.749413,0.014534
2023-06-05,S&P 500,1702684.82,1.745908,-0.002004
2023-06-06,S&P 500,1706692.77,1.750017,0.002354
2023-06-07,S&P 500,1700186.84,1.743346,-0.003812
2023-06-08,S&P 500,1710708.69,1.754135,0.006189
2023-06-09,S&P 500,1712672.68,1.756149,0.001148
2023-06-12,S&P 500,1728636.76,1.772519,0.009321
2023-06-13,S&P 500,1740620.52,1.784806,0.006932
2023-06-14,S&P 500,1742046.83,1.786269,0.000819
2023-06-15,S&P 500,1763261.71,1.808022,0.012178
2023-06-16,S&P 500,1756787.68,1.801384,-0.003672
2023-06-20,S&P 500,1748469.11,1.792854,-0.004735
2023-06-21,S&P 500,1739297.89,1.78345,-0.005245
2023-06-22,S&P 500,1745752.08,1.790068,0.003711
2023-06-23,S&P 500,1732381.7,1.776359,-0.007659
2023-06-26,S&P 500,1724608.78,1.768388,-0.004487
2023-06-27,S&P 500,1744365.65,1.788647,0.011456
2023-06-28,S&P 500,1743748.01,1.788013,-0.000354
2023-06-29,S&P 500,1751548.74,1.796012,0.004474
2023-06-30,S&P 500,1773038.5,1.818047,0.012269
2023-07-03,S&P 500,1775114.16,1.820176,0.001171
2023-07-05,S&P 500,1771620.17,1.816593,-0.001968
2023-07-06,S&P 500,1757584.49,1.802201,-0.007923
2023-07-07,S&P 500,1752548.83,1.797038,-0.002865
2023-07-10,S&P 500,1756763.76,1.80136,0.002405
2023-07-11,S&P 500,1768608.23,1.813505,0.006742
2023-07-12,S&P 500,1781715.8,1.826945,0.007411
2023-07-13,S&P 500,1796807.2,1.842419,0.00847
2023-07-14,S&P 500,1794966.54,1.840532,-0.001024
2023-07-17,S&P 500,1801886.82,1.847628,0.003855
2023-07-18,S&P 500,1814711.35,1.860778,0.007117
2023-07-19,S&P 500,1818990.28,1.865166,0.002358
2023-07-20,S&P 500,1806699.55,1.852563,-0.006757
2023-07-21,S&P 500,1807285.09,1.853163,0.000324
2023-07-24,S&P 500,1814575.95,1.860639,0.004034
2023-07-25,S&P 500,1819683.39,1.865876,0.002815
2023-07-26,S&P 500,1819400.54,1.865586,-0.000155
2023-07-27,S&P 500,1807711.5,1.853601,-0.006425
2023-07-28,S&P 500,1825567.79,1.87191,0.009878
2023-07-31,S&P 500,1828249.03,1.874659,0.001469
2023-08-01,S&P 500,1823376.58,1.869663,-0.002665
2023-08-02,S&P 500,1798141.89,1.843788,-0.01384
2023-08-03,S&P 500,1793560.27,1.83909,-0.002548
2023-08-04,S&P 500,1784054.27,1.829343,-0.0053
2023-08-07,S&P 500,1800153.74,1.845851,0.009024
2023-08-08,S&P 500,1792560.18,1.838065,-0.004218
2023-08-09,S&P 500,1779942.83,1.825127,-0.007039
2023-08-10,S&P 500,1780389.09,1.825585,0.000251
2023-08-11,S&P 500,1778484.62,1.823632,-0.00107
2023-08-14,S&P 500,1788711.75,1.834119,0.00575
2023-08-15,S&P 500,1768050.51,1.812933,-0.011551
2023-08-16,S&P 500,1754692.19,1.799235,-0.007555
2023-08-17,S&P 500,1741158.4,1.785358,-0.007713
2023-08-18,S&P 500,1740899.48,1.785093,-0.000149
2023-08-21,S&P 500,1752875.45,1.797373,0.006879
2023-08-22,S&P 500,1748006.9,1.79238,-0.002777
2023-08-23,S&P 500,1767313.42,1.812177,0.011045
2023-08-24,S&P 500,1743528.96,1.787789,-0.013458
2023-08-25,S&P 500,1755241.93,1.799799,0.006718
2023-08-28,S&P 500,1766237.86,1.811074,0.006265
2023-08-29,S&P 500,1791862.98,1.83735,0.014508
2023-08-30,S&P 500,1798731.51,1.844393,0.003833
2023-08-31,S&P 500,1795859.05,1.841447,-0.001597
2023-09-01,S&P 500,1799090.04,1.84476,0.001799
2023-09-05,S&P 500,1791544.33,1.837023,-0.004194
2023-09-06,S&P 500,1779054.41,1.824216,-0.006972
2023-09-07,S&P 500,1773341.39,1.818358,-0.003211
2023-09-08,S&P 500,1775871.28,1.820952,0.001427
2023-09-11,S&P 500,1787811.26,1.833195,0.006723
2023-09-12,S&P 500,1777628.1,1.822754,-0.005696
2023-09-13,S&P 500,1779835.26,1.825017,0.001242
2023-09-14,S&P 500,1794839.12,1.840401,0.00843
2023-09-15,S&P 500,1773014.57,1.818023,-0.01216
2023-09-18,S&P 500,1774293.43,1.819334,0.000721
2023-09-19,S&P 500,1770476.9,1.815421,-0.002151
2023-09-20,S&P 500,1753843.64,1.798365,-0.009395
2023-09-21,S&P 500,1725078.96,1.76887,-0.016401
2023-09-22,S&P 500,1721118.87,1.76481,-0.002296
2023-09-25,S&P 500,1728043.05,1.77191,0.004023
2023-09-26,S&P 500,1702581.14,1.745801,-0.014735
2023-09-27,S&P 500,1702971.56,1.746202,0.000229
2023-09-28,S&P 500,1713007.47,1.756492,0.005893
2023-09-29,S&P 500,1708365.94,1.751733,-0.00271
2023-10-02,S&P 500,1708501.53,1.751872,7.9e-05
2023-10-03,S&P 500,1685019.76,1.727794,-0.013744
2023-10-04,S&P 500,1698684.86,1.741806,0.00811
2023-10-05,S&P 500,1696469.72,1.739535,-0.001304
2023-10-06,S&P 500,1716513.33,1.760087,0.011815
2023-10-09,S&P 500,1727333.98,1.771183,0.006304
2023-10-10,S&P 500,1736329.92,1.780407,0.005208
2023-10-11,S&P 500,1743784.0,1.78805,0.004293
2023-10-12,S&P 500,1732891.56,1.776881,-0.006246
2023-10-13,S&P 500,1724194.43,1.767963,-0.005019
2023-10-16,S&P 500,1742461.18,1.786694,0.010594
2023-10-17,S&P 500,1742289.99,1.786518,-9.8e-05
2023-10-18,S&P 500,1718943.62,1.762579,-0.0134
2023-10-19,S&P 500,1704362.08,1.747628,-0.008483
2023-10-20,S&P 500,1682912.2,1.725633,-0.012585
2023-10-23,S&P 500,1680075.53,1.722725,-0.001686
2023-10-24,S&P 500,1692282.61,1.735242,0.007266
2023-10-25,S&P 500,1668015.91,1.710359,-0.01434
2023-10-26,S&P 500,1648279.08,1.690121,-0.011833
2023-10-27,S&P 500,1640366.88,1.682008,-0.0048
2023-10-30,S&P 500,1660067.72,1.702209,0.01201
2023-10-31,S&P 500,1670816.59,1.713231,0.006475
2023-11-01,S&P 500,1688370.18,1.73123,0.010506
2023-11-02,S&P 500,1720210.41,1.763878,0.018859
2023-11-03,S&P 500,1736369.6,1.780448,0.009394
2023-11-06,S&P 500,1739413.45,1.783569,0.001753
2023-11-07,S&P 500,1744353.59,1.788634,0.00284
2023-11-08,S&P 500,1746106.51,1.790432,0.001005
2023-11-09,S&P 500,1731991.27,1.775958,-0.008084
2023-11-10,S&P 500,1759038.81,1.803692,0.015616
2023-11-13,S&P 500,1757568.54,1.802185,-0.000836
2023-11-14,S&P 500,1791094.19,1.836561,0.019075
2023-11-15,S&P 500,1793954.59,1.839494,0.001597
2023-11-16,S&P 500,1796090.16,1.841684,0.00119
2023-11-17,S&P 500,1798392.83,1.844045,0.001282
2023-11-20,S&P 500,1811683.46,1.857673,0.00739
2023-11-21,S&P 500,1808022.17,1.853919,-0.002021
2023-11-22,S&P 500,1815364.78,1.861448,0.004061
2023-11-24,S&P 500,1816448.33,1.862559,0.000597
2023-11-27,S&P 500,1812898.7,1.858919,-0.001954
2023-11-28,S&P 500,1814675.56,1.860741,0.00098
2023-11-29,S&P 500,1812958.42,1.858981,-0.000946
2023-11-30,S&P 500,1819818.79,1.866015,0.003784
2023-12-01,S&P 500,1830507.93,1.876976,0.005874
2023-12-04,S&P 500,1820607.61,1.866824,-0.005409
2023-12-05,S&P 500,1819571.93,1.865762,-0.000569
2023-12-06,S&P 500,1812464.31,1.858474,-0.003906
2023-12-07,S&P 500,1826906.37,1.873283,0.007968
2023-12-08,S&P 500,1834388.46,1.880955,0.004095
2023-12-11,S&P 500,1841587.51,1.888337,0.003924
2023-12-12,S&P 500,1850057.63,1.897022,0.004599
2023-12-13,S&P 500,1875312.16,1.922917,0.013651
2023-12-14,S&P 500,1880276.23,1.928007,0.002647
2023-12-15,S&P 500,1880132.86,1.92786,-7.6e-05
2023-12-18,S&P 500,1888646.75,1.93659,0.004528
2023-12-19,S&P 500,1899726.32,1.947951,0.005866
2023-12-20,S&P 500,1871830.23,1.919347,-0.014684
2023-12-21,S&P 500,1891112.83,1.939119,0.010301
2023-12-22,S&P 500,1894252.19,1.942338,0.00166
2023-12-26,S&P 500,1902268.08,1.950558,0.004232
2023-12-27,S&P 500,1904989.19,1.953348,0.00143
2023-12-28,S&P 500,1905694.37,1.954071,0.00037
2023-12-29,S&P 500,1900307.97,1.948548,-0.002826
2024-01-02,S&P 500,1889551.13,1.937518,-0.005661
2024-01-03,S&P 500,1874403.89,1.921986,-0.008016
2024-01-04,S&P 500,1867977.72,1.915397,-0.003428
2024-01-05,S&P 500,1871388.06,1.918894,0.001826
2024-01-08,S&P 500,1897802.01,1.945978,0.014115
2024-01-09,S&P 500,1894997.25,1.943102,-0.001478
2024-01-10,S&P 500,1905734.25,1.954112,0.005666
2024-01-11,S&P 500,1904455.4,1.9528,-0.000671
2024-01-12,S&P 500,1905885.6,1.954267,0.000751
2024-01-16,S&P 500,1898774.09,1.946975,-0.003731
2024-01-17,S&P 500,1888108.87,1.936039,-0.005617
2024-01-18,S&P 500,1904734.16,1.953086,0.008805
2024-01-19,S&P 500,1928188.11,1.977136,0.012314
2024-01-22,S&P 500,1932419.18,1.981474,0.002194
2024-01-23,S&P 500,1938064.5,1.987263,0.002921
2024-01-24,S&P 500,1939638.07,1.988876,0.000812
2024-01-25,S&P 500,1949841.28,1.999338,0.00526
2024-01-26,S&P 500,1948570.4,1.998035,-0.000652
2024-01-29,S&P 500,1963295.31,2.013134,0.007557
2024-01-30,S&P 500,1962116.05,2.011925,-0.000601
2024-01-31,S&P 500,1930514.71,1.979521,-0.016106
2024-02-01,S&P 500,1954633.96,2.004253,0.012494
2024-02-02,S&P 500,1975518.14,2.025667,0.010684
2024-02-05,S&P 500,1969223.48,2.019213,-0.003186
2024-02-06,S&P 500,1973773.19,2.023878,0.00231
2024-02-07,S&P 500,1990039.96,2.040557,0.008241
2024-02-08,S&P 500,1991175.44,2.041722,0.000571
2024-02-09,S&P 500,2002609.45,2.053446,0.005742
2024-02-12,S&P 500,2000709.07,2.051497,-0.000949
2024-02-13,S&P 500,1973350.86,2.023445,-0.013674
2024-02-14,S&P 500,1992255.1,2.042829,0.00958
2024-02-15,S&P 500,2003852.51,2.054721,0.005821
2024-02-16,S&P 500,1994227.07,2.044851,-0.004803
2024-02-20,S&P 500,1982251.09,2.032571,-0.006005
2024-02-21,S&P 500,1984757.05,2.03514,0.001264
2024-02-22,S&P 500,2026680.85,2.078129,0.021123
2024-02-23,S&P 500,2027386.03,2.078852,0.000348
2024-02-26,S&P 500,2019708.82,2.070979,-0.003787
2024-02-27,S&P 500,2023155.15,2.074513,0.001706
2024-02-28,S&P 500,2019800.44,2.071073,-0.001658
2024-02-29,S&P 500,2030362.17,2.081903,0.005229
2024-03-01,S&P 500,2046620.96,2.098575,0.008008
2024-03-04,S&P 500,2044178.81,2.096071,-0.001193
2024-03-05,S&P 500,2023342.29,2.074705,-0.010193
2024-03-06,S&P 500,2033744.5,2.085371,0.005141
2024-03-07,S&P 500,2054700.46,2.106859,0.010304
2024-03-08,S&P 500,2041286.31,2.093105,-0.006529
2024-03-11,S&P 500,2038995.5,2.090756,-0.001122
2024-03-12,S&P 500,2061835.9,2.114176,0.011202
2024-03-13,S&P 500,2057867.83,2.110107,-0.001925
2024-03-14,S&P 500,2051959.51,2.104049,-0.002871
2024-03-15,S&P 500,2038656.82,2.090409,-0.006483
2024-03-18,S&P 500,2051537.18,2.103616,0.006318
2024-03-19,S&P 500,2063126.62,2.115499,0.005649
2024-03-20,S&P 500,2081497.06,2.134336,0.008904
2024-03-21,S&P 500,2088233.9,2.141244,0.003237
2024-03-22,S&P 500,2085305.8,2.138242,-0.001402
2024-03-25,S&P 500,2078935.26,2.131709,-0.003055
2024-03-26,S&P 500,2073114.67,2.125741,-0.0028
2024-03-27,S&P 500,2091006.95,2.144088,0.008631
2024-03-28,S&P 500,2093341.53,2.146481,0.001116
2024-04-01,S&P 500,2089126.41,2.142159,-0.002014
2024-04-02,S&P 500,2074003.1,2.126652,-0.007239
2024-04-03,S&P 500,2076266.09,2.128972,0.001091
2024-04-04,S&P 500,2050656.73,2.102713,-0.012334
2024-04-05,S&P 500,2073417.36,2.126051,0.011099
2024-04-08,S&P 500,2072640.6,2.125255,-0.000375
2024-04-09,S&P 500,2075636.58,2.128327,0.001445
2024-04-10,S&P 500,2056007.33,2.108199,-0.009457
2024-04-11,S&P 500,2071313.89,2.123895,0.007445
2024-04-12,S&P 500,2041174.85,2.09299,-0.014551
2024-04-15,S&P 500,2016637.16,2.06783,-0.012021
2024-04-16,S&P 500,2012489.93,2.063577,-0.002057
2024-04-17,S&P 500,2000856.52,2.051649,-0.005781
2024-04-18,S&P 500,1996438.31,2.047118,-0.002208
2024-04-19,S&P 500,1978952.41,2.029188,-0.008759
2024-04-22,S&P 500,1996231.14,2.046906,0.008731
2024-04-23,S&P 500,2020115.2,2.071396,0.011965
2024-04-24,S&P 500,2020545.5,2.071837,0.000213
2024-04-25,S&P 500,2011298.62,2.062356,-0.004576
2024-04-26,S&P 500,2031832.25,2.083411,0.010209
2024-04-29,S&P 500,2038290.32,2.090033,0.003178
2024-04-30,S&P 500,2006226.97,2.057155,-0.015731
2024-05-01,S&P 500,1999334.7,2.050088,-0.003435
2024-05-02,S&P 500,2017585.5,2.068802,0.009128
2024-05-03,S&P 500,2042919.8,2.09478,0.012557
2024-05-06,S&P 500,2064015.24,2.116411,0.010326
2024-05-07,S&P 500,2066788.1,2.119254,0.001343
2024-05-08,S&P 500,2066776.04,2.119242,-6e-06
2024-05-09,S&P 500,2077297.89,2.13003,0.005091
2024-05-10,S&P 500,2080724.18,2.133544,0.001649
2024-05-13,S&P 500,2080222.09,2.133029,-0.000241
2024-05-14,S&P 500,2090285.82,2.143348,0.004838
2024-05-15,S&P 500,2114775.46,2.168459,0.011716
2024-05-16,S&P 500,2110373.2,2.163945,-0.002082
2024-05-17,S&P 500,2112831.3,2.166466,0.001165
2024-05-20,S&P 500,2114767.48,2.168451,0.000916
2024-05-21,S&P 500,2120058.36,2.173876,0.002502
2024-05-22,S&P 500,2114321.22,2.167994,-0.002706
2024-05-23,S&P 500,2098715.86,2.151992,-0.007381
2024-05-24,S&P 500,2113409.06,2.167058,0.007001
2024-05-28,S&P 500,2113934.88,2.167598,0.000249
2024-05-29,S&P 500,2098361.43,2.151629,-0.007367
2024-05-30,S&P 500,2085823.64,2.138773,-0.005975
2024-05-31,S&P 500,2102568.38,2.155942,0.008028
2024-06-03,S&P 500,2104915.02,2.158349,0.001116
2024-06-04,S&P 500,2108078.3,2.161592,0.001503
2024-06-05,S&P 500,2133054.08,2.187202,0.011848
2024-06-06,S&P 500,2132627.86,2.186765,-0.0002
2024-06-07,S&P 500,2130249.51,2.184326,-0.001115
2024-06-10,S&P 500,2135747.37,2.189964,0.002581
2024-06-11,S&P 500,2141536.06,2.195899,0.00271
2024-06-12,S&P 500,2159746.98,2.214573,0.008504
2024-06-13,S&P 500,2164810.85,2.219765,0.002345
2024-06-14,S&P 500,2163958.21,2.218891,-0.000394
2024-06-17,S&P 500,2180543.63,2.235897,0.007664
2024-06-18,S&P 500,2186041.49,2.241535,0.002521
2024-06-20,S&P 500,2180519.7,2.235873,-0.002526
2024-06-21,S&P 500,2177113.44,2.23238,-0.001562
2024-06-24,S&P 500,2170440.22,2.225537,-0.003065
2024-06-25,S&P 500,2178977.84,2.234292,0.003934
2024-06-26,S&P 500,2182404.13,2.237805,0.001572
2024-06-27,S&P 500,2184384.27,2.239835,0.000907
2024-06-28,S&P 500,2175464.01,2.230689,-0.004084
2024-07-01,S&P 500,2181284.6,2.236657,0.002676
2024-07-02,S&P 500,2194798.35,2.250514,0.006195
2024-07-03,S&P 500,2205957.68,2.261956,0.005084
2024-07-05,S&P 500,2217977.43,2.274281,0.005449
2024-07-08,S&P 500,2220232.44,2.276593,0.001017
2024-07-09,S&P 500,2221877.79,2.278281,0.000741
2024-07-10,S&P 500,2244558.87,2.301537,0.010208
2024-07-11,S&P 500,2224889.73,2.281369,-0.008763
2024-07-12,S&P 500,2237164.51,2.293955,0.005517
2024-07-15,S&P 500,2243487.19,2.300439,0.002826
2024-07-16,S&P 500,2257821.67,2.315137,0.006389
2024-07-17,S&P 500,2226375.76,2.282893,-0.013928
2024-07-18,S&P 500,2208973.51,2.265049,-0.007816
2024-07-19,S&P 500,2193200.85,2.248876,-0.00714
2024-07-22,S&P 500,2216869.95,2.273146,0.010792
2024-07-23,S&P 500,2213415.84,2.269604,-0.001558
2024-07-24,S&P 500,2162177.27,2.217065,-0.023149
2024-07-25,S&P 500,2151058.02,2.205663,-0.005143
2024-07-26,S&P 500,2174914.26,2.230125,0.01109
2024-07-29,S&P 500,2176683.14,2.231939,0.000813
2024-07-30,S&P 500,2165886.41,2.220868,-0.00496
2024-07-31,S&P 500,2200093.12,2.255943,0.015793
2024-08-01,S&P 500,2169966.14,2.225051,-0.013694
2024-08-02,S&P 500,2130078.13,2.184151,-0.018382
2024-08-05,S&P 500,2066242.24,2.118694,-0.029969
2024-08-06,S&P 500,2087636.29,2.140631,0.010354
2024-08-07,S&P 500,2071489.16,2.124074,-0.007735
2024-08-08,S&P 500,2119221.68,2.173019,0.023043
2024-08-09,S&P 500,2129122.0,2.18317,0.004672
2024-08-12,S&P 500,2129213.62,2.183264,4.3e-05
2024-08-13,S&P 500,2165085.72,2.220047,0.016848
2024-08-14,S&P 500,2173364.42,2.228536,0.003824
2024-08-15,S&P 500,2208427.85,2.264489,0.016133
2024-08-16,S&P 500,2212822.13,2.268995,0.00199
2024-08-19,S&P 500,2234335.82,2.291055,0.009722
2024-08-20,S&P 500,2229901.66,2.286508,-0.001985
2024-08-21,S&P 500,2239355.72,2.296202,0.00424
2024-08-22,S&P 500,2219351.99,2.275691,-0.008933
2024-08-23,S&P 500,2244837.63,2.301823,0.011483
2024-08-26,S&P 500,2237758.03,2.294564,-0.003154
2024-08-27,S&P 500,2241327.69,2.298224,0.001595
2024-08-28,S&P 500,2227933.57,2.28449,-0.005976
2024-08-29,S&P 500,2227845.84,2.2844,-3.9e-05
2024-08-30,S&P 500,2250331.6,2.307457,0.010093
2024-09-03,S&P 500,2202734.67,2.258651,-0.021151
2024-09-04,S&P 500,2199204.69,2.255032,-0.001603
2024-09-05,S&P 500,2192567.46,2.248226,-0.003018
2024-09-06,S&P 500,2154723.19,2.209421,-0.01726
2024-09-09,S&P 500,2179675.04,2.235006,0.01158
2024-09-10,S&P 500,2189424.01,2.245003,0.004473
2024-09-11,S&P 500,2212774.28,2.268946,0.010665
2024-09-12,S&P 500,2229359.69,2.285952,0.007495
2024-09-13,S&P 500,2241415.42,2.298314,0.005408
2024-09-16,S&P 500,2244232.05,2.301202,0.001257
2024-09-17,S&P 500,2244825.76,2.301811,0.000265
2024-09-18,S&P 500,2238323.73,2.295144,-0.002896
2024-09-19,S&P 500,2276323.42,2.334108,0.016977
2024-09-20,S&P 500,2271905.01,2.329578,-0.001941
2024-09-23,S&P 500,2278287.41,2.336122,0.002809
2024-09-24,S&P 500,2284008.6,2.341989,0.002511
2024-09-25,S&P 500,2279757.49,2.33763,-0.001861
2024-09-26,S&P 500,2288964.69,2.34707,0.004039
2024-09-27,S&P 500,2286096.12,2.344129,-0.001253
2024-09-30,S&P 500,2295781.29,2.35406,0.004237
2024-10-01,S&P 500,2274375.18,2.332111,-0.009324
2024-10-02,S&P 500,2274689.93,2.332433,0.000138
2024-10-03,S&P 500,2270865.24,2.328512,-0.001681
2024-10-04,S&P 500,2291235.47,2.349399,0.00897
2024-10-07,S&P 500,2269271.63,2.326878,-0.009586
2024-10-08,S&P 500,2291259.39,2.349423,0.009689
2024-10-09,S&P 500,2307558.07,2.366136,0.007113
2024-10-10,S&P 500,2302781.14,2.361238,-0.00207
2024-10-11,S&P 500,2316717.22,2.375528,0.006052
2024-10-14,S&P 500,2334573.7,2.393837,0.007708
2024-10-15,S&P 500,2316808.84,2.375621,-0.007609
2024-10-16,S&P 500,2327649.53,2.386737,0.004679
2024-10-17,S&P 500,2327251.13,2.386329,-0.000171
2024-10-18,S&P 500,2336493.93,2.395806,0.003972
2024-10-21,S&P 500,2332235.04,2.391439,-0.001823
2024-10-22,S&P 500,2331127.57,2.390304,-0.000475
2024-10-23,S&P 500,2309701.42,2.368334,-0.009191
2024-10-24,S&P 500,2314657.51,2.373416,0.002146
2024-10-25,S&P 500,2313964.39,2.372705,-0.000299
2024-10-28,S&P 500,2320099.74,2.378996,0.002651
2024-10-29,S&P 500,2323844.68,2.382836,0.001614
2024-10-30,S&P 500,2316175.45,2.374972,-0.0033
2024-10-31,S&P 500,2273060.53,2.330763,-0.018615
2024-11-01,S&P 500,2282363.05,2.340301,0.004093
2024-11-04,S&P 500,2275944.86,2.33372,-0.002812
2024-11-05,S&P 500,2303860.79,2.362345,0.012266
2024-11-06,S&P 500,2362139.09,2.422102,0.025296
2024-11-07,S&P 500,2379692.68,2.440102,0.007431
2024-11-08,S&P 500,2388632.79,2.449269,0.003757
2024-11-11,S&P 500,2390947.53,2.451642,0.000969
2024-11-12,S&P 500,2384031.33,2.44455,-0.002893
2024-11-13,S&P 500,2384584.97,2.445118,0.000232
2024-11-14,S&P 500,2370158.86,2.430326,-0.00605
2024-11-15,S&P 500,2338864.5,2.398237,-0.013203
2024-11-18,S&P 500,2348027.73,2.407633,0.003918
2024-11-19,S&P 500,2357334.34,2.417176,0.003964
2024-11-20,S&P 500,2357386.08,2.417229,2.2e-05
2024-11-21,S&P 500,2369975.61,2.430138,0.00534
2024-11-22,S&P 500,2378194.59,2.438566,0.003468
2024-11-25,S&P 500,2385377.88,2.445931,0.00302
2024-11-26,S&P 500,2399027.03,2.459927,0.005722
2024-11-27,S&P 500,2389907.76,2.450576,-0.003801
2024-11-29,S&P 500,2403309.85,2.464318,0.005608
2024-12-02,S&P 500,2409194.25,2.470352,0.002448
2024-12-03,S&P 500,2410281.87,2.471467,0.000451
2024-12-04,S&P 500,2424867.5,2.486423,0.006051
2024-12-05,S&P 500,2420333.54,2.481774,-0.00187
2024-12-06,S&P 500,2426373.37,2.487967,0.002495
2024-12-09,S&P 500,2411465.21,2.472681,-0.006144
2024-12-10,S&P 500,2404317.91,2.465352,-0.002964
2024-12-11,S&P 500,2423951.06,2.485484,0.008166
2024-12-12,S&P 500,2410827.73,2.472027,-0.005414
2024-12-13,S&P 500,2410763.92,2.471962,-2.6e-05
2024-12-16,S&P 500,2419923.27,2.481353,0.003799
2024-12-17,S&P 500,2410572.7,2.471766,-0.003864
2024-12-18,S&P 500,2339478.05,2.398866,-0.029493
2024-12-19,S&P 500,2337454.14,2.396791,-0.000865
2024-12-20,S&P 500,2362860.22,2.422842,0.010869
2024-12-23,S&P 500,2380079.02,2.440498,0.007287
2024-12-24,S&P 500,2406361.66,2.467448,0.011043
2024-12-26,S&P 500,2405385.5,2.466447,-0.000406
2024-12-27,S&P 500,2378792.2,2.439178,-0.011056
2024-12-30,S&P 500,2353334.37,2.413074,-0.010702
